date,Value_sc,fwi,fwi_effis_class_id,fwi_effis_class,fwi_range,fwi_color,fwi_class_fraction,fwi_classified_pixels,fwi_modal_fraction,source,source_wms,source_layer,model_run,source_status,aggregation,retrieved_at_utc,method_note
2026-08-31,АДА,,3,HIGH,21.3–<38.0,ORANGE,1.0000,1197,1.0000,EFFIS / Météo-France categorical FWI,https://maps.effis.emergency.copernicus.eu/effis,mf010.fwi,EFFIS Météo-France valid 2026-08-31,AVAILABLE,guarded maximum published EFFIS class,2026-08-28T17:21:07.772280Z,Official deterministic EFFIS WMS category only; numeric FWI intentionally not inferred from display colours; PNG map georeferenced from WMS request BBOX; active 5-colour style merges Extreme and Very Extreme as FWI >=50
2026-08-31,КИКИНДА,,3,HIGH,21.3–<38.0,ORANGE,1.0000,4160,1.0000,EFFIS / Météo-France categorical FWI,https://maps.effis.emergency.copernicus.eu/effis,mf010.fwi,EFFIS Météo-France valid 2026-08-31,AVAILABLE,guarded maximum published EFFIS class,2026-08-28T17:21:07.772280Z,Official deterministic EFFIS WMS category only; numeric FWI intentionally not inferred from display colours; PNG map georeferenced from WMS request BBOX; active 5-colour style merges Extreme and Very Extreme as FWI >=50
2026-08-31,СЕНТА,,3,HIGH,21.3–<38.0,ORANGE,1.0000,1576,1.0000,EFFIS / Météo-France categorical FWI,https://maps.effis.emergency.copernicus.eu/effis,mf010.fwi,EFFIS Météo-France valid 2026-08-31,AVAILABLE,guarded maximum published EFFIS class,2026-08-28T17:21:07.772280Z,Official deterministic EFFIS WMS category only; numeric FWI intentionally not inferred from display colours; PNG map georeferenced from WMS request BBOX; active 5-colour style merges Extreme and Very Extreme as FWI >=50
2026-08-31,ЧОКА,,3,HIGH,21.3–<38.0,ORANGE,1.0000,1706,1.0000,EFFIS / Météo-France categorical FWI,https://maps.effis.emergency.copernicus.eu/effis,mf010.fwi,EFFIS Météo-France valid 2026-08-31,AVAILABLE,guarded maximum published EFFIS class,2026-08-28T17:21:07.772280Z,Official deterministic EFFIS WMS category only; numeric FWI intentionally not inferred from display colours; PNG map georeferenced from WMS request BBOX; active 5-colour style merges Extreme and Very Extreme as FWI >=50
2026-08-31,НОВИ КНЕЖЕВАЦ,,3,HIGH,21.3–<38.0,ORANGE,1.0000,1636,1.0000,EFFIS / Météo-France categorical FWI,https://maps.effis.emergency.copernicus.eu/effis,mf010.fwi,EFFIS Météo-France valid 2026-08-31,AVAILABLE,guarded maximum published EFFIS class,2026-08-28T17:21:07.772280Z,Official deterministic EFFIS WMS category only; numeric FWI intentionally not inferred from display colours; PNG map georeferenced from WMS request BBOX; active 5-colour style merges Extreme and Very Extreme as FWI >=50
2026-08-31,КАЊИЖА,,3,HIGH,21.3–<38.0,ORANGE,1.0000,2129,1.0000,EFFIS / Météo-France categorical FWI,https://maps.effis.emergency.copernicus.eu/effis,mf010.fwi,EFFIS Météo-France valid 2026-08-31,AVAILABLE,guarded maximum published EFFIS class,2026-08-28T17:21:07.772280Z,Official deterministic EFFIS WMS category only; numeric FWI intentionally not inferred from display colours; PNG map georeferenced from WMS request BBOX; active 5-colour style merges Extreme and Very Extreme as FWI >=50
2026-08-31,ЖАБАРИ,,3,HIGH,21.3–<38.0,ORANGE,1.0000,1369,1.0000,EFFIS / Météo-France categorical FWI,https://maps.effis.emergency.copernicus.eu/effis,mf010.fwi,EFFIS Météo-France valid 2026-08-31,AVAILABLE,guarded maximum published EFFIS class,2026-08-28T17:21:07.772280Z,Official deterministic EFFIS WMS category only; numeric FWI intentionally not inferred from display colours; PNG map georeferenced from WMS request BBOX; active 5-colour style merges Extreme and Very Extreme as FWI >=50
2026-08-31,ЖАГУБИЦА,,5,EXTREME_OR_VERY_EXTREME,≥50.0 (WMS merged),PURPLE,0.1337,3934,0.6121,EFFIS / Météo-France categorical FWI,https://maps.effis.emergency.copernicus.eu/effis,mf010.fwi,EFFIS Météo-France valid 2026-08-31,AVAILABLE,guarded maximum published EFFIS class,2026-08-28T17:21:07.772280Z,Official deterministic EFFIS WMS category only; numeric FWI intentionally not inferred from display colours; PNG map georeferenced from WMS request BBOX; active 5-colour style merges Extreme and Very Extreme as FWI >=50
2026-08-31,ПЕТРОВАЦ НА МЛАВИ,,5,EXTREME_OR_VERY_EXTREME,≥50.0 (WMS merged),PURPLE,0.2689,3407,0.5600,EFFIS / Météo-France categorical FWI,https://maps.effis.emergency.copernicus.eu/effis,mf010.fwi,EFFIS Météo-France valid 2026-08-31,AVAILABLE,guarded maximum published EFFIS class,2026-08-28T17:21:07.772280Z,Official deterministic EFFIS WMS category only; numeric FWI intentionally not inferred from display colours; PNG map georeferenced from WMS request BBOX; active 5-colour style merges Extreme and Very Extreme as FWI >=50
2026-08-31,КУЧЕВО,,4,VERY_HIGH,38.0–<50.0,RED,0.7782,3751,0.7782,EFFIS / Météo-France categorical FWI,https://maps.effis.emergency.copernicus.eu/effis,mf010.fwi,EFFIS Météo-France valid 2026-08-31,AVAILABLE,guarded maximum published EFFIS class,2026-08-28T17:21:07.772280Z,Official deterministic EFFIS WMS category only; numeric FWI intentionally not inferred from display colours; PNG map georeferenced from WMS request BBOX; active 5-colour style merges Extreme and Very Extreme as FWI >=50
2026-08-31,МАЛО ЦРНИЋЕ,,4,VERY_HIGH,38.0–<50.0,RED,0.2667,1406,0.7333,EFFIS / Météo-France categorical FWI,https://maps.effis.emergency.copernicus.eu/effis,mf010.fwi,EFFIS Météo-France valid 2026-08-31,AVAILABLE,guarded maximum published EFFIS class,2026-08-28T17:21:07.772280Z,Official deterministic EFFIS WMS category only; numeric FWI intentionally not inferred from display colours; PNG map georeferenced from WMS request BBOX; active 5-colour style merges Extreme and Very Extreme as FWI >=50
2026-08-31,ГОЛУБАЦ,,4,VERY_HIGH,38.0–<50.0,RED,0.2833,1920,0.7167,EFFIS / Météo-France categorical FWI,https://maps.effis.emergency.copernicus.eu/effis,mf010.fwi,EFFIS Météo-France valid 2026-08-31,AVAILABLE,guarded maximum published EFFIS class,2026-08-28T17:21:07.772280Z,Official deterministic EFFIS WMS category only; numeric FWI intentionally not inferred from display colours; PNG map georeferenced from WMS request BBOX; active 5-colour style merges Extreme and Very Extreme as FWI >=50
2026-08-31,ПОЖАРЕВАЦ-ГРАД,,3,HIGH,21.3–<38.0,ORANGE,0.9956,2513,0.9956,EFFIS / Météo-France categorical FWI,https://maps.effis.emergency.copernicus.eu/effis,mf010.fwi,EFFIS Météo-France valid 2026-08-31,AVAILABLE,guarded maximum published EFFIS class,2026-08-28T17:21:07.772280Z,Official deterministic EFFIS WMS category only; numeric FWI intentionally not inferred from display colours; PNG map georeferenced from WMS request BBOX; active 5-colour style merges Extreme and Very Extreme as FWI >=50
2026-08-31,ВЕЛИКО ГРАДИШТЕ,,4,VERY_HIGH,38.0–<50.0,RED,0.5799,1797,0.5799,EFFIS / Météo-France categorical FWI,https://maps.effis.emergency.copernicus.eu/effis,mf010.fwi,EFFIS Météo-France valid 2026-08-31,AVAILABLE,guarded maximum published EFFIS class,2026-08-28T17:21:07.772280Z,Official deterministic EFFIS WMS category only; numeric FWI intentionally not inferred from display colours; PNG map georeferenced from WMS request BBOX; active 5-colour style merges Extreme and Very Extreme as FWI >=50
2026-08-31,КЊАЖЕВАЦ,,5,EXTREME_OR_VERY_EXTREME,≥50.0 (WMS merged),PURPLE,0.0314,6153,0.5503,EFFIS / Météo-France categorical FWI,https://maps.effis.emergency.copernicus.eu/effis,mf010.fwi,EFFIS Météo-France valid 2026-08-31,AVAILABLE,guarded maximum published EFFIS class,2026-08-28T17:21:07.772280Z,Official deterministic EFFIS WMS category only; numeric FWI intentionally not inferred from display colours; PNG map georeferenced from WMS request BBOX; active 5-colour style merges Extreme and Very Extreme as FWI >=50
2026-08-31,СОКОБАЊА,,4,VERY_HIGH,38.0–<50.0,RED,0.5987,2691,0.5987,EFFIS / Météo-France categorical FWI,https://maps.effis.emergency.copernicus.eu/effis,mf010.fwi,EFFIS Météo-France valid 2026-08-31,AVAILABLE,guarded maximum published EFFIS class,2026-08-28T17:21:07.772280Z,Official deterministic EFFIS WMS category only; numeric FWI intentionally not inferred from display colours; PNG map georeferenced from WMS request BBOX; active 5-colour style merges Extreme and Very Extreme as FWI >=50
2026-08-31,БОЉЕВАЦ,,4,VERY_HIGH,38.0–<50.0,RED,0.6892,4266,0.6892,EFFIS / Météo-France categorical FWI,https://maps.effis.emergency.copernicus.eu/effis,mf010.fwi,EFFIS Météo-France valid 2026-08-31,AVAILABLE,guarded maximum published EFFIS class,2026-08-28T17:21:07.772280Z,Official deterministic EFFIS WMS category only; numeric FWI intentionally not inferred from display colours; PNG map georeferenced from WMS request BBOX; active 5-colour style merges Extreme and Very Extreme as FWI >=50
2026-08-31,ЗАЈЕЧАР-ГРАД,,5,EXTREME_OR_VERY_EXTREME,≥50.0 (WMS merged),PURPLE,0.0450,5511,0.9472,EFFIS / Météo-France categorical FWI,https://maps.effis.emergency.copernicus.eu/effis,mf010.fwi,EFFIS Météo-France valid 2026-08-31,AVAILABLE,guarded maximum published EFFIS class,2026-08-28T17:21:07.772280Z,Official deterministic EFFIS WMS category only; numeric FWI intentionally not inferred from display colours; PNG map georeferenced from WMS request BBOX; active 5-colour style merges Extreme and Very Extreme as FWI >=50
2026-08-31,БОР,,4,VERY_HIGH,38.0–<50.0,RED,0.6110,4424,0.6110,EFFIS / Météo-France categorical FWI,https://maps.effis.emergency.copernicus.eu/effis,mf010.fwi,EFFIS Météo-France valid 2026-08-31,AVAILABLE,guarded maximum published EFFIS class,2026-08-28T17:21:07.772280Z,Official deterministic EFFIS WMS category only; numeric FWI intentionally not inferred from display colours; PNG map georeferenced from WMS request BBOX; active 5-colour style merges Extreme and Very Extreme as FWI >=50
2026-08-31,НЕГОТИН,,4,VERY_HIGH,38.0–<50.0,RED,0.9252,5640,0.9252,EFFIS / Météo-France categorical FWI,https://maps.effis.emergency.copernicus.eu/effis,mf010.fwi,EFFIS Météo-France valid 2026-08-31,AVAILABLE,guarded maximum published EFFIS class,2026-08-28T17:21:07.772280Z,Official deterministic EFFIS WMS category only; numeric FWI intentionally not inferred from display colours; PNG map georeferenced from WMS request BBOX; active 5-colour style merges Extreme and Very Extreme as FWI >=50
2026-08-31,МАЈДАНПЕК,,4,VERY_HIGH,38.0–<50.0,RED,0.5636,4824,0.5636,EFFIS / Météo-France categorical FWI,https://maps.effis.emergency.copernicus.eu/effis,mf010.fwi,EFFIS Météo-France valid 2026-08-31,AVAILABLE,guarded maximum published EFFIS class,2026-08-28T17:21:07.772280Z,Official deterministic EFFIS WMS category only; numeric FWI intentionally not inferred from display colours; PNG map georeferenced from WMS request BBOX; active 5-colour style merges Extreme and Very Extreme as FWI >=50
2026-08-31,КЛАДОВО,,4,VERY_HIGH,38.0–<50.0,RED,0.0195,3274,0.9805,EFFIS / Météo-France categorical FWI,https://maps.effis.emergency.copernicus.eu/effis,mf010.fwi,EFFIS Météo-France valid 2026-08-31,AVAILABLE,guarded maximum published EFFIS class,2026-08-28T17:21:07.772280Z,Official deterministic EFFIS WMS category only; numeric FWI intentionally not inferred from display colours; PNG map georeferenced from WMS request BBOX; active 5-colour style merges Extreme and Very Extreme as FWI >=50
2026-08-31,КОВИН,,3,HIGH,21.3–<38.0,ORANGE,1.0000,3866,1.0000,EFFIS / Météo-France categorical FWI,https://maps.effis.emergency.copernicus.eu/effis,mf010.fwi,EFFIS Météo-France valid 2026-08-31,AVAILABLE,guarded maximum published EFFIS class,2026-08-28T17:21:07.772280Z,Official deterministic EFFIS WMS category only; numeric FWI intentionally not inferred from display colours; PNG map georeferenced from WMS request BBOX; active 5-colour style merges Extreme and Very Extreme as FWI >=50
2026-08-31,БЕЛА ЦРКВА,,3,HIGH,21.3–<38.0,ORANGE,1.0000,1843,1.0000,EFFIS / Météo-France categorical FWI,https://maps.effis.emergency.copernicus.eu/effis,mf010.fwi,EFFIS Météo-France valid 2026-08-31,AVAILABLE,guarded maximum published EFFIS class,2026-08-28T17:21:07.772280Z,Official deterministic EFFIS WMS category only; numeric FWI intentionally not inferred from display colours; PNG map georeferenced from WMS request BBOX; active 5-colour style merges Extreme and Very Extreme as FWI >=50
2026-08-31,ОПОВО,,3,HIGH,21.3–<38.0,ORANGE,0.4644,1066,0.5356,EFFIS / Météo-France categorical FWI,https://maps.effis.emergency.copernicus.eu/effis,mf010.fwi,EFFIS Météo-France valid 2026-08-31,AVAILABLE,guarded maximum published EFFIS class,2026-08-28T17:21:07.772280Z,Official deterministic EFFIS WMS category only; numeric FWI intentionally not inferred from display colours; PNG map georeferenced from WMS request BBOX; active 5-colour style merges Extreme and Very Extreme as FWI >=50
2026-08-31,КОВАЧИЦА,,3,HIGH,21.3–<38.0,ORANGE,0.1155,2207,0.8845,EFFIS / Météo-France categorical FWI,https://maps.effis.emergency.copernicus.eu/effis,mf010.fwi,EFFIS Météo-France valid 2026-08-31,AVAILABLE,guarded maximum published EFFIS class,2026-08-28T17:21:07.772280Z,Official deterministic EFFIS WMS category only; numeric FWI intentionally not inferred from display colours; PNG map georeferenced from WMS request BBOX; active 5-colour style merges Extreme and Very Extreme as FWI >=50
2026-08-31,ВРШАЦ,,3,HIGH,21.3–<38.0,ORANGE,0.9490,4180,0.9490,EFFIS / Météo-France categorical FWI,https://maps.effis.emergency.copernicus.eu/effis,mf010.fwi,EFFIS Météo-France valid 2026-08-31,AVAILABLE,guarded maximum published EFFIS class,2026-08-28T17:21:07.772280Z,Official deterministic EFFIS WMS category only; numeric FWI intentionally not inferred from display colours; PNG map georeferenced from WMS request BBOX; active 5-colour style merges Extreme and Very Extreme as FWI >=50
2026-08-31,АЛИБУНАР,,3,HIGH,21.3–<38.0,ORANGE,0.6413,3139,0.6413,EFFIS / Météo-France categorical FWI,https://maps.effis.emergency.copernicus.eu/effis,mf010.fwi,EFFIS Météo-France valid 2026-08-31,AVAILABLE,guarded maximum published EFFIS class,2026-08-28T17:21:07.772280Z,Official deterministic EFFIS WMS category only; numeric FWI intentionally not inferred from display colours; PNG map georeferenced from WMS request BBOX; active 5-colour style merges Extreme and Very Extreme as FWI >=50
2026-08-31,ПЛАНДИШТЕ,,3,HIGH,21.3–<38.0,ORANGE,0.4374,2021,0.5626,EFFIS / Météo-France categorical FWI,https://maps.effis.emergency.copernicus.eu/effis,mf010.fwi,EFFIS Météo-France valid 2026-08-31,AVAILABLE,guarded maximum published EFFIS class,2026-08-28T17:21:07.772280Z,Official deterministic EFFIS WMS category only; numeric FWI intentionally not inferred from display colours; PNG map georeferenced from WMS request BBOX; active 5-colour style merges Extreme and Very Extreme as FWI >=50
2026-08-31,ПАНЧЕВО-ГРАД,,3,HIGH,21.3–<38.0,ORANGE,0.8374,3960,0.8374,EFFIS / Météo-France categorical FWI,https://maps.effis.emergency.copernicus.eu/effis,mf010.fwi,EFFIS Météo-France valid 2026-08-31,AVAILABLE,guarded maximum published EFFIS class,2026-08-28T17:21:07.772280Z,Official deterministic EFFIS WMS category only; numeric FWI intentionally not inferred from display colours; PNG map georeferenced from WMS request BBOX; active 5-colour style merges Extreme and Very Extreme as FWI >=50
2026-08-31,ШАБАЦ-ГРАД,,4,VERY_HIGH,38.0–<50.0,RED,0.8571,4156,0.8571,EFFIS / Météo-France categorical FWI,https://maps.effis.emergency.copernicus.eu/effis,mf010.fwi,EFFIS Météo-France valid 2026-08-31,AVAILABLE,guarded maximum published EFFIS class,2026-08-28T17:21:07.772280Z,Official deterministic EFFIS WMS category only; numeric FWI intentionally not inferred from display colours; PNG map georeferenced from WMS request BBOX; active 5-colour style merges Extreme and Very Extreme as FWI >=50
2026-08-31,БОГАТИЋ,,4,VERY_HIGH,38.0–<50.0,RED,0.9856,2008,0.9856,EFFIS / Météo-France categorical FWI,https://maps.effis.emergency.copernicus.eu/effis,mf010.fwi,EFFIS Météo-France valid 2026-08-31,AVAILABLE,guarded maximum published EFFIS class,2026-08-28T17:21:07.772280Z,Official deterministic EFFIS WMS category only; numeric FWI intentionally not inferred from display colours; PNG map georeferenced from WMS request BBOX; active 5-colour style merges Extreme and Very Extreme as FWI >=50
2026-08-31,ЉУБОВИЈА,,4,VERY_HIGH,38.0–<50.0,RED,0.0141,1839,0.4481,EFFIS / Météo-France categorical FWI,https://maps.effis.emergency.copernicus.eu/effis,mf010.fwi,EFFIS Météo-France valid 2026-08-31,AVAILABLE,guarded maximum published EFFIS class,2026-08-28T17:21:07.772280Z,Official deterministic EFFIS WMS category only; numeric FWI intentionally not inferred from display colours; PNG map georeferenced from WMS request BBOX; active 5-colour style merges Extreme and Very Extreme as FWI >=50
2026-08-31,КРУПАЊ,,4,VERY_HIGH,38.0–<50.0,RED,0.5937,1777,0.5937,EFFIS / Météo-France categorical FWI,https://maps.effis.emergency.copernicus.eu/effis,mf010.fwi,EFFIS Météo-France valid 2026-08-31,AVAILABLE,guarded maximum published EFFIS class,2026-08-28T17:21:07.772280Z,Official deterministic EFFIS WMS category only; numeric FWI intentionally not inferred from display colours; PNG map georeferenced from WMS request BBOX; active 5-colour style merges Extreme and Very Extreme as FWI >=50
2026-08-31,МАЛИ ЗВОРНИК,,4,VERY_HIGH,38.0–<50.0,RED,0.1328,956,0.8368,EFFIS / Météo-France categorical FWI,https://maps.effis.emergency.copernicus.eu/effis,mf010.fwi,EFFIS Météo-France valid 2026-08-31,AVAILABLE,guarded maximum published EFFIS class,2026-08-28T17:21:07.772280Z,Official deterministic EFFIS WMS category only; numeric FWI intentionally not inferred from display colours; PNG map georeferenced from WMS request BBOX; active 5-colour style merges Extreme and Very Extreme as FWI >=50
2026-08-31,КОЦЕЉЕВА,,4,VERY_HIGH,38.0–<50.0,RED,0.8945,1337,0.8945,EFFIS / Météo-France categorical FWI,https://maps.effis.emergency.copernicus.eu/effis,mf010.fwi,EFFIS Météo-France valid 2026-08-31,AVAILABLE,guarded maximum published EFFIS class,2026-08-28T17:21:07.772280Z,Official deterministic EFFIS WMS category only; numeric FWI intentionally not inferred from display colours; PNG map georeferenced from WMS request BBOX; active 5-colour style merges Extreme and Very Extreme as FWI >=50
2026-08-31,ЛОЗНИЦА-ГРАД,,4,VERY_HIGH,38.0–<50.0,RED,0.6425,3183,0.6425,EFFIS / Météo-France categorical FWI,https://maps.effis.emergency.copernicus.eu/effis,mf010.fwi,EFFIS Météo-France valid 2026-08-31,AVAILABLE,guarded maximum published EFFIS class,2026-08-28T17:21:07.772280Z,Official deterministic EFFIS WMS category only; numeric FWI intentionally not inferred from display colours; PNG map georeferenced from WMS request BBOX; active 5-colour style merges Extreme and Very Extreme as FWI >=50
2026-08-31,ВЛАДИМИРЦИ,,4,VERY_HIGH,38.0–<50.0,RED,0.7937,1764,0.7937,EFFIS / Météo-France categorical FWI,https://maps.effis.emergency.copernicus.eu/effis,mf010.fwi,EFFIS Météo-France valid 2026-08-31,AVAILABLE,guarded maximum published EFFIS class,2026-08-28T17:21:07.772280Z,Official deterministic EFFIS WMS category only; numeric FWI intentionally not inferred from display colours; PNG map georeferenced from WMS request BBOX; active 5-colour style merges Extreme and Very Extreme as FWI >=50
2026-08-31,БЕОГРАД-НОВИ БЕОГРАД,,5,EXTREME_OR_VERY_EXTREME,≥50.0 (WMS merged),PURPLE,0.2170,212,0.7830,EFFIS / Météo-France categorical FWI,https://maps.effis.emergency.copernicus.eu/effis,mf010.fwi,EFFIS Météo-France valid 2026-08-31,AVAILABLE,guarded maximum published EFFIS class,2026-08-28T17:21:07.772280Z,Official deterministic EFFIS WMS category only; numeric FWI intentionally not inferred from display colours; PNG map georeferenced from WMS request BBOX; active 5-colour style merges Extreme and Very Extreme as FWI >=50
2026-08-31,БЕОГРАД-СУРЧИН,,5,EXTREME_OR_VERY_EXTREME,≥50.0 (WMS merged),PURPLE,0.5153,1502,0.5153,EFFIS / Météo-France categorical FWI,https://maps.effis.emergency.copernicus.eu/effis,mf010.fwi,EFFIS Météo-France valid 2026-08-31,AVAILABLE,guarded maximum published EFFIS class,2026-08-28T17:21:07.772280Z,Official deterministic EFFIS WMS category only; numeric FWI intentionally not inferred from display colours; PNG map georeferenced from WMS request BBOX; active 5-colour style merges Extreme and Very Extreme as FWI >=50
2026-08-31,БЕОГРАД-ЗЕМУН,,5,EXTREME_OR_VERY_EXTREME,≥50.0 (WMS merged),PURPLE,0.1255,781,0.8079,EFFIS / Météo-France categorical FWI,https://maps.effis.emergency.copernicus.eu/effis,mf010.fwi,EFFIS Météo-France valid 2026-08-31,AVAILABLE,guarded maximum published EFFIS class,2026-08-28T17:21:07.772280Z,Official deterministic EFFIS WMS category only; numeric FWI intentionally not inferred from display colours; PNG map georeferenced from WMS request BBOX; active 5-colour style merges Extreme and Very Extreme as FWI >=50
2026-08-31,БЕОГРАД-ПАЛИЛУЛА,,4,VERY_HIGH,38.0–<50.0,RED,0.0330,2361,0.9670,EFFIS / Météo-France categorical FWI,https://maps.effis.emergency.copernicus.eu/effis,mf010.fwi,EFFIS Météo-France valid 2026-08-31,AVAILABLE,guarded maximum published EFFIS class,2026-08-28T17:21:07.772280Z,Official deterministic EFFIS WMS category only; numeric FWI intentionally not inferred from display colours; PNG map georeferenced from WMS request BBOX; active 5-colour style merges Extreme and Very Extreme as FWI >=50
2026-08-31,БЕОГРАД-МЛАДЕНОВАЦ,,3,HIGH,21.3–<38.0,ORANGE,0.9994,1755,0.9994,EFFIS / Météo-France categorical FWI,https://maps.effis.emergency.copernicus.eu/effis,mf010.fwi,EFFIS Météo-France valid 2026-08-31,AVAILABLE,guarded maximum published EFFIS class,2026-08-28T17:21:07.772280Z,Official deterministic EFFIS WMS category only; numeric FWI intentionally not inferred from display colours; PNG map georeferenced from WMS request BBOX; active 5-colour style merges Extreme and Very Extreme as FWI >=50
2026-08-31,БЕОГРАД-ЛАЗАРЕВАЦ,,3,HIGH,21.3–<38.0,ORANGE,1.0000,1993,1.0000,EFFIS / Météo-France categorical FWI,https://maps.effis.emergency.copernicus.eu/effis,mf010.fwi,EFFIS Météo-France valid 2026-08-31,AVAILABLE,guarded maximum published EFFIS class,2026-08-28T17:21:07.772280Z,Official deterministic EFFIS WMS category only; numeric FWI intentionally not inferred from display colours; PNG map georeferenced from WMS request BBOX; active 5-colour style merges Extreme and Very Extreme as FWI >=50
2026-08-31,БЕОГРАД-БАРАЈЕВО,,3,HIGH,21.3–<38.0,ORANGE,0.9982,1117,0.9982,EFFIS / Météo-France categorical FWI,https://maps.effis.emergency.copernicus.eu/effis,mf010.fwi,EFFIS Météo-France valid 2026-08-31,AVAILABLE,guarded maximum published EFFIS class,2026-08-28T17:21:07.772280Z,Official deterministic EFFIS WMS category only; numeric FWI intentionally not inferred from display colours; PNG map georeferenced from WMS request BBOX; active 5-colour style merges Extreme and Very Extreme as FWI >=50
2026-08-31,БЕОГРАД-ОБРЕНОВАЦ,,4,VERY_HIGH,38.0–<50.0,RED,0.0951,2144,0.9049,EFFIS / Météo-France categorical FWI,https://maps.effis.emergency.copernicus.eu/effis,mf010.fwi,EFFIS Météo-France valid 2026-08-31,AVAILABLE,guarded maximum published EFFIS class,2026-08-28T17:21:07.772280Z,Official deterministic EFFIS WMS category only; numeric FWI intentionally not inferred from display colours; PNG map georeferenced from WMS request BBOX; active 5-colour style merges Extreme and Very Extreme as FWI >=50
2026-08-31,БЕОГРАД-РАКОВИЦА,,4,VERY_HIGH,38.0–<50.0,RED,0.9679,156,0.9679,EFFIS / Météo-France categorical FWI,https://maps.effis.emergency.copernicus.eu/effis,mf010.fwi,EFFIS Météo-France valid 2026-08-31,AVAILABLE,guarded maximum published EFFIS class,2026-08-28T17:21:07.772280Z,Official deterministic EFFIS WMS category only; numeric FWI intentionally not inferred from display colours; PNG map georeferenced from WMS request BBOX; active 5-colour style merges Extreme and Very Extreme as FWI >=50
2026-08-31,БЕОГРАД-ВОЖДОВАЦ,,4,VERY_HIGH,38.0–<50.0,RED,0.5116,774,0.5116,EFFIS / Météo-France categorical FWI,https://maps.effis.emergency.copernicus.eu/effis,mf010.fwi,EFFIS Météo-France valid 2026-08-31,AVAILABLE,guarded maximum published EFFIS class,2026-08-28T17:21:07.772280Z,Official deterministic EFFIS WMS category only; numeric FWI intentionally not inferred from display colours; PNG map georeferenced from WMS request BBOX; active 5-colour style merges Extreme and Very Extreme as FWI >=50
2026-08-31,БЕОГРАД-ЧУКАРИЦА,,5,EXTREME_OR_VERY_EXTREME,≥50.0 (WMS merged),PURPLE,0.0073,823,0.9259,EFFIS / Météo-France categorical FWI,https://maps.effis.emergency.copernicus.eu/effis,mf010.fwi,EFFIS Météo-France valid 2026-08-31,AVAILABLE,guarded maximum published EFFIS class,2026-08-28T17:21:07.772280Z,Official deterministic EFFIS WMS category only; numeric FWI intentionally not inferred from display colours; PNG map georeferenced from WMS request BBOX; active 5-colour style merges Extreme and Very Extreme as FWI >=50
2026-08-31,БЕОГРАД-ВРАЧАР,,3,HIGH,21.3–<38.0,ORANGE,1.0000,12,1.0000,EFFIS / Météo-France categorical FWI,https://maps.effis.emergency.copernicus.eu/effis,mf010.fwi,EFFIS Météo-France valid 2026-08-31,AVAILABLE,guarded maximum published EFFIS class,2026-08-28T17:21:07.772280Z,Official deterministic EFFIS WMS category only; numeric FWI intentionally not inferred from display colours; PNG map georeferenced from WMS request BBOX; active 5-colour style merges Extreme and Very Extreme as FWI >=50
2026-08-31,БЕОГРАД-ЗВЕЗДАРА,,4,VERY_HIGH,38.0–<50.0,RED,0.0745,161,0.9255,EFFIS / Météo-France categorical FWI,https://maps.effis.emergency.copernicus.eu/effis,mf010.fwi,EFFIS Météo-France valid 2026-08-31,AVAILABLE,guarded maximum published EFFIS class,2026-08-28T17:21:07.772280Z,Official deterministic EFFIS WMS category only; numeric FWI intentionally not inferred from display colours; PNG map georeferenced from WMS request BBOX; active 5-colour style merges Extreme and Very Extreme as FWI >=50
2026-08-31,БЕОГРАД-САВСКИ ВЕНАЦ,,4,VERY_HIGH,38.0–<50.0,RED,0.4595,74,0.5405,EFFIS / Météo-France categorical FWI,https://maps.effis.emergency.copernicus.eu/effis,mf010.fwi,EFFIS Météo-France valid 2026-08-31,AVAILABLE,guarded maximum published EFFIS class,2026-08-28T17:21:07.772280Z,Official deterministic EFFIS WMS category only; numeric FWI intentionally not inferred from display colours; PNG map georeferenced from WMS request BBOX; active 5-colour style merges Extreme and Very Extreme as FWI >=50
2026-08-31,БЕОГРАД-СТАРИ ГРАД,,4,VERY_HIGH,38.0–<50.0,RED,0.1379,29,0.8621,EFFIS / Météo-France categorical FWI,https://maps.effis.emergency.copernicus.eu/effis,mf010.fwi,EFFIS Météo-France valid 2026-08-31,AVAILABLE,guarded maximum published EFFIS class,2026-08-28T17:21:07.772280Z,Official deterministic EFFIS WMS category only; numeric FWI intentionally not inferred from display colours; PNG map georeferenced from WMS request BBOX; active 5-colour style merges Extreme and Very Extreme as FWI >=50
2026-08-31,БЕОГРАД-СОПОТ,,3,HIGH,21.3–<38.0,ORANGE,1.0000,1407,1.0000,EFFIS / Météo-France categorical FWI,https://maps.effis.emergency.copernicus.eu/effis,mf010.fwi,EFFIS Météo-France valid 2026-08-31,AVAILABLE,guarded maximum published EFFIS class,2026-08-28T17:21:07.772280Z,Official deterministic EFFIS WMS category only; numeric FWI intentionally not inferred from display colours; PNG map georeferenced from WMS request BBOX; active 5-colour style merges Extreme and Very Extreme as FWI >=50
2026-08-31,БЕОГРАД-ГРОЦКА,,4,VERY_HIGH,38.0–<50.0,RED,0.2620,1561,0.7380,EFFIS / Météo-France categorical FWI,https://maps.effis.emergency.copernicus.eu/effis,mf010.fwi,EFFIS Météo-France valid 2026-08-31,AVAILABLE,guarded maximum published EFFIS class,2026-08-28T17:21:07.772280Z,Official deterministic EFFIS WMS category only; numeric FWI intentionally not inferred from display colours; PNG map georeferenced from WMS request BBOX; active 5-colour style merges Extreme and Very Extreme as FWI >=50
2026-08-31,ЉИГ,,4,VERY_HIGH,38.0–<50.0,RED,0.6343,1441,0.6343,EFFIS / Météo-France categorical FWI,https://maps.effis.emergency.copernicus.eu/effis,mf010.fwi,EFFIS Météo-France valid 2026-08-31,AVAILABLE,guarded maximum published EFFIS class,2026-08-28T17:21:07.772280Z,Official deterministic EFFIS WMS category only; numeric FWI intentionally not inferred from display colours; PNG map georeferenced from WMS request BBOX; active 5-colour style merges Extreme and Very Extreme as FWI >=50
2026-08-31,МИОНИЦА,,4,VERY_HIGH,38.0–<50.0,RED,0.7954,1701,0.7954,EFFIS / Météo-France categorical FWI,https://maps.effis.emergency.copernicus.eu/effis,mf010.fwi,EFFIS Météo-France valid 2026-08-31,AVAILABLE,guarded maximum published EFFIS class,2026-08-28T17:21:07.772280Z,Official deterministic EFFIS WMS category only; numeric FWI intentionally not inferred from display colours; PNG map georeferenced from WMS request BBOX; active 5-colour style merges Extreme and Very Extreme as FWI >=50
2026-08-31,ВАЉЕВО-ГРАД,,4,VERY_HIGH,38.0–<50.0,RED,0.6970,4696,0.6970,EFFIS / Météo-France categorical FWI,https://maps.effis.emergency.copernicus.eu/effis,mf010.fwi,EFFIS Météo-France valid 2026-08-31,AVAILABLE,guarded maximum published EFFIS class,2026-08-28T17:21:07.772280Z,Official deterministic EFFIS WMS category only; numeric FWI intentionally not inferred from display colours; PNG map georeferenced from WMS request BBOX; active 5-colour style merges Extreme and Very Extreme as FWI >=50
2026-08-31,ОСЕЧИНА,,4,VERY_HIGH,38.0–<50.0,RED,0.9497,1649,0.9497,EFFIS / Météo-France categorical FWI,https://maps.effis.emergency.copernicus.eu/effis,mf010.fwi,EFFIS Météo-France valid 2026-08-31,AVAILABLE,guarded maximum published EFFIS class,2026-08-28T17:21:07.772280Z,Official deterministic EFFIS WMS category only; numeric FWI intentionally not inferred from display colours; PNG map georeferenced from WMS request BBOX; active 5-colour style merges Extreme and Very Extreme as FWI >=50
2026-08-31,ЛАЈКОВАЦ,,4,VERY_HIGH,38.0–<50.0,RED,0.1151,964,0.8849,EFFIS / Météo-France categorical FWI,https://maps.effis.emergency.copernicus.eu/effis,mf010.fwi,EFFIS Météo-France valid 2026-08-31,AVAILABLE,guarded maximum published EFFIS class,2026-08-28T17:21:07.772280Z,Official deterministic EFFIS WMS category only; numeric FWI intentionally not inferred from display colours; PNG map georeferenced from WMS request BBOX; active 5-colour style merges Extreme and Very Extreme as FWI >=50
2026-08-31,УБ,,4,VERY_HIGH,38.0–<50.0,RED,0.2985,2375,0.7015,EFFIS / Météo-France categorical FWI,https://maps.effis.emergency.copernicus.eu/effis,mf010.fwi,EFFIS Météo-France valid 2026-08-31,AVAILABLE,guarded maximum published EFFIS class,2026-08-28T17:21:07.772280Z,Official deterministic EFFIS WMS category only; numeric FWI intentionally not inferred from display colours; PNG map georeferenced from WMS request BBOX; active 5-colour style merges Extreme and Very Extreme as FWI >=50
2026-08-31,ЗРЕЊАНИН-ГРАД,,3,HIGH,21.3–<38.0,ORANGE,0.9709,7002,0.9709,EFFIS / Météo-France categorical FWI,https://maps.effis.emergency.copernicus.eu/effis,mf010.fwi,EFFIS Météo-France valid 2026-08-31,AVAILABLE,guarded maximum published EFFIS class,2026-08-28T17:21:07.772280Z,Official deterministic EFFIS WMS category only; numeric FWI intentionally not inferred from display colours; PNG map georeferenced from WMS request BBOX; active 5-colour style merges Extreme and Very Extreme as FWI >=50
2026-08-31,СЕЧАЊ,,4,VERY_HIGH,38.0–<50.0,RED,0.0054,2766,0.8937,EFFIS / Météo-France categorical FWI,https://maps.effis.emergency.copernicus.eu/effis,mf010.fwi,EFFIS Météo-France valid 2026-08-31,AVAILABLE,guarded maximum published EFFIS class,2026-08-28T17:21:07.772280Z,Official deterministic EFFIS WMS category only; numeric FWI intentionally not inferred from display colours; PNG map georeferenced from WMS request BBOX; active 5-colour style merges Extreme and Very Extreme as FWI >=50
2026-08-31,ЖИТИШТЕ,,3,HIGH,21.3–<38.0,ORANGE,1.0000,2776,1.0000,EFFIS / Météo-France categorical FWI,https://maps.effis.emergency.copernicus.eu/effis,mf010.fwi,EFFIS Météo-France valid 2026-08-31,AVAILABLE,guarded maximum published EFFIS class,2026-08-28T17:21:07.772280Z,Official deterministic EFFIS WMS category only; numeric FWI intentionally not inferred from display colours; PNG map georeferenced from WMS request BBOX; active 5-colour style merges Extreme and Very Extreme as FWI >=50
2026-08-31,НОВИ БЕЧЕЈ,,3,HIGH,21.3–<38.0,ORANGE,1.0000,3232,1.0000,EFFIS / Météo-France categorical FWI,https://maps.effis.emergency.copernicus.eu/effis,mf010.fwi,EFFIS Météo-France valid 2026-08-31,AVAILABLE,guarded maximum published EFFIS class,2026-08-28T17:21:07.772280Z,Official deterministic EFFIS WMS category only; numeric FWI intentionally not inferred from display colours; PNG map georeferenced from WMS request BBOX; active 5-colour style merges Extreme and Very Extreme as FWI >=50
2026-08-31,НОВА ЦРЊА,,3,HIGH,21.3–<38.0,ORANGE,1.0000,1446,1.0000,EFFIS / Météo-France categorical FWI,https://maps.effis.emergency.copernicus.eu/effis,mf010.fwi,EFFIS Météo-France valid 2026-08-31,AVAILABLE,guarded maximum published EFFIS class,2026-08-28T17:21:07.772280Z,Official deterministic EFFIS WMS category only; numeric FWI intentionally not inferred from display colours; PNG map georeferenced from WMS request BBOX; active 5-colour style merges Extreme and Very Extreme as FWI >=50
2026-08-31,ПЕЋИНЦИ,,4,VERY_HIGH,38.0–<50.0,RED,0.7302,2557,0.7302,EFFIS / Météo-France categorical FWI,https://maps.effis.emergency.copernicus.eu/effis,mf010.fwi,EFFIS Météo-France valid 2026-08-31,AVAILABLE,guarded maximum published EFFIS class,2026-08-28T17:21:07.772280Z,Official deterministic EFFIS WMS category only; numeric FWI intentionally not inferred from display colours; PNG map georeferenced from WMS request BBOX; active 5-colour style merges Extreme and Very Extreme as FWI >=50
2026-08-31,ИРИГ,,4,VERY_HIGH,38.0–<50.0,RED,0.9785,1209,0.9785,EFFIS / Météo-France categorical FWI,https://maps.effis.emergency.copernicus.eu/effis,mf010.fwi,EFFIS Météo-France valid 2026-08-31,AVAILABLE,guarded maximum published EFFIS class,2026-08-28T17:21:07.772280Z,Official deterministic EFFIS WMS category only; numeric FWI intentionally not inferred from display colours; PNG map georeferenced from WMS request BBOX; active 5-colour style merges Extreme and Very Extreme as FWI >=50
2026-08-31,СТАРА ПАЗОВА,,4,VERY_HIGH,38.0–<50.0,RED,0.6610,1808,0.6610,EFFIS / Météo-France categorical FWI,https://maps.effis.emergency.copernicus.eu/effis,mf010.fwi,EFFIS Météo-France valid 2026-08-31,AVAILABLE,guarded maximum published EFFIS class,2026-08-28T17:21:07.772280Z,Official deterministic EFFIS WMS category only; numeric FWI intentionally not inferred from display colours; PNG map georeferenced from WMS request BBOX; active 5-colour style merges Extreme and Very Extreme as FWI >=50
2026-08-31,РУМА,,4,VERY_HIGH,38.0–<50.0,RED,0.7192,3063,0.7192,EFFIS / Météo-France categorical FWI,https://maps.effis.emergency.copernicus.eu/effis,mf010.fwi,EFFIS Météo-France valid 2026-08-31,AVAILABLE,guarded maximum published EFFIS class,2026-08-28T17:21:07.772280Z,Official deterministic EFFIS WMS category only; numeric FWI intentionally not inferred from display colours; PNG map georeferenced from WMS request BBOX; active 5-colour style merges Extreme and Very Extreme as FWI >=50
2026-08-31,СРЕМСКА МИТРОВИЦА-ГРАД,,5,EXTREME_OR_VERY_EXTREME,≥50.0 (WMS merged),PURPLE,0.0116,3979,0.6954,EFFIS / Météo-France categorical FWI,https://maps.effis.emergency.copernicus.eu/effis,mf010.fwi,EFFIS Météo-France valid 2026-08-31,AVAILABLE,guarded maximum published EFFIS class,2026-08-28T17:21:07.772280Z,Official deterministic EFFIS WMS category only; numeric FWI intentionally not inferred from display colours; PNG map georeferenced from WMS request BBOX; active 5-colour style merges Extreme and Very Extreme as FWI >=50
2026-08-31,ИНЂИЈА,,4,VERY_HIGH,38.0–<50.0,RED,0.4879,2027,0.5121,EFFIS / Météo-France categorical FWI,https://maps.effis.emergency.copernicus.eu/effis,mf010.fwi,EFFIS Météo-France valid 2026-08-31,AVAILABLE,guarded maximum published EFFIS class,2026-08-28T17:21:07.772280Z,Official deterministic EFFIS WMS category only; numeric FWI intentionally not inferred from display colours; PNG map georeferenced from WMS request BBOX; active 5-colour style merges Extreme and Very Extreme as FWI >=50
2026-08-31,ШИД,,5,EXTREME_OR_VERY_EXTREME,≥50.0 (WMS merged),PURPLE,0.0351,3593,0.5007,EFFIS / Météo-France categorical FWI,https://maps.effis.emergency.copernicus.eu/effis,mf010.fwi,EFFIS Météo-France valid 2026-08-31,AVAILABLE,guarded maximum published EFFIS class,2026-08-28T17:21:07.772280Z,Official deterministic EFFIS WMS category only; numeric FWI intentionally not inferred from display colours; PNG map georeferenced from WMS request BBOX; active 5-colour style merges Extreme and Very Extreme as FWI >=50
2026-08-31,ГОРА,,3,HIGH,21.3–<38.0,ORANGE,0.0344,1513,0.9656,EFFIS / Météo-France categorical FWI,https://maps.effis.emergency.copernicus.eu/effis,mf010.fwi,EFFIS Météo-France valid 2026-08-31,AVAILABLE,guarded maximum published EFFIS class,2026-08-28T17:21:07.772280Z,Official deterministic EFFIS WMS category only; numeric FWI intentionally not inferred from display colours; PNG map georeferenced from WMS request BBOX; active 5-colour style merges Extreme and Very Extreme as FWI >=50
2026-08-31,ПРИЗРЕН,,5,EXTREME_OR_VERY_EXTREME,≥50.0 (WMS merged),PURPLE,0.0487,3801,0.3554,EFFIS / Météo-France categorical FWI,https://maps.effis.emergency.copernicus.eu/effis,mf010.fwi,EFFIS Météo-France valid 2026-08-31,AVAILABLE,guarded maximum published EFFIS class,2026-08-28T17:21:07.772280Z,Official deterministic EFFIS WMS category only; numeric FWI intentionally not inferred from display colours; PNG map georeferenced from WMS request BBOX; active 5-colour style merges Extreme and Very Extreme as FWI >=50
2026-08-31,СУВА РЕКА,,5,EXTREME_OR_VERY_EXTREME,≥50.0 (WMS merged),PURPLE,0.1278,2167,0.5971,EFFIS / Météo-France categorical FWI,https://maps.effis.emergency.copernicus.eu/effis,mf010.fwi,EFFIS Météo-France valid 2026-08-31,AVAILABLE,guarded maximum published EFFIS class,2026-08-28T17:21:07.772280Z,Official deterministic EFFIS WMS category only; numeric FWI intentionally not inferred from display colours; PNG map georeferenced from WMS request BBOX; active 5-colour style merges Extreme and Very Extreme as FWI >=50
2026-08-31,ОРАХОВАЦ,,5,EXTREME_OR_VERY_EXTREME,≥50.0 (WMS merged),PURPLE,0.0391,2022,0.6256,EFFIS / Météo-France categorical FWI,https://maps.effis.emergency.copernicus.eu/effis,mf010.fwi,EFFIS Météo-France valid 2026-08-31,AVAILABLE,guarded maximum published EFFIS class,2026-08-28T17:21:07.772280Z,Official deterministic EFFIS WMS category only; numeric FWI intentionally not inferred from display colours; PNG map georeferenced from WMS request BBOX; active 5-colour style merges Extreme and Very Extreme as FWI >=50
2026-08-31,ПРЕШЕВО,,4,VERY_HIGH,38.0–<50.0,RED,0.3435,1307,0.3611,EFFIS / Météo-France categorical FWI,https://maps.effis.emergency.copernicus.eu/effis,mf010.fwi,EFFIS Météo-France valid 2026-08-31,AVAILABLE,guarded maximum published EFFIS class,2026-08-28T17:21:07.772280Z,Official deterministic EFFIS WMS category only; numeric FWI intentionally not inferred from display colours; PNG map georeferenced from WMS request BBOX; active 5-colour style merges Extreme and Very Extreme as FWI >=50
2026-08-31,ТРГОВИШТЕ,,4,VERY_HIGH,38.0–<50.0,RED,0.0129,1866,0.7551,EFFIS / Météo-France categorical FWI,https://maps.effis.emergency.copernicus.eu/effis,mf010.fwi,EFFIS Météo-France valid 2026-08-31,AVAILABLE,guarded maximum published EFFIS class,2026-08-28T17:21:07.772280Z,Official deterministic EFFIS WMS category only; numeric FWI intentionally not inferred from display colours; PNG map georeferenced from WMS request BBOX; active 5-colour style merges Extreme and Very Extreme as FWI >=50
2026-08-31,БОСИЛЕГРАД,,2,MODERATE,11.2–<21.3,YELLOW,0.1222,2863,0.8746,EFFIS / Météo-France categorical FWI,https://maps.effis.emergency.copernicus.eu/effis,mf010.fwi,EFFIS Météo-France valid 2026-08-31,AVAILABLE,guarded maximum published EFFIS class,2026-08-28T17:21:07.772280Z,Official deterministic EFFIS WMS category only; numeric FWI intentionally not inferred from display colours; PNG map georeferenced from WMS request BBOX; active 5-colour style merges Extreme and Very Extreme as FWI >=50
2026-08-31,ВРАЊЕ-ГРАД,,4,VERY_HIGH,38.0–<50.0,RED,0.2421,4325,0.3376,EFFIS / Météo-France categorical FWI,https://maps.effis.emergency.copernicus.eu/effis,mf010.fwi,EFFIS Météo-France valid 2026-08-31,AVAILABLE,guarded maximum published EFFIS class,2026-08-28T17:21:07.772280Z,Official deterministic EFFIS WMS category only; numeric FWI intentionally not inferred from display colours; PNG map georeferenced from WMS request BBOX; active 5-colour style merges Extreme and Very Extreme as FWI >=50
2026-08-31,СУРДУЛИЦА,,3,HIGH,21.3–<38.0,ORANGE,0.1018,3172,0.7305,EFFIS / Météo-France categorical FWI,https://maps.effis.emergency.copernicus.eu/effis,mf010.fwi,EFFIS Météo-France valid 2026-08-31,AVAILABLE,guarded maximum published EFFIS class,2026-08-28T17:21:07.772280Z,Official deterministic EFFIS WMS category only; numeric FWI intentionally not inferred from display colours; PNG map georeferenced from WMS request BBOX; active 5-colour style merges Extreme and Very Extreme as FWI >=50
2026-08-31,ВЛАДИЧИН ХАН,,3,HIGH,21.3–<38.0,ORANGE,0.7780,1847,0.7780,EFFIS / Météo-France categorical FWI,https://maps.effis.emergency.copernicus.eu/effis,mf010.fwi,EFFIS Météo-France valid 2026-08-31,AVAILABLE,guarded maximum published EFFIS class,2026-08-28T17:21:07.772280Z,Official deterministic EFFIS WMS category only; numeric FWI intentionally not inferred from display colours; PNG map georeferenced from WMS request BBOX; active 5-colour style merges Extreme and Very Extreme as FWI >=50
2026-08-31,БУЈАНОВАЦ,,4,VERY_HIGH,38.0–<50.0,RED,0.2921,2311,0.5742,EFFIS / Météo-France categorical FWI,https://maps.effis.emergency.copernicus.eu/effis,mf010.fwi,EFFIS Météo-France valid 2026-08-31,AVAILABLE,guarded maximum published EFFIS class,2026-08-28T17:21:07.772280Z,Official deterministic EFFIS WMS category only; numeric FWI intentionally not inferred from display colours; PNG map georeferenced from WMS request BBOX; active 5-colour style merges Extreme and Very Extreme as FWI >=50
2026-08-31,ЦРНА ТРАВА,,3,HIGH,21.3–<38.0,ORANGE,0.1748,1585,0.4309,EFFIS / Météo-France categorical FWI,https://maps.effis.emergency.copernicus.eu/effis,mf010.fwi,EFFIS Météo-France valid 2026-08-31,AVAILABLE,guarded maximum published EFFIS class,2026-08-28T17:21:07.772280Z,Official deterministic EFFIS WMS category only; numeric FWI intentionally not inferred from display colours; PNG map georeferenced from WMS request BBOX; active 5-colour style merges Extreme and Very Extreme as FWI >=50
2026-08-31,ЛЕБАНЕ,,3,HIGH,21.3–<38.0,ORANGE,0.9624,1700,0.9624,EFFIS / Météo-France categorical FWI,https://maps.effis.emergency.copernicus.eu/effis,mf010.fwi,EFFIS Météo-France valid 2026-08-31,AVAILABLE,guarded maximum published EFFIS class,2026-08-28T17:21:07.772280Z,Official deterministic EFFIS WMS category only; numeric FWI intentionally not inferred from display colours; PNG map georeferenced from WMS request BBOX; active 5-colour style merges Extreme and Very Extreme as FWI >=50
2026-08-31,МЕДВЕЂА,,3,HIGH,21.3–<38.0,ORANGE,0.8146,2648,0.8146,EFFIS / Météo-France categorical FWI,https://maps.effis.emergency.copernicus.eu/effis,mf010.fwi,EFFIS Météo-France valid 2026-08-31,AVAILABLE,guarded maximum published EFFIS class,2026-08-28T17:21:07.772280Z,Official deterministic EFFIS WMS category only; numeric FWI intentionally not inferred from display colours; PNG map georeferenced from WMS request BBOX; active 5-colour style merges Extreme and Very Extreme as FWI >=50
2026-08-31,ВЛАСОТИНЦЕ,,4,VERY_HIGH,38.0–<50.0,RED,0.1978,1557,0.5125,EFFIS / Météo-France categorical FWI,https://maps.effis.emergency.copernicus.eu/effis,mf010.fwi,EFFIS Météo-France valid 2026-08-31,AVAILABLE,guarded maximum published EFFIS class,2026-08-28T17:21:07.772280Z,Official deterministic EFFIS WMS category only; numeric FWI intentionally not inferred from display colours; PNG map georeferenced from WMS request BBOX; active 5-colour style merges Extreme and Very Extreme as FWI >=50
2026-08-31,БОЈНИК,,3,HIGH,21.3–<38.0,ORANGE,0.9296,1349,0.9296,EFFIS / Météo-France categorical FWI,https://maps.effis.emergency.copernicus.eu/effis,mf010.fwi,EFFIS Météo-France valid 2026-08-31,AVAILABLE,guarded maximum published EFFIS class,2026-08-28T17:21:07.772280Z,Official deterministic EFFIS WMS category only; numeric FWI intentionally not inferred from display colours; PNG map georeferenced from WMS request BBOX; active 5-colour style merges Extreme and Very Extreme as FWI >=50
2026-08-31,ЛЕСКОВАЦ-ГРАД,,4,VERY_HIGH,38.0–<50.0,RED,0.1654,5207,0.6810,EFFIS / Météo-France categorical FWI,https://maps.effis.emergency.copernicus.eu/effis,mf010.fwi,EFFIS Météo-France valid 2026-08-31,AVAILABLE,guarded maximum published EFFIS class,2026-08-28T17:21:07.772280Z,Official deterministic EFFIS WMS category only; numeric FWI intentionally not inferred from display colours; PNG map georeferenced from WMS request BBOX; active 5-colour style merges Extreme and Very Extreme as FWI >=50
2026-08-31,РЕКОВАЦ,,4,VERY_HIGH,38.0–<50.0,RED,1.0000,1883,1.0000,EFFIS / Météo-France categorical FWI,https://maps.effis.emergency.copernicus.eu/effis,mf010.fwi,EFFIS Météo-France valid 2026-08-31,AVAILABLE,guarded maximum published EFFIS class,2026-08-28T17:21:07.772280Z,Official deterministic EFFIS WMS category only; numeric FWI intentionally not inferred from display colours; PNG map georeferenced from WMS request BBOX; active 5-colour style merges Extreme and Very Extreme as FWI >=50
2026-08-31,ПАРАЋИН,,5,EXTREME_OR_VERY_EXTREME,≥50.0 (WMS merged),PURPLE,0.2630,2779,0.6679,EFFIS / Météo-France categorical FWI,https://maps.effis.emergency.copernicus.eu/effis,mf010.fwi,EFFIS Météo-France valid 2026-08-31,AVAILABLE,guarded maximum published EFFIS class,2026-08-28T17:21:07.772280Z,Official deterministic EFFIS WMS category only; numeric FWI intentionally not inferred from display colours; PNG map georeferenced from WMS request BBOX; active 5-colour style merges Extreme and Very Extreme as FWI >=50
2026-08-31,ЋУПРИЈА,,5,EXTREME_OR_VERY_EXTREME,≥50.0 (WMS merged),PURPLE,0.3230,1489,0.6454,EFFIS / Météo-France categorical FWI,https://maps.effis.emergency.copernicus.eu/effis,mf010.fwi,EFFIS Météo-France valid 2026-08-31,AVAILABLE,guarded maximum published EFFIS class,2026-08-28T17:21:07.772280Z,Official deterministic EFFIS WMS category only; numeric FWI intentionally not inferred from display colours; PNG map georeferenced from WMS request BBOX; active 5-colour style merges Extreme and Very Extreme as FWI >=50
2026-08-31,ЈАГОДИНА-ГРАД,,4,VERY_HIGH,38.0–<50.0,RED,0.9959,2422,0.9959,EFFIS / Météo-France categorical FWI,https://maps.effis.emergency.copernicus.eu/effis,mf010.fwi,EFFIS Météo-France valid 2026-08-31,AVAILABLE,guarded maximum published EFFIS class,2026-08-28T17:21:07.772280Z,Official deterministic EFFIS WMS category only; numeric FWI intentionally not inferred from display colours; PNG map georeferenced from WMS request BBOX; active 5-colour style merges Extreme and Very Extreme as FWI >=50
2026-08-31,ДЕСПОТОВАЦ,,5,EXTREME_OR_VERY_EXTREME,≥50.0 (WMS merged),PURPLE,0.2778,3211,0.4030,EFFIS / Météo-France categorical FWI,https://maps.effis.emergency.copernicus.eu/effis,mf010.fwi,EFFIS Météo-France valid 2026-08-31,AVAILABLE,guarded maximum published EFFIS class,2026-08-28T17:21:07.772280Z,Official deterministic EFFIS WMS category only; numeric FWI intentionally not inferred from display colours; PNG map georeferenced from WMS request BBOX; active 5-colour style merges Extreme and Very Extreme as FWI >=50
2026-08-31,СВИЛАЈНАЦ,,4,VERY_HIGH,38.0–<50.0,RED,0.2658,1682,0.7342,EFFIS / Météo-France categorical FWI,https://maps.effis.emergency.copernicus.eu/effis,mf010.fwi,EFFIS Météo-France valid 2026-08-31,AVAILABLE,guarded maximum published EFFIS class,2026-08-28T17:21:07.772280Z,Official deterministic EFFIS WMS category only; numeric FWI intentionally not inferred from display colours; PNG map georeferenced from WMS request BBOX; active 5-colour style merges Extreme and Very Extreme as FWI >=50
2026-08-31,ВЕЛИКА ПЛАНА,,4,VERY_HIGH,38.0–<50.0,RED,0.3647,1796,0.6353,EFFIS / Météo-France categorical FWI,https://maps.effis.emergency.copernicus.eu/effis,mf010.fwi,EFFIS Météo-France valid 2026-08-31,AVAILABLE,guarded maximum published EFFIS class,2026-08-28T17:21:07.772280Z,Official deterministic EFFIS WMS category only; numeric FWI intentionally not inferred from display colours; PNG map georeferenced from WMS request BBOX; active 5-colour style merges Extreme and Very Extreme as FWI >=50
2026-08-31,СМЕДЕРЕВСКА ПАЛАНКА,,4,VERY_HIGH,38.0–<50.0,RED,0.7434,2190,0.7434,EFFIS / Météo-France categorical FWI,https://maps.effis.emergency.copernicus.eu/effis,mf010.fwi,EFFIS Météo-France valid 2026-08-31,AVAILABLE,guarded maximum published EFFIS class,2026-08-28T17:21:07.772280Z,Official deterministic EFFIS WMS category only; numeric FWI intentionally not inferred from display colours; PNG map georeferenced from WMS request BBOX; active 5-colour style merges Extreme and Very Extreme as FWI >=50
2026-08-31,СМЕДЕРЕВО-ГРАД,,4,VERY_HIGH,38.0–<50.0,RED,0.1782,2514,0.8218,EFFIS / Météo-France categorical FWI,https://maps.effis.emergency.copernicus.eu/effis,mf010.fwi,EFFIS Météo-France valid 2026-08-31,AVAILABLE,guarded maximum published EFFIS class,2026-08-28T17:21:07.772280Z,Official deterministic EFFIS WMS category only; numeric FWI intentionally not inferred from display colours; PNG map georeferenced from WMS request BBOX; active 5-colour style merges Extreme and Very Extreme as FWI >=50
2026-08-31,БРУС,,4,VERY_HIGH,38.0–<50.0,RED,0.3072,3089,0.3966,EFFIS / Météo-France categorical FWI,https://maps.effis.emergency.copernicus.eu/effis,mf010.fwi,EFFIS Météo-France valid 2026-08-31,AVAILABLE,guarded maximum published EFFIS class,2026-08-28T17:21:07.772280Z,Official deterministic EFFIS WMS category only; numeric FWI intentionally not inferred from display colours; PNG map georeferenced from WMS request BBOX; active 5-colour style merges Extreme and Very Extreme as FWI >=50
2026-08-31,АЛЕКСАНДРОВАЦ,,4,VERY_HIGH,38.0–<50.0,RED,0.5840,1981,0.5840,EFFIS / Météo-France categorical FWI,https://maps.effis.emergency.copernicus.eu/effis,mf010.fwi,EFFIS Météo-France valid 2026-08-31,AVAILABLE,guarded maximum published EFFIS class,2026-08-28T17:21:07.772280Z,Official deterministic EFFIS WMS category only; numeric FWI intentionally not inferred from display colours; PNG map georeferenced from WMS request BBOX; active 5-colour style merges Extreme and Very Extreme as FWI >=50
2026-08-31,КРУШЕВАЦ-ГРАД,,5,EXTREME_OR_VERY_EXTREME,≥50.0 (WMS merged),PURPLE,0.3270,4373,0.4962,EFFIS / Météo-France categorical FWI,https://maps.effis.emergency.copernicus.eu/effis,mf010.fwi,EFFIS Météo-France valid 2026-08-31,AVAILABLE,guarded maximum published EFFIS class,2026-08-28T17:21:07.772280Z,Official deterministic EFFIS WMS category only; numeric FWI intentionally not inferred from display colours; PNG map georeferenced from WMS request BBOX; active 5-colour style merges Extreme and Very Extreme as FWI >=50
2026-08-31,ТРСТЕНИК,,4,VERY_HIGH,38.0–<50.0,RED,0.9956,2296,0.9956,EFFIS / Météo-France categorical FWI,https://maps.effis.emergency.copernicus.eu/effis,mf010.fwi,EFFIS Météo-France valid 2026-08-31,AVAILABLE,guarded maximum published EFFIS class,2026-08-28T17:21:07.772280Z,Official deterministic EFFIS WMS category only; numeric FWI intentionally not inferred from display colours; PNG map georeferenced from WMS request BBOX; active 5-colour style merges Extreme and Very Extreme as FWI >=50
2026-08-31,ЋИЋЕВАЦ,,5,EXTREME_OR_VERY_EXTREME,≥50.0 (WMS merged),PURPLE,0.0269,633,0.6603,EFFIS / Météo-France categorical FWI,https://maps.effis.emergency.copernicus.eu/effis,mf010.fwi,EFFIS Météo-France valid 2026-08-31,AVAILABLE,guarded maximum published EFFIS class,2026-08-28T17:21:07.772280Z,Official deterministic EFFIS WMS category only; numeric FWI intentionally not inferred from display colours; PNG map georeferenced from WMS request BBOX; active 5-colour style merges Extreme and Very Extreme as FWI >=50
2026-08-31,ВАРВАРИН,,4,VERY_HIGH,38.0–<50.0,RED,1.0000,1291,1.0000,EFFIS / Météo-France categorical FWI,https://maps.effis.emergency.copernicus.eu/effis,mf010.fwi,EFFIS Météo-France valid 2026-08-31,AVAILABLE,guarded maximum published EFFIS class,2026-08-28T17:21:07.772280Z,Official deterministic EFFIS WMS category only; numeric FWI intentionally not inferred from display colours; PNG map georeferenced from WMS request BBOX; active 5-colour style merges Extreme and Very Extreme as FWI >=50
2026-08-31,МАЛИ ИЂОШ,,3,HIGH,21.3–<38.0,ORANGE,0.9606,964,0.9606,EFFIS / Météo-France categorical FWI,https://maps.effis.emergency.copernicus.eu/effis,mf010.fwi,EFFIS Météo-France valid 2026-08-31,AVAILABLE,guarded maximum published EFFIS class,2026-08-28T17:21:07.772280Z,Official deterministic EFFIS WMS category only; numeric FWI intentionally not inferred from display colours; PNG map georeferenced from WMS request BBOX; active 5-colour style merges Extreme and Very Extreme as FWI >=50
2026-08-31,БАЧКА ТОПОЛА,,3,HIGH,21.3–<38.0,ORANGE,0.2513,3176,0.7487,EFFIS / Météo-France categorical FWI,https://maps.effis.emergency.copernicus.eu/effis,mf010.fwi,EFFIS Météo-France valid 2026-08-31,AVAILABLE,guarded maximum published EFFIS class,2026-08-28T17:21:07.772280Z,Official deterministic EFFIS WMS category only; numeric FWI intentionally not inferred from display colours; PNG map georeferenced from WMS request BBOX; active 5-colour style merges Extreme and Very Extreme as FWI >=50
2026-08-31,СУБОТИЦА-ГРАД,,3,HIGH,21.3–<38.0,ORANGE,0.6284,5371,0.6284,EFFIS / Météo-France categorical FWI,https://maps.effis.emergency.copernicus.eu/effis,mf010.fwi,EFFIS Météo-France valid 2026-08-31,AVAILABLE,guarded maximum published EFFIS class,2026-08-28T17:21:07.772280Z,Official deterministic EFFIS WMS category only; numeric FWI intentionally not inferred from display colours; PNG map georeferenced from WMS request BBOX; active 5-colour style merges Extreme and Very Extreme as FWI >=50
2026-08-31,ОЏАЦИ,,4,VERY_HIGH,38.0–<50.0,RED,0.4339,2164,0.5661,EFFIS / Météo-France categorical FWI,https://maps.effis.emergency.copernicus.eu/effis,mf010.fwi,EFFIS Météo-France valid 2026-08-31,AVAILABLE,guarded maximum published EFFIS class,2026-08-28T17:21:07.772280Z,Official deterministic EFFIS WMS category only; numeric FWI intentionally not inferred from display colours; PNG map georeferenced from WMS request BBOX; active 5-colour style merges Extreme and Very Extreme as FWI >=50
2026-08-31,АПАТИН,,3,HIGH,21.3–<38.0,ORANGE,0.9815,2000,0.9815,EFFIS / Météo-France categorical FWI,https://maps.effis.emergency.copernicus.eu/effis,mf010.fwi,EFFIS Météo-France valid 2026-08-31,AVAILABLE,guarded maximum published EFFIS class,2026-08-28T17:21:07.772280Z,Official deterministic EFFIS WMS category only; numeric FWI intentionally not inferred from display colours; PNG map georeferenced from WMS request BBOX; active 5-colour style merges Extreme and Very Extreme as FWI >=50
2026-08-31,КУЛА,,4,VERY_HIGH,38.0–<50.0,RED,0.0195,2559,0.9285,EFFIS / Météo-France categorical FWI,https://maps.effis.emergency.copernicus.eu/effis,mf010.fwi,EFFIS Météo-France valid 2026-08-31,AVAILABLE,guarded maximum published EFFIS class,2026-08-28T17:21:07.772280Z,Official deterministic EFFIS WMS category only; numeric FWI intentionally not inferred from display colours; PNG map georeferenced from WMS request BBOX; active 5-colour style merges Extreme and Very Extreme as FWI >=50
2026-08-31,СОМБОР-ГРАД,,4,VERY_HIGH,38.0–<50.0,RED,0.0054,6479,0.6186,EFFIS / Météo-France categorical FWI,https://maps.effis.emergency.copernicus.eu/effis,mf010.fwi,EFFIS Météo-France valid 2026-08-31,AVAILABLE,guarded maximum published EFFIS class,2026-08-28T17:21:07.772280Z,Official deterministic EFFIS WMS category only; numeric FWI intentionally not inferred from display colours; PNG map georeferenced from WMS request BBOX; active 5-colour style merges Extreme and Very Extreme as FWI >=50
2026-08-31,БАЧКА ПАЛАНКА,,5,EXTREME_OR_VERY_EXTREME,≥50.0 (WMS merged),PURPLE,0.1031,3112,0.7410,EFFIS / Météo-France categorical FWI,https://maps.effis.emergency.copernicus.eu/effis,mf010.fwi,EFFIS Météo-France valid 2026-08-31,AVAILABLE,guarded maximum published EFFIS class,2026-08-28T17:21:07.772280Z,Official deterministic EFFIS WMS category only; numeric FWI intentionally not inferred from display colours; PNG map georeferenced from WMS request BBOX; active 5-colour style merges Extreme and Very Extreme as FWI >=50
2026-08-31,БАЧ,,4,VERY_HIGH,38.0–<50.0,RED,0.1591,1949,0.8409,EFFIS / Météo-France categorical FWI,https://maps.effis.emergency.copernicus.eu/effis,mf010.fwi,EFFIS Météo-France valid 2026-08-31,AVAILABLE,guarded maximum published EFFIS class,2026-08-28T17:21:07.772280Z,Official deterministic EFFIS WMS category only; numeric FWI intentionally not inferred from display colours; PNG map georeferenced from WMS request BBOX; active 5-colour style merges Extreme and Very Extreme as FWI >=50
2026-08-31,СРБОБРАН,,3,HIGH,21.3–<38.0,ORANGE,1.0000,1501,1.0000,EFFIS / Météo-France categorical FWI,https://maps.effis.emergency.copernicus.eu/effis,mf010.fwi,EFFIS Météo-France valid 2026-08-31,AVAILABLE,guarded maximum published EFFIS class,2026-08-28T17:21:07.772280Z,Official deterministic EFFIS WMS category only; numeric FWI intentionally not inferred from display colours; PNG map georeferenced from WMS request BBOX; active 5-colour style merges Extreme and Very Extreme as FWI >=50
2026-08-31,ЖАБАЉ,,3,HIGH,21.3–<38.0,ORANGE,1.0000,2105,1.0000,EFFIS / Météo-France categorical FWI,https://maps.effis.emergency.copernicus.eu/effis,mf010.fwi,EFFIS Météo-France valid 2026-08-31,AVAILABLE,guarded maximum published EFFIS class,2026-08-28T17:21:07.772280Z,Official deterministic EFFIS WMS category only; numeric FWI intentionally not inferred from display colours; PNG map georeferenced from WMS request BBOX; active 5-colour style merges Extreme and Very Extreme as FWI >=50
2026-08-31,ВРБАС,,3,HIGH,21.3–<38.0,ORANGE,1.0000,1991,1.0000,EFFIS / Météo-France categorical FWI,https://maps.effis.emergency.copernicus.eu/effis,mf010.fwi,EFFIS Météo-France valid 2026-08-31,AVAILABLE,guarded maximum published EFFIS class,2026-08-28T17:21:07.772280Z,Official deterministic EFFIS WMS category only; numeric FWI intentionally not inferred from display colours; PNG map georeferenced from WMS request BBOX; active 5-colour style merges Extreme and Very Extreme as FWI >=50
2026-08-31,СРЕМСКИ КАРЛОВЦИ,,4,VERY_HIGH,38.0–<50.0,RED,0.5736,265,0.5736,EFFIS / Météo-France categorical FWI,https://maps.effis.emergency.copernicus.eu/effis,mf010.fwi,EFFIS Météo-France valid 2026-08-31,AVAILABLE,guarded maximum published EFFIS class,2026-08-28T17:21:07.772280Z,Official deterministic EFFIS WMS category only; numeric FWI intentionally not inferred from display colours; PNG map georeferenced from WMS request BBOX; active 5-colour style merges Extreme and Very Extreme as FWI >=50
2026-08-31,БЕОЧИН,,5,EXTREME_OR_VERY_EXTREME,≥50.0 (WMS merged),PURPLE,0.5186,966,0.5186,EFFIS / Météo-France categorical FWI,https://maps.effis.emergency.copernicus.eu/effis,mf010.fwi,EFFIS Météo-France valid 2026-08-31,AVAILABLE,guarded maximum published EFFIS class,2026-08-28T17:21:07.772280Z,Official deterministic EFFIS WMS category only; numeric FWI intentionally not inferred from display colours; PNG map georeferenced from WMS request BBOX; active 5-colour style merges Extreme and Very Extreme as FWI >=50
2026-08-31,ТИТЕЛ,,3,HIGH,21.3–<38.0,ORANGE,1.0000,1379,1.0000,EFFIS / Météo-France categorical FWI,https://maps.effis.emergency.copernicus.eu/effis,mf010.fwi,EFFIS Météo-France valid 2026-08-31,AVAILABLE,guarded maximum published EFFIS class,2026-08-28T17:21:07.772280Z,Official deterministic EFFIS WMS category only; numeric FWI intentionally not inferred from display colours; PNG map georeferenced from WMS request BBOX; active 5-colour style merges Extreme and Very Extreme as FWI >=50
2026-08-31,БАЧКИ ПЕТРОВАЦ,,5,EXTREME_OR_VERY_EXTREME,≥50.0 (WMS merged),PURPLE,0.0083,839,0.5721,EFFIS / Météo-France categorical FWI,https://maps.effis.emergency.copernicus.eu/effis,mf010.fwi,EFFIS Météo-France valid 2026-08-31,AVAILABLE,guarded maximum published EFFIS class,2026-08-28T17:21:07.772280Z,Official deterministic EFFIS WMS category only; numeric FWI intentionally not inferred from display colours; PNG map georeferenced from WMS request BBOX; active 5-colour style merges Extreme and Very Extreme as FWI >=50
2026-08-31,НОВИ САД-ГРАД,,5,EXTREME_OR_VERY_EXTREME,≥50.0 (WMS merged),PURPLE,0.0341,3693,0.7357,EFFIS / Météo-France categorical FWI,https://maps.effis.emergency.copernicus.eu/effis,mf010.fwi,EFFIS Météo-France valid 2026-08-31,AVAILABLE,guarded maximum published EFFIS class,2026-08-28T17:21:07.772280Z,Official deterministic EFFIS WMS category only; numeric FWI intentionally not inferred from display colours; PNG map georeferenced from WMS request BBOX; active 5-colour style merges Extreme and Very Extreme as FWI >=50
2026-08-31,ТЕМЕРИН,,3,HIGH,21.3–<38.0,ORANGE,1.0000,893,1.0000,EFFIS / Météo-France categorical FWI,https://maps.effis.emergency.copernicus.eu/effis,mf010.fwi,EFFIS Météo-France valid 2026-08-31,AVAILABLE,guarded maximum published EFFIS class,2026-08-28T17:21:07.772280Z,Official deterministic EFFIS WMS category only; numeric FWI intentionally not inferred from display colours; PNG map georeferenced from WMS request BBOX; active 5-colour style merges Extreme and Very Extreme as FWI >=50
2026-08-31,БЕЧЕЈ,,3,HIGH,21.3–<38.0,ORANGE,1.0000,2585,1.0000,EFFIS / Météo-France categorical FWI,https://maps.effis.emergency.copernicus.eu/effis,mf010.fwi,EFFIS Météo-France valid 2026-08-31,AVAILABLE,guarded maximum published EFFIS class,2026-08-28T17:21:07.772280Z,Official deterministic EFFIS WMS category only; numeric FWI intentionally not inferred from display colours; PNG map georeferenced from WMS request BBOX; active 5-colour style merges Extreme and Very Extreme as FWI >=50
2026-08-31,СРБИЦА,,4,VERY_HIGH,38.0–<50.0,RED,0.2048,1899,0.7930,EFFIS / Météo-France categorical FWI,https://maps.effis.emergency.copernicus.eu/effis,mf010.fwi,EFFIS Météo-France valid 2026-08-31,AVAILABLE,guarded maximum published EFFIS class,2026-08-28T17:21:07.772280Z,Official deterministic EFFIS WMS category only; numeric FWI intentionally not inferred from display colours; PNG map georeferenced from WMS request BBOX; active 5-colour style merges Extreme and Very Extreme as FWI >=50
2026-08-31,ВУЧИТРН,,3,HIGH,21.3–<38.0,ORANGE,0.7459,1751,0.7459,EFFIS / Météo-France categorical FWI,https://maps.effis.emergency.copernicus.eu/effis,mf010.fwi,EFFIS Météo-France valid 2026-08-31,AVAILABLE,guarded maximum published EFFIS class,2026-08-28T17:21:07.772280Z,Official deterministic EFFIS WMS category only; numeric FWI intentionally not inferred from display colours; PNG map georeferenced from WMS request BBOX; active 5-colour style merges Extreme and Very Extreme as FWI >=50
2026-08-31,ЗУБИН ПОТОК,,3,HIGH,21.3–<38.0,ORANGE,0.2961,1729,0.3973,EFFIS / Météo-France categorical FWI,https://maps.effis.emergency.copernicus.eu/effis,mf010.fwi,EFFIS Météo-France valid 2026-08-31,AVAILABLE,guarded maximum published EFFIS class,2026-08-28T17:21:07.772280Z,Official deterministic EFFIS WMS category only; numeric FWI intentionally not inferred from display colours; PNG map georeferenced from WMS request BBOX; active 5-colour style merges Extreme and Very Extreme as FWI >=50
2026-08-31,ЗВЕЧАН,,3,HIGH,21.3–<38.0,ORANGE,0.5638,603,0.5638,EFFIS / Météo-France categorical FWI,https://maps.effis.emergency.copernicus.eu/effis,mf010.fwi,EFFIS Météo-France valid 2026-08-31,AVAILABLE,guarded maximum published EFFIS class,2026-08-28T17:21:07.772280Z,Official deterministic EFFIS WMS category only; numeric FWI intentionally not inferred from display colours; PNG map georeferenced from WMS request BBOX; active 5-colour style merges Extreme and Very Extreme as FWI >=50
2026-08-31,КОСОВСКА МИТРОВИЦА,,3,HIGH,21.3–<38.0,ORANGE,0.3263,1756,0.3582,EFFIS / Météo-France categorical FWI,https://maps.effis.emergency.copernicus.eu/effis,mf010.fwi,EFFIS Météo-France valid 2026-08-31,AVAILABLE,guarded maximum published EFFIS class,2026-08-28T17:21:07.772280Z,Official deterministic EFFIS WMS category only; numeric FWI intentionally not inferred from display colours; PNG map georeferenced from WMS request BBOX; active 5-colour style merges Extreme and Very Extreme as FWI >=50
2026-08-31,ЛЕПОСАВИЋ,,4,VERY_HIGH,38.0–<50.0,RED,0.1296,2739,0.4199,EFFIS / Météo-France categorical FWI,https://maps.effis.emergency.copernicus.eu/effis,mf010.fwi,EFFIS Météo-France valid 2026-08-31,AVAILABLE,guarded maximum published EFFIS class,2026-08-28T17:21:07.772280Z,Official deterministic EFFIS WMS category only; numeric FWI intentionally not inferred from display colours; PNG map georeferenced from WMS request BBOX; active 5-colour style merges Extreme and Very Extreme as FWI >=50
2026-08-31,ЂАКОВИЦА,,5,EXTREME_OR_VERY_EXTREME,≥50.0 (WMS merged),PURPLE,0.2750,2960,0.3642,EFFIS / Météo-France categorical FWI,https://maps.effis.emergency.copernicus.eu/effis,mf010.fwi,EFFIS Météo-France valid 2026-08-31,AVAILABLE,guarded maximum published EFFIS class,2026-08-28T17:21:07.772280Z,Official deterministic EFFIS WMS category only; numeric FWI intentionally not inferred from display colours; PNG map georeferenced from WMS request BBOX; active 5-colour style merges Extreme and Very Extreme as FWI >=50
2026-08-31,КЛИНА,,5,EXTREME_OR_VERY_EXTREME,≥50.0 (WMS merged),PURPLE,0.0079,2022,0.5559,EFFIS / Météo-France categorical FWI,https://maps.effis.emergency.copernicus.eu/effis,mf010.fwi,EFFIS Météo-France valid 2026-08-31,AVAILABLE,guarded maximum published EFFIS class,2026-08-28T17:21:07.772280Z,Official deterministic EFFIS WMS category only; numeric FWI intentionally not inferred from display colours; PNG map georeferenced from WMS request BBOX; active 5-colour style merges Extreme and Very Extreme as FWI >=50
2026-08-31,ПЕЋ,,4,VERY_HIGH,38.0–<50.0,RED,0.1469,3022,0.6946,EFFIS / Météo-France categorical FWI,https://maps.effis.emergency.copernicus.eu/effis,mf010.fwi,EFFIS Météo-France valid 2026-08-31,AVAILABLE,guarded maximum published EFFIS class,2026-08-28T17:21:07.772280Z,Official deterministic EFFIS WMS category only; numeric FWI intentionally not inferred from display colours; PNG map georeferenced from WMS request BBOX; active 5-colour style merges Extreme and Very Extreme as FWI >=50
2026-08-31,ИСТОК,,3,HIGH,21.3–<38.0,ORANGE,0.3461,2323,0.6539,EFFIS / Météo-France categorical FWI,https://maps.effis.emergency.copernicus.eu/effis,mf010.fwi,EFFIS Météo-France valid 2026-08-31,AVAILABLE,guarded maximum published EFFIS class,2026-08-28T17:21:07.772280Z,Official deterministic EFFIS WMS category only; numeric FWI intentionally not inferred from display colours; PNG map georeferenced from WMS request BBOX; active 5-colour style merges Extreme and Very Extreme as FWI >=50
2026-08-31,ДЕЧАНИ,,4,VERY_HIGH,38.0–<50.0,RED,0.1347,1871,0.6189,EFFIS / Météo-France categorical FWI,https://maps.effis.emergency.copernicus.eu/effis,mf010.fwi,EFFIS Météo-France valid 2026-08-31,AVAILABLE,guarded maximum published EFFIS class,2026-08-28T17:21:07.772280Z,Official deterministic EFFIS WMS category only; numeric FWI intentionally not inferred from display colours; PNG map georeferenced from WMS request BBOX; active 5-colour style merges Extreme and Very Extreme as FWI >=50
2026-08-31,ВИТИНА,,3,HIGH,21.3–<38.0,ORANGE,0.7105,1468,0.7105,EFFIS / Météo-France categorical FWI,https://maps.effis.emergency.copernicus.eu/effis,mf010.fwi,EFFIS Météo-France valid 2026-08-31,AVAILABLE,guarded maximum published EFFIS class,2026-08-28T17:21:07.772280Z,Official deterministic EFFIS WMS category only; numeric FWI intentionally not inferred from display colours; PNG map georeferenced from WMS request BBOX; active 5-colour style merges Extreme and Very Extreme as FWI >=50
2026-08-31,ГЊИЛАНЕ,,3,HIGH,21.3–<38.0,ORANGE,0.5985,2578,0.5985,EFFIS / Météo-France categorical FWI,https://maps.effis.emergency.copernicus.eu/effis,mf010.fwi,EFFIS Météo-France valid 2026-08-31,AVAILABLE,guarded maximum published EFFIS class,2026-08-28T17:21:07.772280Z,Official deterministic EFFIS WMS category only; numeric FWI intentionally not inferred from display colours; PNG map georeferenced from WMS request BBOX; active 5-colour style merges Extreme and Very Extreme as FWI >=50
2026-08-31,КОСОВСКА КАМЕНИЦА,,4,VERY_HIGH,38.0–<50.0,RED,0.0553,2567,0.7628,EFFIS / Météo-France categorical FWI,https://maps.effis.emergency.copernicus.eu/effis,mf010.fwi,EFFIS Météo-France valid 2026-08-31,AVAILABLE,guarded maximum published EFFIS class,2026-08-28T17:21:07.772280Z,Official deterministic EFFIS WMS category only; numeric FWI intentionally not inferred from display colours; PNG map georeferenced from WMS request BBOX; active 5-colour style merges Extreme and Very Extreme as FWI >=50
2026-08-31,НОВО БРДО,,3,HIGH,21.3–<38.0,ORANGE,0.9002,411,0.9002,EFFIS / Météo-France categorical FWI,https://maps.effis.emergency.copernicus.eu/effis,mf010.fwi,EFFIS Météo-France valid 2026-08-31,AVAILABLE,guarded maximum published EFFIS class,2026-08-28T17:21:07.772280Z,Official deterministic EFFIS WMS category only; numeric FWI intentionally not inferred from display colours; PNG map georeferenced from WMS request BBOX; active 5-colour style merges Extreme and Very Extreme as FWI >=50
2026-08-31,СЈЕНИЦА,,2,MODERATE,11.2–<21.3,YELLOW,0.0857,5392,0.9143,EFFIS / Météo-France categorical FWI,https://maps.effis.emergency.copernicus.eu/effis,mf010.fwi,EFFIS Météo-France valid 2026-08-31,AVAILABLE,guarded maximum published EFFIS class,2026-08-28T17:21:07.772280Z,Official deterministic EFFIS WMS category only; numeric FWI intentionally not inferred from display colours; PNG map georeferenced from WMS request BBOX; active 5-colour style merges Extreme and Very Extreme as FWI >=50
2026-08-31,ПРИЈЕПОЉЕ,,1,LOW,<11.2,GREEN,0.9960,4222,0.9960,EFFIS / Météo-France categorical FWI,https://maps.effis.emergency.copernicus.eu/effis,mf010.fwi,EFFIS Météo-France valid 2026-08-31,AVAILABLE,guarded maximum published EFFIS class,2026-08-28T17:21:07.772280Z,Official deterministic EFFIS WMS category only; numeric FWI intentionally not inferred from display colours; PNG map georeferenced from WMS request BBOX; active 5-colour style merges Extreme and Very Extreme as FWI >=50
2026-08-31,НОВА ВАРОШ,,2,MODERATE,11.2–<21.3,YELLOW,0.5652,2983,0.5652,EFFIS / Météo-France categorical FWI,https://maps.effis.emergency.copernicus.eu/effis,mf010.fwi,EFFIS Météo-France valid 2026-08-31,AVAILABLE,guarded maximum published EFFIS class,2026-08-28T17:21:07.772280Z,Official deterministic EFFIS WMS category only; numeric FWI intentionally not inferred from display colours; PNG map georeferenced from WMS request BBOX; active 5-colour style merges Extreme and Very Extreme as FWI >=50
2026-08-31,ПРИБОЈ,,2,MODERATE,11.2–<21.3,YELLOW,0.1182,2833,0.8818,EFFIS / Météo-France categorical FWI,https://maps.effis.emergency.copernicus.eu/effis,mf010.fwi,EFFIS Météo-France valid 2026-08-31,AVAILABLE,guarded maximum published EFFIS class,2026-08-28T17:21:07.772280Z,Official deterministic EFFIS WMS category only; numeric FWI intentionally not inferred from display colours; PNG map georeferenced from WMS request BBOX; active 5-colour style merges Extreme and Very Extreme as FWI >=50
2026-08-31,АРИЉЕ,,4,VERY_HIGH,38.0–<50.0,RED,0.0727,1787,0.6424,EFFIS / Météo-France categorical FWI,https://maps.effis.emergency.copernicus.eu/effis,mf010.fwi,EFFIS Météo-France valid 2026-08-31,AVAILABLE,guarded maximum published EFFIS class,2026-08-28T17:21:07.772280Z,Official deterministic EFFIS WMS category only; numeric FWI intentionally not inferred from display colours; PNG map georeferenced from WMS request BBOX; active 5-colour style merges Extreme and Very Extreme as FWI >=50
2026-08-31,ЧАЈЕТИНА,,3,HIGH,21.3–<38.0,ORANGE,0.2727,3319,0.6083,EFFIS / Météo-France categorical FWI,https://maps.effis.emergency.copernicus.eu/effis,mf010.fwi,EFFIS Météo-France valid 2026-08-31,AVAILABLE,guarded maximum published EFFIS class,2026-08-28T17:21:07.772280Z,Official deterministic EFFIS WMS category only; numeric FWI intentionally not inferred from display colours; PNG map georeferenced from WMS request BBOX; active 5-colour style merges Extreme and Very Extreme as FWI >=50
2026-08-31,УЖИЦЕ-ГРАД,,3,HIGH,21.3–<38.0,ORANGE,0.6222,3436,0.6222,EFFIS / Météo-France categorical FWI,https://maps.effis.emergency.copernicus.eu/effis,mf010.fwi,EFFIS Météo-France valid 2026-08-31,AVAILABLE,guarded maximum published EFFIS class,2026-08-28T17:21:07.772280Z,Official deterministic EFFIS WMS category only; numeric FWI intentionally not inferred from display colours; PNG map georeferenced from WMS request BBOX; active 5-colour style merges Extreme and Very Extreme as FWI >=50
2026-08-31,ПОЖЕГА,,4,VERY_HIGH,38.0–<50.0,RED,0.1259,2193,0.7980,EFFIS / Météo-France categorical FWI,https://maps.effis.emergency.copernicus.eu/effis,mf010.fwi,EFFIS Météo-France valid 2026-08-31,AVAILABLE,guarded maximum published EFFIS class,2026-08-28T17:21:07.772280Z,Official deterministic EFFIS WMS category only; numeric FWI intentionally not inferred from display colours; PNG map georeferenced from WMS request BBOX; active 5-colour style merges Extreme and Very Extreme as FWI >=50
2026-08-31,КОСЈЕРИЋ,,3,HIGH,21.3–<38.0,ORANGE,0.7071,1847,0.7071,EFFIS / Météo-France categorical FWI,https://maps.effis.emergency.copernicus.eu/effis,mf010.fwi,EFFIS Météo-France valid 2026-08-31,AVAILABLE,guarded maximum published EFFIS class,2026-08-28T17:21:07.772280Z,Official deterministic EFFIS WMS category only; numeric FWI intentionally not inferred from display colours; PNG map georeferenced from WMS request BBOX; active 5-colour style merges Extreme and Very Extreme as FWI >=50
2026-08-31,БАЈИНА БАШТА,,3,HIGH,21.3–<38.0,ORANGE,0.2063,3475,0.4337,EFFIS / Météo-France categorical FWI,https://maps.effis.emergency.copernicus.eu/effis,mf010.fwi,EFFIS Météo-France valid 2026-08-31,AVAILABLE,guarded maximum published EFFIS class,2026-08-28T17:21:07.772280Z,Official deterministic EFFIS WMS category only; numeric FWI intentionally not inferred from display colours; PNG map georeferenced from WMS request BBOX; active 5-colour style merges Extreme and Very Extreme as FWI >=50
2026-08-31,КАЧАНИК,,4,VERY_HIGH,38.0–<50.0,RED,0.2554,1527,0.4001,EFFIS / Météo-France categorical FWI,https://maps.effis.emergency.copernicus.eu/effis,mf010.fwi,EFFIS Météo-France valid 2026-08-31,AVAILABLE,guarded maximum published EFFIS class,2026-08-28T17:21:07.772280Z,Official deterministic EFFIS WMS category only; numeric FWI intentionally not inferred from display colours; PNG map georeferenced from WMS request BBOX; active 5-colour style merges Extreme and Very Extreme as FWI >=50
2026-08-31,УРОШЕВАЦ,,4,VERY_HIGH,38.0–<50.0,RED,0.3815,1759,0.3815,EFFIS / Météo-France categorical FWI,https://maps.effis.emergency.copernicus.eu/effis,mf010.fwi,EFFIS Météo-France valid 2026-08-31,AVAILABLE,guarded maximum published EFFIS class,2026-08-28T17:21:07.772280Z,Official deterministic EFFIS WMS category only; numeric FWI intentionally not inferred from display colours; PNG map georeferenced from WMS request BBOX; active 5-colour style merges Extreme and Very Extreme as FWI >=50
2026-08-31,ПРИШТИНА-ГРАД,,3,HIGH,21.3–<38.0,ORANGE,0.4536,2846,0.4536,EFFIS / Météo-France categorical FWI,https://maps.effis.emergency.copernicus.eu/effis,mf010.fwi,EFFIS Météo-France valid 2026-08-31,AVAILABLE,guarded maximum published EFFIS class,2026-08-28T17:21:07.772280Z,Official deterministic EFFIS WMS category only; numeric FWI intentionally not inferred from display colours; PNG map georeferenced from WMS request BBOX; active 5-colour style merges Extreme and Very Extreme as FWI >=50
2026-08-31,ШТРПЦЕ,,3,HIGH,21.3–<38.0,ORANGE,0.0086,1162,0.8098,EFFIS / Météo-France categorical FWI,https://maps.effis.emergency.copernicus.eu/effis,mf010.fwi,EFFIS Météo-France valid 2026-08-31,AVAILABLE,guarded maximum published EFFIS class,2026-08-28T17:21:07.772280Z,Official deterministic EFFIS WMS category only; numeric FWI intentionally not inferred from display colours; PNG map georeferenced from WMS request BBOX; active 5-colour style merges Extreme and Very Extreme as FWI >=50
2026-08-31,ШТИМЉЕ,,4,VERY_HIGH,38.0–<50.0,RED,0.5746,684,0.5746,EFFIS / Météo-France categorical FWI,https://maps.effis.emergency.copernicus.eu/effis,mf010.fwi,EFFIS Météo-France valid 2026-08-31,AVAILABLE,guarded maximum published EFFIS class,2026-08-28T17:21:07.772280Z,Official deterministic EFFIS WMS category only; numeric FWI intentionally not inferred from display colours; PNG map georeferenced from WMS request BBOX; active 5-colour style merges Extreme and Very Extreme as FWI >=50
2026-08-31,ЛИПЉАН,,3,HIGH,21.3–<38.0,ORANGE,0.3826,2049,0.3826,EFFIS / Météo-France categorical FWI,https://maps.effis.emergency.copernicus.eu/effis,mf010.fwi,EFFIS Météo-France valid 2026-08-31,AVAILABLE,guarded maximum published EFFIS class,2026-08-28T17:21:07.772280Z,Official deterministic EFFIS WMS category only; numeric FWI intentionally not inferred from display colours; PNG map georeferenced from WMS request BBOX; active 5-colour style merges Extreme and Very Extreme as FWI >=50
2026-08-31,КОСОВО ПОЉЕ,,3,HIGH,21.3–<38.0,ORANGE,0.4911,503,0.5070,EFFIS / Météo-France categorical FWI,https://maps.effis.emergency.copernicus.eu/effis,mf010.fwi,EFFIS Météo-France valid 2026-08-31,AVAILABLE,guarded maximum published EFFIS class,2026-08-28T17:21:07.772280Z,Official deterministic EFFIS WMS category only; numeric FWI intentionally not inferred from display colours; PNG map georeferenced from WMS request BBOX; active 5-colour style merges Extreme and Very Extreme as FWI >=50
2026-08-31,ГЛОГОВАЦ,,4,VERY_HIGH,38.0–<50.0,RED,0.4260,1453,0.4769,EFFIS / Météo-France categorical FWI,https://maps.effis.emergency.copernicus.eu/effis,mf010.fwi,EFFIS Météo-France valid 2026-08-31,AVAILABLE,guarded maximum published EFFIS class,2026-08-28T17:21:07.772280Z,Official deterministic EFFIS WMS category only; numeric FWI intentionally not inferred from display colours; PNG map georeferenced from WMS request BBOX; active 5-colour style merges Extreme and Very Extreme as FWI >=50
2026-08-31,ОБИЛИЋ,,3,HIGH,21.3–<38.0,ORANGE,0.9853,546,0.9853,EFFIS / Météo-France categorical FWI,https://maps.effis.emergency.copernicus.eu/effis,mf010.fwi,EFFIS Météo-France valid 2026-08-31,AVAILABLE,guarded maximum published EFFIS class,2026-08-28T17:21:07.772280Z,Official deterministic EFFIS WMS category only; numeric FWI intentionally not inferred from display colours; PNG map georeferenced from WMS request BBOX; active 5-colour style merges Extreme and Very Extreme as FWI >=50
2026-08-31,ПОДУЈЕВО,,4,VERY_HIGH,38.0–<50.0,RED,0.1477,3081,0.4755,EFFIS / Météo-France categorical FWI,https://maps.effis.emergency.copernicus.eu/effis,mf010.fwi,EFFIS Météo-France valid 2026-08-31,AVAILABLE,guarded maximum published EFFIS class,2026-08-28T17:21:07.772280Z,Official deterministic EFFIS WMS category only; numeric FWI intentionally not inferred from display colours; PNG map georeferenced from WMS request BBOX; active 5-colour style merges Extreme and Very Extreme as FWI >=50
2026-08-31,ТУТИН,,3,HIGH,21.3–<38.0,ORANGE,0.0741,3766,0.5722,EFFIS / Météo-France categorical FWI,https://maps.effis.emergency.copernicus.eu/effis,mf010.fwi,EFFIS Météo-France valid 2026-08-31,AVAILABLE,guarded maximum published EFFIS class,2026-08-28T17:21:07.772280Z,Official deterministic EFFIS WMS category only; numeric FWI intentionally not inferred from display colours; PNG map georeferenced from WMS request BBOX; active 5-colour style merges Extreme and Very Extreme as FWI >=50
2026-08-31,НОВИ ПАЗАР-ГРАД,,3,HIGH,21.3–<38.0,ORANGE,0.3759,3786,0.3759,EFFIS / Météo-France categorical FWI,https://maps.effis.emergency.copernicus.eu/effis,mf010.fwi,EFFIS Météo-France valid 2026-08-31,AVAILABLE,guarded maximum published EFFIS class,2026-08-28T17:21:07.772280Z,Official deterministic EFFIS WMS category only; numeric FWI intentionally not inferred from display colours; PNG map georeferenced from WMS request BBOX; active 5-colour style merges Extreme and Very Extreme as FWI >=50
2026-08-31,РАШКА,,4,VERY_HIGH,38.0–<50.0,RED,0.0304,3420,0.5319,EFFIS / Météo-France categorical FWI,https://maps.effis.emergency.copernicus.eu/effis,mf010.fwi,EFFIS Météo-France valid 2026-08-31,AVAILABLE,guarded maximum published EFFIS class,2026-08-28T17:21:07.772280Z,Official deterministic EFFIS WMS category only; numeric FWI intentionally not inferred from display colours; PNG map georeferenced from WMS request BBOX; active 5-colour style merges Extreme and Very Extreme as FWI >=50
2026-08-31,ВРЊАЧКА БАЊА,,4,VERY_HIGH,38.0–<50.0,RED,0.7884,1224,0.7884,EFFIS / Météo-France categorical FWI,https://maps.effis.emergency.copernicus.eu/effis,mf010.fwi,EFFIS Météo-France valid 2026-08-31,AVAILABLE,guarded maximum published EFFIS class,2026-08-28T17:21:07.772280Z,Official deterministic EFFIS WMS category only; numeric FWI intentionally not inferred from display colours; PNG map georeferenced from WMS request BBOX; active 5-colour style merges Extreme and Very Extreme as FWI >=50
2026-08-31,КРАЉЕВО-ГРАД,,4,VERY_HIGH,38.0–<50.0,RED,0.3645,7840,0.3645,EFFIS / Météo-France categorical FWI,https://maps.effis.emergency.copernicus.eu/effis,mf010.fwi,EFFIS Météo-France valid 2026-08-31,AVAILABLE,guarded maximum published EFFIS class,2026-08-28T17:21:07.772280Z,Official deterministic EFFIS WMS category only; numeric FWI intentionally not inferred from display colours; PNG map georeferenced from WMS request BBOX; active 5-colour style merges Extreme and Very Extreme as FWI >=50
2026-08-31,БАБУШНИЦА,,4,VERY_HIGH,38.0–<50.0,RED,0.2607,2685,0.4168,EFFIS / Météo-France categorical FWI,https://maps.effis.emergency.copernicus.eu/effis,mf010.fwi,EFFIS Météo-France valid 2026-08-31,AVAILABLE,guarded maximum published EFFIS class,2026-08-28T17:21:07.772280Z,Official deterministic EFFIS WMS category only; numeric FWI intentionally not inferred from display colours; PNG map georeferenced from WMS request BBOX; active 5-colour style merges Extreme and Very Extreme as FWI >=50
2026-08-31,ДИМИТРОВГРАД,,3,HIGH,21.3–<38.0,ORANGE,0.2960,2453,0.5842,EFFIS / Météo-France categorical FWI,https://maps.effis.emergency.copernicus.eu/effis,mf010.fwi,EFFIS Météo-France valid 2026-08-31,AVAILABLE,guarded maximum published EFFIS class,2026-08-28T17:21:07.772280Z,Official deterministic EFFIS WMS category only; numeric FWI intentionally not inferred from display colours; PNG map georeferenced from WMS request BBOX; active 5-colour style merges Extreme and Very Extreme as FWI >=50
2026-08-31,БЕЛА ПАЛАНКА,,4,VERY_HIGH,38.0–<50.0,RED,0.1574,2630,0.4840,EFFIS / Météo-France categorical FWI,https://maps.effis.emergency.copernicus.eu/effis,mf010.fwi,EFFIS Météo-France valid 2026-08-31,AVAILABLE,guarded maximum published EFFIS class,2026-08-28T17:21:07.772280Z,Official deterministic EFFIS WMS category only; numeric FWI intentionally not inferred from display colours; PNG map georeferenced from WMS request BBOX; active 5-colour style merges Extreme and Very Extreme as FWI >=50
2026-08-31,ПИРОТ,,3,HIGH,21.3–<38.0,ORANGE,0.4674,6275,0.4674,EFFIS / Météo-France categorical FWI,https://maps.effis.emergency.copernicus.eu/effis,mf010.fwi,EFFIS Météo-France valid 2026-08-31,AVAILABLE,guarded maximum published EFFIS class,2026-08-28T17:21:07.772280Z,Official deterministic EFFIS WMS category only; numeric FWI intentionally not inferred from display colours; PNG map georeferenced from WMS request BBOX; active 5-colour style merges Extreme and Very Extreme as FWI >=50
2026-08-31,ГАЏИН ХАН,,4,VERY_HIGH,38.0–<50.0,RED,0.0995,1648,0.3890,EFFIS / Météo-France categorical FWI,https://maps.effis.emergency.copernicus.eu/effis,mf010.fwi,EFFIS Météo-France valid 2026-08-31,AVAILABLE,guarded maximum published EFFIS class,2026-08-28T17:21:07.772280Z,Official deterministic EFFIS WMS category only; numeric FWI intentionally not inferred from display colours; PNG map georeferenced from WMS request BBOX; active 5-colour style merges Extreme and Very Extreme as FWI >=50
2026-08-31,ДОЉЕВАЦ,,4,VERY_HIGH,38.0–<50.0,RED,1.0000,613,1.0000,EFFIS / Météo-France categorical FWI,https://maps.effis.emergency.copernicus.eu/effis,mf010.fwi,EFFIS Météo-France valid 2026-08-31,AVAILABLE,guarded maximum published EFFIS class,2026-08-28T17:21:07.772280Z,Official deterministic EFFIS WMS category only; numeric FWI intentionally not inferred from display colours; PNG map georeferenced from WMS request BBOX; active 5-colour style merges Extreme and Very Extreme as FWI >=50
2026-08-31,НИШ-МЕДИАНА,,4,VERY_HIGH,38.0–<50.0,RED,1.0000,53,1.0000,EFFIS / Météo-France categorical FWI,https://maps.effis.emergency.copernicus.eu/effis,mf010.fwi,EFFIS Météo-France valid 2026-08-31,AVAILABLE,guarded maximum published EFFIS class,2026-08-28T17:21:07.772280Z,Official deterministic EFFIS WMS category only; numeric FWI intentionally not inferred from display colours; PNG map georeferenced from WMS request BBOX; active 5-colour style merges Extreme and Very Extreme as FWI >=50
2026-08-31,НИШ-ПАЛИЛУЛА,,4,VERY_HIGH,38.0–<50.0,RED,0.9139,592,0.9139,EFFIS / Météo-France categorical FWI,https://maps.effis.emergency.copernicus.eu/effis,mf010.fwi,EFFIS Météo-France valid 2026-08-31,AVAILABLE,guarded maximum published EFFIS class,2026-08-28T17:21:07.772280Z,Official deterministic EFFIS WMS category only; numeric FWI intentionally not inferred from display colours; PNG map georeferenced from WMS request BBOX; active 5-colour style merges Extreme and Very Extreme as FWI >=50
2026-08-31,НИШ-НИШКА БАЊА,,4,VERY_HIGH,38.0–<50.0,RED,0.3293,744,0.5901,EFFIS / Météo-France categorical FWI,https://maps.effis.emergency.copernicus.eu/effis,mf010.fwi,EFFIS Météo-France valid 2026-08-31,AVAILABLE,guarded maximum published EFFIS class,2026-08-28T17:21:07.772280Z,Official deterministic EFFIS WMS category only; numeric FWI intentionally not inferred from display colours; PNG map georeferenced from WMS request BBOX; active 5-colour style merges Extreme and Very Extreme as FWI >=50
2026-08-31,МЕРОШИНА,,4,VERY_HIGH,38.0–<50.0,RED,0.3398,986,0.6602,EFFIS / Météo-France categorical FWI,https://maps.effis.emergency.copernicus.eu/effis,mf010.fwi,EFFIS Météo-France valid 2026-08-31,AVAILABLE,guarded maximum published EFFIS class,2026-08-28T17:21:07.772280Z,Official deterministic EFFIS WMS category only; numeric FWI intentionally not inferred from display colours; PNG map georeferenced from WMS request BBOX; active 5-colour style merges Extreme and Very Extreme as FWI >=50
2026-08-31,НИШ-ПАНТЕЛЕЈ,,4,VERY_HIGH,38.0–<50.0,RED,0.3944,720,0.6056,EFFIS / Météo-France categorical FWI,https://maps.effis.emergency.copernicus.eu/effis,mf010.fwi,EFFIS Météo-France valid 2026-08-31,AVAILABLE,guarded maximum published EFFIS class,2026-08-28T17:21:07.772280Z,Official deterministic EFFIS WMS category only; numeric FWI intentionally not inferred from display colours; PNG map georeferenced from WMS request BBOX; active 5-colour style merges Extreme and Very Extreme as FWI >=50
2026-08-31,НИШ-ЦРВЕНИ КРСТ,,4,VERY_HIGH,38.0–<50.0,RED,0.2693,932,0.7307,EFFIS / Météo-France categorical FWI,https://maps.effis.emergency.copernicus.eu/effis,mf010.fwi,EFFIS Météo-France valid 2026-08-31,AVAILABLE,guarded maximum published EFFIS class,2026-08-28T17:21:07.772280Z,Official deterministic EFFIS WMS category only; numeric FWI intentionally not inferred from display colours; PNG map georeferenced from WMS request BBOX; active 5-colour style merges Extreme and Very Extreme as FWI >=50
2026-08-31,СВРЉИГ,,4,VERY_HIGH,38.0–<50.0,RED,0.5214,2547,0.5214,EFFIS / Météo-France categorical FWI,https://maps.effis.emergency.copernicus.eu/effis,mf010.fwi,EFFIS Météo-France valid 2026-08-31,AVAILABLE,guarded maximum published EFFIS class,2026-08-28T17:21:07.772280Z,Official deterministic EFFIS WMS category only; numeric FWI intentionally not inferred from display colours; PNG map georeferenced from WMS request BBOX; active 5-colour style merges Extreme and Very Extreme as FWI >=50
2026-08-31,АЛЕКСИНАЦ,,4,VERY_HIGH,38.0–<50.0,RED,0.5794,3619,0.5794,EFFIS / Météo-France categorical FWI,https://maps.effis.emergency.copernicus.eu/effis,mf010.fwi,EFFIS Météo-France valid 2026-08-31,AVAILABLE,guarded maximum published EFFIS class,2026-08-28T17:21:07.772280Z,Official deterministic EFFIS WMS category only; numeric FWI intentionally not inferred from display colours; PNG map georeferenced from WMS request BBOX; active 5-colour style merges Extreme and Very Extreme as FWI >=50
2026-08-31,РАЖАЊ,,5,EXTREME_OR_VERY_EXTREME,≥50.0 (WMS merged),PURPLE,0.0834,1487,0.4600,EFFIS / Météo-France categorical FWI,https://maps.effis.emergency.copernicus.eu/effis,mf010.fwi,EFFIS Météo-France valid 2026-08-31,AVAILABLE,guarded maximum published EFFIS class,2026-08-28T17:21:07.772280Z,Official deterministic EFFIS WMS category only; numeric FWI intentionally not inferred from display colours; PNG map georeferenced from WMS request BBOX; active 5-colour style merges Extreme and Very Extreme as FWI >=50
2026-08-31,ИВАЊИЦА,,3,HIGH,21.3–<38.0,ORANGE,0.1878,5574,0.4532,EFFIS / Météo-France categorical FWI,https://maps.effis.emergency.copernicus.eu/effis,mf010.fwi,EFFIS Météo-France valid 2026-08-31,AVAILABLE,guarded maximum published EFFIS class,2026-08-28T17:21:07.772280Z,Official deterministic EFFIS WMS category only; numeric FWI intentionally not inferred from display colours; PNG map georeferenced from WMS request BBOX; active 5-colour style merges Extreme and Very Extreme as FWI >=50
2026-08-31,ЛУЧАНИ,,4,VERY_HIGH,38.0–<50.0,RED,0.2228,2338,0.7566,EFFIS / Météo-France categorical FWI,https://maps.effis.emergency.copernicus.eu/effis,mf010.fwi,EFFIS Météo-France valid 2026-08-31,AVAILABLE,guarded maximum published EFFIS class,2026-08-28T17:21:07.772280Z,Official deterministic EFFIS WMS category only; numeric FWI intentionally not inferred from display colours; PNG map georeferenced from WMS request BBOX; active 5-colour style merges Extreme and Very Extreme as FWI >=50
2026-08-31,ЧАЧАК-ГРАД,,4,VERY_HIGH,38.0–<50.0,RED,0.2732,3272,0.7268,EFFIS / Météo-France categorical FWI,https://maps.effis.emergency.copernicus.eu/effis,mf010.fwi,EFFIS Météo-France valid 2026-08-31,AVAILABLE,guarded maximum published EFFIS class,2026-08-28T17:21:07.772280Z,Official deterministic EFFIS WMS category only; numeric FWI intentionally not inferred from display colours; PNG map georeferenced from WMS request BBOX; active 5-colour style merges Extreme and Very Extreme as FWI >=50
2026-08-31,ГОРЊИ МИЛАНОВАЦ,,4,VERY_HIGH,38.0–<50.0,RED,0.1310,4313,0.8690,EFFIS / Météo-France categorical FWI,https://maps.effis.emergency.copernicus.eu/effis,mf010.fwi,EFFIS Météo-France valid 2026-08-31,AVAILABLE,guarded maximum published EFFIS class,2026-08-28T17:21:07.772280Z,Official deterministic EFFIS WMS category only; numeric FWI intentionally not inferred from display colours; PNG map georeferenced from WMS request BBOX; active 5-colour style merges Extreme and Very Extreme as FWI >=50
2026-08-31,КНИЋ,,4,VERY_HIGH,38.0–<50.0,RED,0.6477,2129,0.6477,EFFIS / Météo-France categorical FWI,https://maps.effis.emergency.copernicus.eu/effis,mf010.fwi,EFFIS Météo-France valid 2026-08-31,AVAILABLE,guarded maximum published EFFIS class,2026-08-28T17:21:07.772280Z,Official deterministic EFFIS WMS category only; numeric FWI intentionally not inferred from display colours; PNG map georeferenced from WMS request BBOX; active 5-colour style merges Extreme and Very Extreme as FWI >=50
2026-08-31,КРАГУЈЕВАЦ-ГРАД,,4,VERY_HIGH,38.0–<50.0,RED,0.6923,4303,0.6923,EFFIS / Météo-France categorical FWI,https://maps.effis.emergency.copernicus.eu/effis,mf010.fwi,EFFIS Météo-France valid 2026-08-31,AVAILABLE,guarded maximum published EFFIS class,2026-08-28T17:21:07.772280Z,Official deterministic EFFIS WMS category only; numeric FWI intentionally not inferred from display colours; PNG map georeferenced from WMS request BBOX; active 5-colour style merges Extreme and Very Extreme as FWI >=50
2026-08-31,БАТОЧИНА,,4,VERY_HIGH,38.0–<50.0,RED,1.0000,708,1.0000,EFFIS / Météo-France categorical FWI,https://maps.effis.emergency.copernicus.eu/effis,mf010.fwi,EFFIS Météo-France valid 2026-08-31,AVAILABLE,guarded maximum published EFFIS class,2026-08-28T17:21:07.772280Z,Official deterministic EFFIS WMS category only; numeric FWI intentionally not inferred from display colours; PNG map georeferenced from WMS request BBOX; active 5-colour style merges Extreme and Very Extreme as FWI >=50
2026-08-31,ЛАПОВО,,4,VERY_HIGH,38.0–<50.0,RED,1.0000,290,1.0000,EFFIS / Météo-France categorical FWI,https://maps.effis.emergency.copernicus.eu/effis,mf010.fwi,EFFIS Météo-France valid 2026-08-31,AVAILABLE,guarded maximum published EFFIS class,2026-08-28T17:21:07.772280Z,Official deterministic EFFIS WMS category only; numeric FWI intentionally not inferred from display colours; PNG map georeferenced from WMS request BBOX; active 5-colour style merges Extreme and Very Extreme as FWI >=50
2026-08-31,РАЧА,,4,VERY_HIGH,38.0–<50.0,RED,0.8792,1118,0.8792,EFFIS / Météo-France categorical FWI,https://maps.effis.emergency.copernicus.eu/effis,mf010.fwi,EFFIS Météo-France valid 2026-08-31,AVAILABLE,guarded maximum published EFFIS class,2026-08-28T17:21:07.772280Z,Official deterministic EFFIS WMS category only; numeric FWI intentionally not inferred from display colours; PNG map georeferenced from WMS request BBOX; active 5-colour style merges Extreme and Very Extreme as FWI >=50
2026-08-31,ТОПОЛА,,4,VERY_HIGH,38.0–<50.0,RED,0.3759,1849,0.6241,EFFIS / Météo-France categorical FWI,https://maps.effis.emergency.copernicus.eu/effis,mf010.fwi,EFFIS Météo-France valid 2026-08-31,AVAILABLE,guarded maximum published EFFIS class,2026-08-28T17:21:07.772280Z,Official deterministic EFFIS WMS category only; numeric FWI intentionally not inferred from display colours; PNG map georeferenced from WMS request BBOX; active 5-colour style merges Extreme and Very Extreme as FWI >=50
2026-08-31,АРАНЂЕЛОВАЦ,,4,VERY_HIGH,38.0–<50.0,RED,0.4949,1948,0.5051,EFFIS / Météo-France categorical FWI,https://maps.effis.emergency.copernicus.eu/effis,mf010.fwi,EFFIS Météo-France valid 2026-08-31,AVAILABLE,guarded maximum published EFFIS class,2026-08-28T17:21:07.772280Z,Official deterministic EFFIS WMS category only; numeric FWI intentionally not inferred from display colours; PNG map georeferenced from WMS request BBOX; active 5-colour style merges Extreme and Very Extreme as FWI >=50
2026-08-31,ЖИТОРАЂА,,4,VERY_HIGH,38.0–<50.0,RED,0.1706,1090,0.8294,EFFIS / Météo-France categorical FWI,https://maps.effis.emergency.copernicus.eu/effis,mf010.fwi,EFFIS Météo-France valid 2026-08-31,AVAILABLE,guarded maximum published EFFIS class,2026-08-28T17:21:07.772280Z,Official deterministic EFFIS WMS category only; numeric FWI intentionally not inferred from display colours; PNG map georeferenced from WMS request BBOX; active 5-colour style merges Extreme and Very Extreme as FWI >=50
2026-08-31,КУРШУМЛИЈА,,4,VERY_HIGH,38.0–<50.0,RED,0.1278,4845,0.8025,EFFIS / Météo-France categorical FWI,https://maps.effis.emergency.copernicus.eu/effis,mf010.fwi,EFFIS Météo-France valid 2026-08-31,AVAILABLE,guarded maximum published EFFIS class,2026-08-28T17:21:07.772280Z,Official deterministic EFFIS WMS category only; numeric FWI intentionally not inferred from display colours; PNG map georeferenced from WMS request BBOX; active 5-colour style merges Extreme and Very Extreme as FWI >=50
2026-08-31,ПРОКУПЉЕ,,4,VERY_HIGH,38.0–<50.0,RED,0.5828,3852,0.5828,EFFIS / Météo-France categorical FWI,https://maps.effis.emergency.copernicus.eu/effis,mf010.fwi,EFFIS Météo-France valid 2026-08-31,AVAILABLE,guarded maximum published EFFIS class,2026-08-28T17:21:07.772280Z,Official deterministic EFFIS WMS category only; numeric FWI intentionally not inferred from display colours; PNG map georeferenced from WMS request BBOX; active 5-colour style merges Extreme and Very Extreme as FWI >=50
2026-08-31,БЛАЦЕ,,4,VERY_HIGH,38.0–<50.0,RED,0.6722,1562,0.6722,EFFIS / Météo-France categorical FWI,https://maps.effis.emergency.copernicus.eu/effis,mf010.fwi,EFFIS Météo-France valid 2026-08-31,AVAILABLE,guarded maximum published EFFIS class,2026-08-28T17:21:07.772280Z,Official deterministic EFFIS WMS category only; numeric FWI intentionally not inferred from display colours; PNG map georeferenced from WMS request BBOX; active 5-colour style merges Extreme and Very Extreme as FWI >=50
