Municipality_DOM_ID,Value_e,Value_sl,Value_sc,date,day_index,model_run,gefs_heat_index_max,icon_heat_index_max,multimodel_heat_index_max,p_below_27,p_27_32,p_32_41,p_41_54,p_ge_54,dominant_category,heat_stress_category_sr,heat_stress_color,dominant_category_probability,peak_heat_index_valid_time,models,gefs_members,icon_members,status
80012,ADA,ADA,АДА,2026-08-27,2,2026-08-25T00:00:00+00:00,31.4,30.5,30.9,1.6,79.4,19.0,0.0,0.0,27_32,Повишен топлотни стрес,YELLOW,79.4,2026-08-27T12:00:00+00:00,GEFS | ICON global EPS,31,40,EXPERIMENTAL / NOT CALIBRATED
80209,KIKINDA,KIKINDA,КИКИНДА,2026-08-27,2,2026-08-25T00:00:00+00:00,31.1,30.6,30.9,1.6,82.1,16.3,0.0,0.0,27_32,Повишен топлотни стрес,YELLOW,82.1,2026-08-27T12:00:00+00:00,GEFS | ICON global EPS,31,40,EXPERIMENTAL / NOT CALIBRATED
80365,SENTA,SENTA,СЕНТА,2026-08-27,2,2026-08-25T00:00:00+00:00,31.0,30.5,30.7,3.2,79.4,17.4,0.0,0.0,27_32,Повишен топлотни стрес,YELLOW,79.4,2026-08-27T12:00:00+00:00,GEFS | ICON global EPS,31,40,EXPERIMENTAL / NOT CALIBRATED
80489,ČOKA,ČOKA,ЧОКА,2026-08-27,2,2026-08-25T00:00:00+00:00,30.9,30.5,30.7,3.2,81.0,15.8,0.0,0.0,27_32,Повишен топлотни стрес,YELLOW,81.0,2026-08-27T12:00:00+00:00,GEFS | ICON global EPS,31,40,EXPERIMENTAL / NOT CALIBRATED
80276,NOVI KNEŽEVAC,NOVI KNEŽEVAC,НОВИ КНЕЖЕВАЦ,2026-08-27,2,2026-08-25T00:00:00+00:00,30.9,30.2,30.5,3.2,79.8,17.0,0.0,0.0,27_32,Повишен топлотни стрес,YELLOW,79.8,2026-08-27T12:00:00+00:00,GEFS | ICON global EPS,31,40,EXPERIMENTAL / NOT CALIBRATED
80195,KANJIŽA,KANJIŽA,КАЊИЖА,2026-08-27,2,2026-08-25T00:00:00+00:00,31.0,30.2,30.6,3.2,78.1,18.6,0.0,0.0,27_32,Повишен топлотни стрес,YELLOW,78.1,2026-08-27T12:00:00+00:00,GEFS | ICON global EPS,31,40,EXPERIMENTAL / NOT CALIBRATED
70521,ŽABARI,ŽABARI,ЖАБАРИ,2026-08-27,2,2026-08-25T00:00:00+00:00,31.5,31.3,31.4,0.0,65.3,34.7,0.0,0.0,27_32,Повишен топлотни стрес,YELLOW,65.3,2026-08-27T12:00:00+00:00,GEFS | ICON global EPS,31,40,EXPERIMENTAL / NOT CALIBRATED
70530,ŽAGUBICA,ŽAGUBICA,ЖАГУБИЦА,2026-08-27,2,2026-08-25T00:00:00+00:00,28.5,28.5,28.5,12.2,84.6,3.2,0.0,0.0,27_32,Повишен топлотни стрес,YELLOW,84.6,2026-08-27T12:00:00+00:00,GEFS | ICON global EPS,31,40,EXPERIMENTAL / NOT CALIBRATED
70912,PETROVAC NA MLAVI,PETROVAC NA MLAVI,ПЕТРОВАЦ НА МЛАВИ,2026-08-27,2,2026-08-25T00:00:00+00:00,29.9,30.1,30.0,3.2,91.9,4.8,0.0,0.0,27_32,Повишен топлотни стрес,YELLOW,91.9,2026-08-27T12:00:00+00:00,GEFS | ICON global EPS,31,40,EXPERIMENTAL / NOT CALIBRATED
70696,KUČEVO,KUČEVO,КУЧЕВО,2026-08-27,2,2026-08-25T00:00:00+00:00,29.6,28.9,29.2,6.5,88.7,4.8,0.0,0.0,27_32,Повишен топлотни стрес,YELLOW,88.7,2026-08-27T12:00:00+00:00,GEFS | ICON global EPS,31,40,EXPERIMENTAL / NOT CALIBRATED
70807,MALO CRNIĆE,MALO CRNIĆE,МАЛО ЦРНИЋЕ,2026-08-27,2,2026-08-25T00:00:00+00:00,31.5,31.1,31.3,0.0,75.3,24.7,0.0,0.0,27_32,Повишен топлотни стрес,YELLOW,75.3,2026-08-27T12:00:00+00:00,GEFS | ICON global EPS,31,40,EXPERIMENTAL / NOT CALIBRATED
70475,GOLUBAC,GOLUBAC,ГОЛУБАЦ,2026-08-27,2,2026-08-25T00:00:00+00:00,29.9,28.9,29.4,4.8,90.3,4.8,0.0,0.0,27_32,Повишен топлотни стрес,YELLOW,90.3,2026-08-27T12:00:00+00:00,GEFS | ICON global EPS,31,40,EXPERIMENTAL / NOT CALIBRATED
70947,POŽAREVAC-GRAD,POŽAREVAC-GRAD,ПОЖАРЕВАЦ-ГРАД,2026-08-27,2,2026-08-25T00:00:00+00:00,31.3,31.6,31.4,0.0,64.4,35.6,0.0,0.0,27_32,Повишен топлотни стрес,YELLOW,64.4,2026-08-27T12:00:00+00:00,GEFS | ICON global EPS,31,40,EXPERIMENTAL / NOT CALIBRATED
70394,VELIKO GRADIŠTE,VELIKO GRADIŠTE,ВЕЛИКО ГРАДИШТЕ,2026-08-27,2,2026-08-25T00:00:00+00:00,30.9,31.1,31.0,1.6,83.3,15.0,0.0,0.0,27_32,Повишен топлотни стрес,YELLOW,83.3,2026-08-27T12:00:00+00:00,GEFS | ICON global EPS,31,40,EXPERIMENTAL / NOT CALIBRATED
70602,KNJAŽEVAC,KNJAŽEVAC,КЊАЖЕВАЦ,2026-08-27,2,2026-08-25T00:00:00+00:00,29.7,29.6,29.6,0.0,96.8,3.2,0.0,0.0,27_32,Повишен топлотни стрес,YELLOW,96.8,2026-08-27T12:00:00+00:00,GEFS | ICON global EPS,31,40,EXPERIMENTAL / NOT CALIBRATED
71129,SOKOBANJA,SOKOBANJA,СОКОБАЊА,2026-08-27,2,2026-08-25T00:00:00+00:00,30.0,30.7,30.3,0.0,89.4,10.6,0.0,0.0,27_32,Повишен топлотни стрес,YELLOW,89.4,2026-08-27T12:00:00+00:00,GEFS | ICON global EPS,31,40,EXPERIMENTAL / NOT CALIBRATED
70319,BOLJEVAC,BOLJEVAC,БОЉЕВАЦ,2026-08-27,2,2026-08-25T00:00:00+00:00,30.0,30.8,30.4,0.0,88.2,11.8,0.0,0.0,27_32,Повишен топлотни стрес,YELLOW,88.2,2026-08-27T12:00:00+00:00,GEFS | ICON global EPS,31,40,EXPERIMENTAL / NOT CALIBRATED
70556,ZAJEČAR-GRAD,ZAJEČAR-GRAD,ЗАЈЕЧАР-ГРАД,2026-08-27,2,2026-08-25T00:00:00+00:00,30.4,30.8,30.6,1.6,86.6,11.8,0.0,0.0,27_32,Повишен топлотни стрес,YELLOW,86.6,2026-08-27T12:00:00+00:00,GEFS | ICON global EPS,31,40,EXPERIMENTAL / NOT CALIBRATED
70327,BOR,BOR,БОР,2026-08-27,2,2026-08-25T00:00:00+00:00,29.2,29.5,29.4,0.0,98.4,1.6,0.0,0.0,27_32,Повишен топлотни стрес,YELLOW,98.4,2026-08-27T12:00:00+00:00,GEFS | ICON global EPS,31,40,EXPERIMENTAL / NOT CALIBRATED
70840,NEGOTIN,NEGOTIN,НЕГОТИН,2026-08-27,2,2026-08-25T00:00:00+00:00,31.4,30.4,30.9,0.0,77.3,22.7,0.0,0.0,27_32,Повишен топлотни стрес,YELLOW,77.3,2026-08-27T12:00:00+00:00,GEFS | ICON global EPS,31,40,EXPERIMENTAL / NOT CALIBRATED
70785,MAJDANPEK,MAJDANPEK,МАЈДАНПЕК,2026-08-27,2,2026-08-25T00:00:00+00:00,29.6,29.0,29.3,8.1,85.5,6.5,0.0,0.0,27_32,Повишен топлотни стрес,YELLOW,85.5,2026-08-27T12:00:00+00:00,GEFS | ICON global EPS,31,40,EXPERIMENTAL / NOT CALIBRATED
70572,KLADOVO,KLADOVO,КЛАДОВО,2026-08-27,2,2026-08-25T00:00:00+00:00,30.6,29.2,29.9,0.0,88.7,11.3,0.0,0.0,27_32,Повишен топлотни стрес,YELLOW,88.7,2026-08-27T12:00:00+00:00,GEFS | ICON global EPS,31,40,EXPERIMENTAL / NOT CALIBRATED
80225,KOVIN,KOVIN,КОВИН,2026-08-27,2,2026-08-25T00:00:00+00:00,31.5,31.5,31.5,0.0,64.0,36.0,0.0,0.0,27_32,Повишен топлотни стрес,YELLOW,64.0,2026-08-27T12:00:00+00:00,GEFS | ICON global EPS,31,40,EXPERIMENTAL / NOT CALIBRATED
80098,BELA CRKVA,BELA CRKVA,БЕЛА ЦРКВА,2026-08-27,2,2026-08-25T00:00:00+00:00,30.9,30.3,30.6,1.6,81.0,17.4,0.0,0.0,27_32,Повишен топлотни стрес,YELLOW,81.0,2026-08-27T12:00:00+00:00,GEFS | ICON global EPS,31,40,EXPERIMENTAL / NOT CALIBRATED
80292,OPOVO,OPOVO,ОПОВО,2026-08-27,2,2026-08-25T00:00:00+00:00,31.4,31.8,31.6,0.0,60.3,39.7,0.0,0.0,27_32,Повишен топлотни стрес,YELLOW,60.3,2026-08-27T12:00:00+00:00,GEFS | ICON global EPS,31,40,EXPERIMENTAL / NOT CALIBRATED
80217,KOVAČICA,KOVAČICA,КОВАЧИЦА,2026-08-27,2,2026-08-25T00:00:00+00:00,31.3,31.3,31.3,1.6,67.4,31.0,0.0,0.0,27_32,Повишен топлотни стрес,YELLOW,67.4,2026-08-27T12:00:00+00:00,GEFS | ICON global EPS,31,40,EXPERIMENTAL / NOT CALIBRATED
80128,VRŠAC,VRŠAC,ВРШАЦ,2026-08-27,2,2026-08-25T00:00:00+00:00,30.9,31.0,31.0,1.6,76.0,22.4,0.0,0.0,27_32,Повишен топлотни стрес,YELLOW,76.0,2026-08-27T12:00:00+00:00,GEFS | ICON global EPS,31,40,EXPERIMENTAL / NOT CALIBRATED
80039,ALIBUNAR,ALIBUNAR,АЛИБУНАР,2026-08-27,2,2026-08-25T00:00:00+00:00,31.1,31.3,31.2,1.6,67.4,31.0,0.0,0.0,27_32,Повишен топлотни стрес,YELLOW,67.4,2026-08-27T12:00:00+00:00,GEFS | ICON global EPS,31,40,EXPERIMENTAL / NOT CALIBRATED
80349,PLANDIŠTE,PLANDIŠTE,ПЛАНДИШТЕ,2026-08-27,2,2026-08-25T00:00:00+00:00,31.2,31.1,31.2,1.6,77.3,21.1,0.0,0.0,27_32,Повишен топлотни стрес,YELLOW,77.3,2026-08-27T12:00:00+00:00,GEFS | ICON global EPS,31,40,EXPERIMENTAL / NOT CALIBRATED
80314,PANČEVO-GRAD,PANČEVO-GRAD,ПАНЧЕВО-ГРАД,2026-08-27,2,2026-08-25T00:00:00+00:00,31.1,31.2,31.2,0.0,70.6,29.4,0.0,0.0,27_32,Повишен топлотни стрес,YELLOW,70.6,2026-08-27T12:00:00+00:00,GEFS | ICON global EPS,31,40,EXPERIMENTAL / NOT CALIBRATED
71269,ŠABAC-GRAD,ŠABAC-GRAD,ШАБАЦ-ГРАД,2026-08-27,2,2026-08-25T00:00:00+00:00,32.7,32.1,32.4,0.0,40.2,59.8,0.0,0.0,32_41,Изражен топлотни стрес,ORANGE,59.8,2026-08-27T12:00:00+00:00,GEFS | ICON global EPS,31,40,EXPERIMENTAL / NOT CALIBRATED
70289,BOGATIĆ,BOGATIĆ,БОГАТИЋ,2026-08-27,2,2026-08-25T00:00:00+00:00,32.7,32.3,32.5,0.0,36.5,63.5,0.0,0.0,32_41,Изражен топлотни стрес,ORANGE,63.5,2026-08-27T12:00:00+00:00,GEFS | ICON global EPS,31,40,EXPERIMENTAL / NOT CALIBRATED
70777,LJUBOVIJA,LJUBOVIJA,ЉУБОВИЈА,2026-08-27,2,2026-08-25T00:00:00+00:00,31.9,31.4,31.7,0.0,65.8,34.2,0.0,0.0,27_32,Повишен топлотни стрес,YELLOW,65.8,2026-08-27T12:00:00+00:00,GEFS | ICON global EPS,31,40,EXPERIMENTAL / NOT CALIBRATED
70661,KRUPANJ,KRUPANJ,КРУПАЊ,2026-08-27,2,2026-08-25T00:00:00+00:00,32.4,31.4,31.9,0.0,59.4,40.6,0.0,0.0,27_32,Повишен топлотни стрес,YELLOW,59.4,2026-08-27T12:00:00+00:00,GEFS | ICON global EPS,31,40,EXPERIMENTAL / NOT CALIBRATED
70793,MALI ZVORNIK,MALI ZVORNIK,МАЛИ ЗВОРНИК,2026-08-27,2,2026-08-25T00:00:00+00:00,32.5,31.7,32.1,0.0,51.9,48.1,0.0,0.0,27_32,Повишен топлотни стрес,YELLOW,51.9,2026-08-27T12:00:00+00:00,GEFS | ICON global EPS,31,40,EXPERIMENTAL / NOT CALIBRATED
70637,KOCELJEVA,KOCELJEVA,КОЦЕЉЕВА,2026-08-27,2,2026-08-25T00:00:00+00:00,32.2,32.3,32.3,0.0,41.0,59.0,0.0,0.0,32_41,Изражен топлотни стрес,ORANGE,59.0,2026-08-27T12:00:00+00:00,GEFS | ICON global EPS,31,40,EXPERIMENTAL / NOT CALIBRATED
70734,LOZNICA-GRAD,LOZNICA-GRAD,ЛОЗНИЦА-ГРАД,2026-08-27,2,2026-08-25T00:00:00+00:00,33.4,32.5,32.9,0.0,35.2,64.8,0.0,0.0,32_41,Изражен топлотни стрес,ORANGE,64.8,2026-08-27T12:00:00+00:00,GEFS | ICON global EPS,31,40,EXPERIMENTAL / NOT CALIBRATED
70408,VLADIMIRCI,VLADIMIRCI,ВЛАДИМИРЦИ,2026-08-27,2,2026-08-25T00:00:00+00:00,32.2,32.3,32.2,0.0,42.2,57.8,0.0,0.0,32_41,Изражен топлотни стрес,ORANGE,57.8,2026-08-27T12:00:00+00:00,GEFS | ICON global EPS,31,40,EXPERIMENTAL / NOT CALIBRATED
70181,BEOGRAD-NOVI BEOGRAD,BEOGRAD-NOVI BEOGRAD,БЕОГРАД-НОВИ БЕОГРАД,2026-08-27,2,2026-08-25T00:00:00+00:00,31.2,31.3,31.3,0.0,67.3,32.7,0.0,0.0,27_32,Повишен топлотни стрес,YELLOW,67.3,2026-08-27T12:00:00+00:00,GEFS | ICON global EPS,31,40,EXPERIMENTAL / NOT CALIBRATED
71293,BEOGRAD-SURČIN,BEOGRAD-SURČIN,БЕОГРАД-СУРЧИН,2026-08-27,2,2026-08-25T00:00:00+00:00,31.7,32.4,32.1,0.0,49.4,50.6,0.0,0.0,32_41,Изражен топлотни стрес,ORANGE,50.6,2026-08-27T12:00:00+00:00,GEFS | ICON global EPS,31,40,EXPERIMENTAL / NOT CALIBRATED
70157,BEOGRAD-ZEMUN,BEOGRAD-ZEMUN,БЕОГРАД-ЗЕМУН,2026-08-27,2,2026-08-25T00:00:00+00:00,31.6,31.3,31.5,0.0,64.0,36.0,0.0,0.0,27_32,Повишен топлотни стрес,YELLOW,64.0,2026-08-27T12:00:00+00:00,GEFS | ICON global EPS,31,40,EXPERIMENTAL / NOT CALIBRATED
70203,BEOGRAD-PALILULA,BEOGRAD-PALILULA,БЕОГРАД-ПАЛИЛУЛА,2026-08-27,2,2026-08-25T00:00:00+00:00,31.4,31.8,31.6,0.0,60.3,39.7,0.0,0.0,27_32,Повишен топлотни стрес,YELLOW,60.3,2026-08-27T12:00:00+00:00,GEFS | ICON global EPS,31,40,EXPERIMENTAL / NOT CALIBRATED
70173,BEOGRAD-MLADENOVAC,BEOGRAD-MLADENOVAC,БЕОГРАД-МЛАДЕНОВАЦ,2026-08-27,2,2026-08-25T00:00:00+00:00,31.6,31.2,31.4,0.0,72.3,27.7,0.0,0.0,27_32,Повишен топлотни стрес,YELLOW,72.3,2026-08-27T12:00:00+00:00,GEFS | ICON global EPS,31,40,EXPERIMENTAL / NOT CALIBRATED
70165,BEOGRAD-LAZAREVAC,BEOGRAD-LAZAREVAC,БЕОГРАД-ЛАЗАРЕВАЦ,2026-08-27,2,2026-08-25T00:00:00+00:00,31.9,32.5,32.2,0.0,44.6,55.4,0.0,0.0,32_41,Изражен топлотни стрес,ORANGE,55.4,2026-08-27T12:00:00+00:00,GEFS | ICON global EPS,31,40,EXPERIMENTAL / NOT CALIBRATED
70092,BEOGRAD-BARAJEVO,BEOGRAD-BARAJEVO,БЕОГРАД-БАРАЈЕВО,2026-08-27,2,2026-08-25T00:00:00+00:00,31.7,31.5,31.6,0.0,69.4,30.6,0.0,0.0,27_32,Повишен топлотни стрес,YELLOW,69.4,2026-08-27T12:00:00+00:00,GEFS | ICON global EPS,31,40,EXPERIMENTAL / NOT CALIBRATED
70190,BEOGRAD-OBRENOVAC,BEOGRAD-OBRENOVAC,БЕОГРАД-ОБРЕНОВАЦ,2026-08-27,2,2026-08-25T00:00:00+00:00,31.9,32.3,32.1,0.0,47.1,52.9,0.0,0.0,32_41,Изражен топлотни стрес,ORANGE,52.9,2026-08-27T12:00:00+00:00,GEFS | ICON global EPS,31,40,EXPERIMENTAL / NOT CALIBRATED
70211,BEOGRAD-RAKOVICA,BEOGRAD-RAKOVICA,БЕОГРАД-РАКОВИЦА,2026-08-27,2,2026-08-25T00:00:00+00:00,31.2,31.3,31.3,0.0,67.3,32.7,0.0,0.0,27_32,Повишен топлотни стрес,YELLOW,67.3,2026-08-27T12:00:00+00:00,GEFS | ICON global EPS,31,40,EXPERIMENTAL / NOT CALIBRATED
70106,BEOGRAD-VOŽDOVAC,BEOGRAD-VOŽDOVAC,БЕОГРАД-ВОЖДОВАЦ,2026-08-27,2,2026-08-25T00:00:00+00:00,31.2,31.2,31.2,0.0,73.5,26.5,0.0,0.0,27_32,Повишен топлотни стрес,YELLOW,73.5,2026-08-27T12:00:00+00:00,GEFS | ICON global EPS,31,40,EXPERIMENTAL / NOT CALIBRATED
70254,BEOGRAD-ČUKARICA,BEOGRAD-ČUKARICA,БЕОГРАД-ЧУКАРИЦА,2026-08-27,2,2026-08-25T00:00:00+00:00,31.2,31.3,31.3,0.0,67.3,32.7,0.0,0.0,27_32,Повишен топлотни стрес,YELLOW,67.3,2026-08-27T12:00:00+00:00,GEFS | ICON global EPS,31,40,EXPERIMENTAL / NOT CALIBRATED
70114,BEOGRAD-VRAČAR,BEOGRAD-VRAČAR,БЕОГРАД-ВРАЧАР,2026-08-27,2,2026-08-25T00:00:00+00:00,31.2,31.3,31.3,0.0,67.3,32.7,0.0,0.0,27_32,Повишен топлотни стрес,YELLOW,67.3,2026-08-27T12:00:00+00:00,GEFS | ICON global EPS,31,40,EXPERIMENTAL / NOT CALIBRATED
70149,BEOGRAD-ZVEZDARA,BEOGRAD-ZVEZDARA,БЕОГРАД-ЗВЕЗДАРА,2026-08-27,2,2026-08-25T00:00:00+00:00,31.2,31.3,31.3,0.0,67.3,32.7,0.0,0.0,27_32,Повишен топлотни стрес,YELLOW,67.3,2026-08-27T12:00:00+00:00,GEFS | ICON global EPS,31,40,EXPERIMENTAL / NOT CALIBRATED
70220,BEOGRAD-SAVSKI VENAC,BEOGRAD-SAVSKI VENAC,БЕОГРАД-САВСКИ ВЕНАЦ,2026-08-27,2,2026-08-25T00:00:00+00:00,31.2,31.3,31.3,0.0,67.3,32.7,0.0,0.0,27_32,Повишен топлотни стрес,YELLOW,67.3,2026-08-27T12:00:00+00:00,GEFS | ICON global EPS,31,40,EXPERIMENTAL / NOT CALIBRATED
70246,BEOGRAD-STARI GRAD,BEOGRAD-STARI GRAD,БЕОГРАД-СТАРИ ГРАД,2026-08-27,2,2026-08-25T00:00:00+00:00,31.2,31.3,31.3,0.0,67.3,32.7,0.0,0.0,27_32,Повишен топлотни стрес,YELLOW,67.3,2026-08-27T12:00:00+00:00,GEFS | ICON global EPS,31,40,EXPERIMENTAL / NOT CALIBRATED
70238,BEOGRAD-SOPOT,BEOGRAD-SOPOT,БЕОГРАД-СОПОТ,2026-08-27,2,2026-08-25T00:00:00+00:00,31.7,31.5,31.6,0.0,69.4,30.6,0.0,0.0,27_32,Повишен топлотни стрес,YELLOW,69.4,2026-08-27T12:00:00+00:00,GEFS | ICON global EPS,31,40,EXPERIMENTAL / NOT CALIBRATED
70122,BEOGRAD-GROCKA,BEOGRAD-GROCKA,БЕОГРАД-ГРОЦКА,2026-08-27,2,2026-08-25T00:00:00+00:00,31.1,31.2,31.1,0.0,71.9,28.1,0.0,0.0,27_32,Повишен топлотни стрес,YELLOW,71.9,2026-08-27T12:00:00+00:00,GEFS | ICON global EPS,31,40,EXPERIMENTAL / NOT CALIBRATED
70769,LJIG,LJIG,ЉИГ,2026-08-27,2,2026-08-25T00:00:00+00:00,31.1,31.0,31.1,0.0,78.0,22.0,0.0,0.0,27_32,Повишен топлотни стрес,YELLOW,78.0,2026-08-27T12:00:00+00:00,GEFS | ICON global EPS,31,40,EXPERIMENTAL / NOT CALIBRATED
70831,MIONICA,MIONICA,МИОНИЦА,2026-08-27,2,2026-08-25T00:00:00+00:00,31.3,31.0,31.1,0.0,78.0,22.0,0.0,0.0,27_32,Повишен топлотни стрес,YELLOW,78.0,2026-08-27T12:00:00+00:00,GEFS | ICON global EPS,31,40,EXPERIMENTAL / NOT CALIBRATED
70360,VALJEVO-GRAD,VALJEVO-GRAD,ВАЉЕВО-ГРАД,2026-08-27,2,2026-08-25T00:00:00+00:00,31.4,29.4,30.4,0.0,79.0,21.0,0.0,0.0,27_32,Повишен топлотни стрес,YELLOW,79.0,2026-08-27T12:00:00+00:00,GEFS | ICON global EPS,31,40,EXPERIMENTAL / NOT CALIBRATED
70882,OSEČINA,OSEČINA,ОСЕЧИНА,2026-08-27,2,2026-08-25T00:00:00+00:00,31.9,30.6,31.3,0.0,74.6,25.4,0.0,0.0,27_32,Повишен топлотни стрес,YELLOW,74.6,2026-08-27T12:00:00+00:00,GEFS | ICON global EPS,31,40,EXPERIMENTAL / NOT CALIBRATED
70700,LAJKOVAC,LAJKOVAC,ЛАЈКОВАЦ,2026-08-27,2,2026-08-25T00:00:00+00:00,31.1,32.5,31.8,0.0,54.2,45.8,0.0,0.0,27_32,Повишен топлотни стрес,YELLOW,54.2,2026-08-27T12:00:00+00:00,GEFS | ICON global EPS,31,40,EXPERIMENTAL / NOT CALIBRATED
71218,UB,UB,УБ,2026-08-27,2,2026-08-25T00:00:00+00:00,32.3,32.3,32.3,0.0,43.8,56.2,0.0,0.0,32_41,Изражен топлотни стрес,ORANGE,56.2,2026-08-27T12:00:00+00:00,GEFS | ICON global EPS,31,40,EXPERIMENTAL / NOT CALIBRATED
80152,ZRENJANIN-GRAD,ZRENJANIN-GRAD,ЗРЕЊАНИН-ГРАД,2026-08-27,2,2026-08-25T00:00:00+00:00,31.5,31.2,31.4,0.0,71.5,28.5,0.0,0.0,27_32,Повишен топлотни стрес,YELLOW,71.5,2026-08-27T12:00:00+00:00,GEFS | ICON global EPS,31,40,EXPERIMENTAL / NOT CALIBRATED
80373,SEČANJ,SEČANJ,СЕЧАЊ,2026-08-27,2,2026-08-25T00:00:00+00:00,31.4,31.3,31.4,1.6,70.3,28.1,0.0,0.0,27_32,Повишен топлотни стрес,YELLOW,70.3,2026-08-27T12:00:00+00:00,GEFS | ICON global EPS,31,40,EXPERIMENTAL / NOT CALIBRATED
80144,ŽITIŠTE,ŽITIŠTE,ЖИТИШТЕ,2026-08-27,2,2026-08-25T00:00:00+00:00,31.3,31.0,31.1,1.6,79.8,18.6,0.0,0.0,27_32,Повишен топлотни стрес,YELLOW,79.8,2026-08-27T12:00:00+00:00,GEFS | ICON global EPS,31,40,EXPERIMENTAL / NOT CALIBRATED
80268,NOVI BEČEJ,NOVI BEČEJ,НОВИ БЕЧЕЈ,2026-08-27,2,2026-08-25T00:00:00+00:00,31.3,30.7,31.0,1.6,76.0,22.4,0.0,0.0,27_32,Повишен топлотни стрес,YELLOW,76.0,2026-08-27T12:00:00+00:00,GEFS | ICON global EPS,31,40,EXPERIMENTAL / NOT CALIBRATED
80250,NOVA CRNJA,NOVA CRNJA,НОВА ЦРЊА,2026-08-27,2,2026-08-25T00:00:00+00:00,31.1,31.0,31.0,1.6,86.2,12.2,0.0,0.0,27_32,Повишен топлотни стрес,YELLOW,86.2,2026-08-27T12:00:00+00:00,GEFS | ICON global EPS,31,40,EXPERIMENTAL / NOT CALIBRATED
80322,PEĆINCI,PEĆINCI,ПЕЋИНЦИ,2026-08-27,2,2026-08-25T00:00:00+00:00,32.4,32.4,32.4,0.0,41.3,58.7,0.0,0.0,32_41,Изражен топлотни стрес,ORANGE,58.7,2026-08-27T12:00:00+00:00,GEFS | ICON global EPS,31,40,EXPERIMENTAL / NOT CALIBRATED
80187,IRIG,IRIG,ИРИГ,2026-08-27,2,2026-08-25T00:00:00+00:00,32.1,31.2,31.7,0.0,66.7,33.3,0.0,0.0,27_32,Повишен топлотни стрес,YELLOW,66.7,2026-08-27T12:00:00+00:00,GEFS | ICON global EPS,31,40,EXPERIMENTAL / NOT CALIBRATED
80420,STARA PAZOVA,STARA PAZOVA,СТАРА ПАЗОВА,2026-08-27,2,2026-08-25T00:00:00+00:00,31.6,31.5,31.6,0.0,65.3,34.7,0.0,0.0,27_32,Повишен топлотни стрес,YELLOW,65.3,2026-08-27T12:00:00+00:00,GEFS | ICON global EPS,31,40,EXPERIMENTAL / NOT CALIBRATED
80357,RUMA,RUMA,РУМА,2026-08-27,2,2026-08-25T00:00:00+00:00,32.1,32.3,32.2,0.0,41.7,58.3,0.0,0.0,32_41,Изражен топлотни стрес,ORANGE,58.3,2026-08-27T12:00:00+00:00,GEFS | ICON global EPS,31,40,EXPERIMENTAL / NOT CALIBRATED
80403,SREMSKA MITROVICA-GRAD,SREMSKA MITROVICA-GRAD,СРЕМСКА МИТРОВИЦА-ГРАД,2026-08-27,2,2026-08-25T00:00:00+00:00,32.4,32.5,32.4,0.0,36.0,64.0,0.0,0.0,32_41,Изражен топлотни стрес,ORANGE,64.0,2026-08-27T12:00:00+00:00,GEFS | ICON global EPS,31,40,EXPERIMENTAL / NOT CALIBRATED
80179,INĐIJA,INĐIJA,ИНЂИЈА,2026-08-27,2,2026-08-25T00:00:00+00:00,31.8,31.2,31.5,0.0,71.5,28.5,0.0,0.0,27_32,Повишен топлотни стрес,YELLOW,71.5,2026-08-27T12:00:00+00:00,GEFS | ICON global EPS,31,40,EXPERIMENTAL / NOT CALIBRATED
80497,ŠID,ŠID,ШИД,2026-08-27,2,2026-08-25T00:00:00+00:00,32.7,32.5,32.6,0.0,32.7,67.3,0.0,0.0,32_41,Изражен топлотни стрес,ORANGE,67.3,2026-08-27T12:00:00+00:00,GEFS | ICON global EPS,31,40,EXPERIMENTAL / NOT CALIBRATED
90336,GORA,GORA,ГОРА,2026-08-27,2,2026-08-25T00:00:00+00:00,28.7,27.8,28.3,6.2,93.8,0.0,0.0,0.0,27_32,Повишен топлотни стрес,YELLOW,93.8,2026-08-27T12:00:00+00:00,GEFS | ICON global EPS,31,40,EXPERIMENTAL / NOT CALIBRATED
90255,PRIZREN,PRIZREN,ПРИЗРЕН,2026-08-27,2,2026-08-25T00:00:00+00:00,30.4,27.8,29.1,6.2,85.7,8.1,0.0,0.0,27_32,Повишен топлотни стрес,YELLOW,85.7,2026-08-27T12:00:00+00:00,GEFS | ICON global EPS,31,40,EXPERIMENTAL / NOT CALIBRATED
90280,SUVA REKA,SUVA REKA,СУВА РЕКА,2026-08-27,2,2026-08-25T00:00:00+00:00,30.4,30.7,30.6,0.0,91.9,8.1,0.0,0.0,27_32,Повишен топлотни стрес,YELLOW,91.9,2026-08-27T12:00:00+00:00,GEFS | ICON global EPS,31,40,EXPERIMENTAL / NOT CALIBRATED
90212,ORAHOVAC,ORAHOVAC,ОРАХОВАЦ,2026-08-27,2,2026-08-25T00:00:00+00:00,33.2,31.9,32.5,0.0,37.5,62.5,0.0,0.0,32_41,Изражен топлотни стрес,ORANGE,62.5,2026-08-27T12:00:00+00:00,GEFS | ICON global EPS,31,40,EXPERIMENTAL / NOT CALIBRATED
70963,PREŠEVO,PREŠEVO,ПРЕШЕВО,2026-08-27,2,2026-08-25T00:00:00+00:00,31.6,29.4,30.5,0.0,80.6,19.4,0.0,0.0,27_32,Повишен топлотни стрес,YELLOW,80.6,2026-08-27T12:00:00+00:00,GEFS | ICON global EPS,31,40,EXPERIMENTAL / NOT CALIBRATED
71161,TRGOVIŠTE,TRGOVIŠTE,ТРГОВИШТЕ,2026-08-27,2,2026-08-25T00:00:00+00:00,27.0,26.8,26.9,56.7,43.3,0.0,0.0,0.0,below_27,Без значајног топлотног стреса,GREEN,56.7,2026-08-27T12:00:00+00:00,GEFS | ICON global EPS,31,40,EXPERIMENTAL / NOT CALIBRATED
70335,BOSILEGRAD,BOSILEGRAD,БОСИЛЕГРАД,2026-08-27,2,2026-08-25T00:00:00+00:00,26.8,26.5,26.6,72.8,27.2,0.0,0.0,0.0,below_27,Без значајног топлотног стреса,GREEN,72.8,2026-08-27T12:00:00+00:00,GEFS | ICON global EPS,31,40,EXPERIMENTAL / NOT CALIBRATED
70432,VRANJE-GRAD,VRANJE-GRAD,ВРАЊЕ-ГРАД,2026-08-27,2,2026-08-25T00:00:00+00:00,28.8,28.4,28.6,2.5,95.9,1.6,0.0,0.0,27_32,Повишен топлотни стрес,YELLOW,95.9,2026-08-27T12:00:00+00:00,GEFS | ICON global EPS,31,40,EXPERIMENTAL / NOT CALIBRATED
71137,SURDULICA,SURDULICA,СУРДУЛИЦА,2026-08-27,2,2026-08-25T00:00:00+00:00,27.7,26.3,27.0,60.8,39.2,0.0,0.0,0.0,below_27,Без значајног топлотног стреса,GREEN,60.8,2026-08-27T12:00:00+00:00,GEFS | ICON global EPS,31,40,EXPERIMENTAL / NOT CALIBRATED
70416,VLADIČIN HAN,VLADIČIN HAN,ВЛАДИЧИН ХАН,2026-08-27,2,2026-08-25T00:00:00+00:00,28.7,28.3,28.5,1.2,95.5,3.2,0.0,0.0,27_32,Повишен топлотни стрес,YELLOW,95.5,2026-08-27T12:00:00+00:00,GEFS | ICON global EPS,31,40,EXPERIMENTAL / NOT CALIBRATED
70351,BUJANOVAC,BUJANOVAC,БУЈАНОВАЦ,2026-08-27,2,2026-08-25T00:00:00+00:00,30.5,29.7,30.1,0.0,91.9,8.1,0.0,0.0,27_32,Повишен топлотни стрес,YELLOW,91.9,2026-08-27T12:00:00+00:00,GEFS | ICON global EPS,31,40,EXPERIMENTAL / NOT CALIBRATED
71226,CRNA TRAVA,CRNA TRAVA,ЦРНА ТРАВА,2026-08-27,2,2026-08-25T00:00:00+00:00,27.7,26.4,27.0,59.5,40.5,0.0,0.0,0.0,below_27,Без значајног топлотног стреса,GREEN,59.5,2026-08-27T12:00:00+00:00,GEFS | ICON global EPS,31,40,EXPERIMENTAL / NOT CALIBRATED
70718,LEBANE,LEBANE,ЛЕБАНЕ,2026-08-27,2,2026-08-25T00:00:00+00:00,30.9,30.9,30.9,0.0,84.6,15.4,0.0,0.0,27_32,Повишен топлотни стрес,YELLOW,84.6,2026-08-27T12:00:00+00:00,GEFS | ICON global EPS,31,40,EXPERIMENTAL / NOT CALIBRATED
70815,MEDVEĐA,MEDVEĐA,МЕДВЕЂА,2026-08-27,2,2026-08-25T00:00:00+00:00,30.0,29.2,29.6,0.0,91.9,8.1,0.0,0.0,27_32,Повишен топлотни стрес,YELLOW,91.9,2026-08-27T12:00:00+00:00,GEFS | ICON global EPS,31,40,EXPERIMENTAL / NOT CALIBRATED
70424,VLASOTINCE,VLASOTINCE,ВЛАСОТИНЦЕ,2026-08-27,2,2026-08-25T00:00:00+00:00,29.1,26.4,27.7,45.0,53.4,1.6,0.0,0.0,27_32,Повишен топлотни стрес,YELLOW,53.4,2026-08-27T12:00:00+00:00,GEFS | ICON global EPS,31,40,EXPERIMENTAL / NOT CALIBRATED
70297,BOJNIK,BOJNIK,БОЈНИК,2026-08-27,2,2026-08-25T00:00:00+00:00,30.9,30.9,30.9,0.0,84.6,15.4,0.0,0.0,27_32,Повишен топлотни стрес,YELLOW,84.6,2026-08-27T12:00:00+00:00,GEFS | ICON global EPS,31,40,EXPERIMENTAL / NOT CALIBRATED
70726,LESKOVAC-GRAD,LESKOVAC-GRAD,ЛЕСКОВАЦ-ГРАД,2026-08-27,2,2026-08-25T00:00:00+00:00,30.4,30.9,30.7,0.0,87.8,12.2,0.0,0.0,27_32,Повишен топлотни стрес,YELLOW,87.8,2026-08-27T12:00:00+00:00,GEFS | ICON global EPS,31,40,EXPERIMENTAL / NOT CALIBRATED
71030,REKOVAC,REKOVAC,РЕКОВАЦ,2026-08-27,2,2026-08-25T00:00:00+00:00,29.6,31.1,30.3,0.0,89.8,10.2,0.0,0.0,27_32,Повишен топлотни стрес,YELLOW,89.8,2026-08-27T12:00:00+00:00,GEFS | ICON global EPS,31,40,EXPERIMENTAL / NOT CALIBRATED
70904,PARAĆIN,PARAĆIN,ПАРАЋИН,2026-08-27,2,2026-08-25T00:00:00+00:00,30.6,29.3,30.0,0.0,85.5,14.5,0.0,0.0,27_32,Повишен топлотни стрес,YELLOW,85.5,2026-08-27T12:00:00+00:00,GEFS | ICON global EPS,31,40,EXPERIMENTAL / NOT CALIBRATED
71200,ĆUPRIJA,ĆUPRIJA,ЋУПРИЈА,2026-08-27,2,2026-08-25T00:00:00+00:00,29.6,29.3,29.5,1.6,88.7,9.7,0.0,0.0,27_32,Повишен топлотни стрес,YELLOW,88.7,2026-08-27T12:00:00+00:00,GEFS | ICON global EPS,31,40,EXPERIMENTAL / NOT CALIBRATED
71048,JAGODINA-GRAD,JAGODINA-GRAD,ЈАГОДИНА-ГРАД,2026-08-27,2,2026-08-25T00:00:00+00:00,30.8,31.3,31.0,0.0,75.1,24.9,0.0,0.0,27_32,Повишен топлотни стрес,YELLOW,75.1,2026-08-27T12:00:00+00:00,GEFS | ICON global EPS,31,40,EXPERIMENTAL / NOT CALIBRATED
70491,DESPOTOVAC,DESPOTOVAC,ДЕСПОТОВАЦ,2026-08-27,2,2026-08-25T00:00:00+00:00,29.6,28.5,29.1,4.1,86.2,9.7,0.0,0.0,27_32,Повишен топлотни стрес,YELLOW,86.2,2026-08-27T12:00:00+00:00,GEFS | ICON global EPS,31,40,EXPERIMENTAL / NOT CALIBRATED
71056,SVILAJNAC,SVILAJNAC,СВИЛАЈНАЦ,2026-08-27,2,2026-08-25T00:00:00+00:00,31.2,31.3,31.2,0.0,68.5,31.5,0.0,0.0,27_32,Повишен топлотни стрес,YELLOW,68.5,2026-08-27T12:00:00+00:00,GEFS | ICON global EPS,31,40,EXPERIMENTAL / NOT CALIBRATED
70386,VELIKA PLANA,VELIKA PLANA,ВЕЛИКА ПЛАНА,2026-08-27,2,2026-08-25T00:00:00+00:00,31.4,31.1,31.2,0.0,76.4,23.6,0.0,0.0,27_32,Повишен топлотни стрес,YELLOW,76.4,2026-08-27T12:00:00+00:00,GEFS | ICON global EPS,31,40,EXPERIMENTAL / NOT CALIBRATED
71102,SMEDEREVSKA PALANKA,SMEDEREVSKA PALANKA,СМЕДЕРЕВСКА ПАЛАНКА,2026-08-27,2,2026-08-25T00:00:00+00:00,31.6,31.1,31.3,0.0,73.1,26.9,0.0,0.0,27_32,Повишен топлотни стрес,YELLOW,73.1,2026-08-27T12:00:00+00:00,GEFS | ICON global EPS,31,40,EXPERIMENTAL / NOT CALIBRATED
71099,SMEDEREVO-GRAD,SMEDEREVO-GRAD,СМЕДЕРЕВО-ГРАД,2026-08-27,2,2026-08-25T00:00:00+00:00,31.6,31.6,31.6,0.0,64.4,35.6,0.0,0.0,27_32,Повишен топлотни стрес,YELLOW,64.4,2026-08-27T12:00:00+00:00,GEFS | ICON global EPS,31,40,EXPERIMENTAL / NOT CALIBRATED
70343,BRUS,BRUS,БРУС,2026-08-27,2,2026-08-25T00:00:00+00:00,28.3,28.0,28.2,8.2,85.3,6.5,0.0,0.0,27_32,Повишен топлотни стрес,YELLOW,85.3,2026-08-27T12:00:00+00:00,GEFS | ICON global EPS,31,40,EXPERIMENTAL / NOT CALIBRATED
70017,ALEKSANDROVAC,ALEKSANDROVAC,АЛЕКСАНДРОВАЦ,2026-08-27,2,2026-08-25T00:00:00+00:00,28.5,27.7,28.1,12.0,86.4,1.6,0.0,0.0,27_32,Повишен топлотни стрес,YELLOW,86.4,2026-08-27T12:00:00+00:00,GEFS | ICON global EPS,31,40,EXPERIMENTAL / NOT CALIBRATED
70670,KRUŠEVAC-GRAD,KRUŠEVAC-GRAD,КРУШЕВАЦ-ГРАД,2026-08-27,2,2026-08-25T00:00:00+00:00,29.9,31.1,30.5,0.0,80.8,19.2,0.0,0.0,27_32,Повишен топлотни стрес,YELLOW,80.8,2026-08-27T12:00:00+00:00,GEFS | ICON global EPS,31,40,EXPERIMENTAL / NOT CALIBRATED
71170,TRSTENIK,TRSTENIK,ТРСТЕНИК,2026-08-27,2,2026-08-25T00:00:00+00:00,29.6,31.1,30.3,0.0,89.8,10.2,0.0,0.0,27_32,Повишен топлотни стрес,YELLOW,89.8,2026-08-27T12:00:00+00:00,GEFS | ICON global EPS,31,40,EXPERIMENTAL / NOT CALIBRATED
71196,ĆIĆEVAC,ĆIĆEVAC,ЋИЋЕВАЦ,2026-08-27,2,2026-08-25T00:00:00+00:00,30.6,31.1,30.9,0.0,79.2,20.8,0.0,0.0,27_32,Повишен топлотни стрес,YELLOW,79.2,2026-08-27T12:00:00+00:00,GEFS | ICON global EPS,31,40,EXPERIMENTAL / NOT CALIBRATED
70378,VARVARIN,VARVARIN,ВАРВАРИН,2026-08-27,2,2026-08-25T00:00:00+00:00,30.9,31.1,31.0,0.0,80.1,19.9,0.0,0.0,27_32,Повишен топлотни стрес,YELLOW,80.1,2026-08-27T12:00:00+00:00,GEFS | ICON global EPS,31,40,EXPERIMENTAL / NOT CALIBRATED
80241,MALI IĐOŠ,MALI IĐOŠ,МАЛИ ИЂОШ,2026-08-27,2,2026-08-25T00:00:00+00:00,31.5,30.6,31.0,1.6,76.5,21.9,0.0,0.0,27_32,Повишен топлотни стрес,YELLOW,76.5,2026-08-27T12:00:00+00:00,GEFS | ICON global EPS,31,40,EXPERIMENTAL / NOT CALIBRATED
80071,BAČKA TOPOLA,BAČKA TOPOLA,БАЧКА ТОПОЛА,2026-08-27,2,2026-08-25T00:00:00+00:00,31.6,30.2,30.9,1.6,72.9,25.4,0.0,0.0,27_32,Повишен топлотни стрес,YELLOW,72.9,2026-08-27T12:00:00+00:00,GEFS | ICON global EPS,31,40,EXPERIMENTAL / NOT CALIBRATED
80438,SUBOTICA-GRAD,SUBOTICA-GRAD,СУБОТИЦА-ГРАД,2026-08-27,2,2026-08-25T00:00:00+00:00,31.2,30.2,30.7,1.6,77.8,20.6,0.0,0.0,27_32,Повишен топлотни стрес,YELLOW,77.8,2026-08-27T12:00:00+00:00,GEFS | ICON global EPS,31,40,EXPERIMENTAL / NOT CALIBRATED
80306,ODŽACI,ODŽACI,ОЏАЦИ,2026-08-27,2,2026-08-25T00:00:00+00:00,32.1,31.3,31.7,0.0,60.4,39.6,0.0,0.0,27_32,Повишен топлотни стрес,YELLOW,60.4,2026-08-27T12:00:00+00:00,GEFS | ICON global EPS,31,40,EXPERIMENTAL / NOT CALIBRATED
80047,APATIN,APATIN,АПАТИН,2026-08-27,2,2026-08-25T00:00:00+00:00,31.8,31.0,31.4,0.0,64.6,35.4,0.0,0.0,27_32,Повишен топлотни стрес,YELLOW,64.6,2026-08-27T12:00:00+00:00,GEFS | ICON global EPS,31,40,EXPERIMENTAL / NOT CALIBRATED
80233,KULA,KULA,КУЛА,2026-08-27,2,2026-08-25T00:00:00+00:00,31.6,31.3,31.4,1.6,60.4,37.9,0.0,0.0,27_32,Повишен топлотни стрес,YELLOW,60.4,2026-08-27T12:00:00+00:00,GEFS | ICON global EPS,31,40,EXPERIMENTAL / NOT CALIBRATED
80381,SOMBOR-GRAD,SOMBOR-GRAD,СОМБОР-ГРАД,2026-08-27,2,2026-08-25T00:00:00+00:00,31.8,30.6,31.2,1.6,71.7,26.7,0.0,0.0,27_32,Повишен топлотни стрес,YELLOW,71.7,2026-08-27T12:00:00+00:00,GEFS | ICON global EPS,31,40,EXPERIMENTAL / NOT CALIBRATED
80063,BAČKA PALANKA,BAČKA PALANKA,БАЧКА ПАЛАНКА,2026-08-27,2,2026-08-25T00:00:00+00:00,31.8,31.9,31.9,0.0,53.3,46.7,0.0,0.0,27_32,Повишен топлотни стрес,YELLOW,53.3,2026-08-27T12:00:00+00:00,GEFS | ICON global EPS,31,40,EXPERIMENTAL / NOT CALIBRATED
80055,BAČ,BAČ,БАЧ,2026-08-27,2,2026-08-25T00:00:00+00:00,32.1,31.9,32.0,0.0,51.7,48.3,0.0,0.0,27_32,Повишен топлотни стрес,YELLOW,51.7,2026-08-27T12:00:00+00:00,GEFS | ICON global EPS,31,40,EXPERIMENTAL / NOT CALIBRATED
80390,SRBOBRAN,SRBOBRAN,СРБОБРАН,2026-08-27,2,2026-08-25T00:00:00+00:00,31.5,31.1,31.3,1.6,64.6,33.8,0.0,0.0,27_32,Повишен топлотни стрес,YELLOW,64.6,2026-08-27T12:00:00+00:00,GEFS | ICON global EPS,31,40,EXPERIMENTAL / NOT CALIBRATED
80136,ŽABALJ,ŽABALJ,ЖАБАЉ,2026-08-27,2,2026-08-25T00:00:00+00:00,31.5,31.0,31.2,1.6,69.9,28.5,0.0,0.0,27_32,Повишен топлотни стрес,YELLOW,69.9,2026-08-27T12:00:00+00:00,GEFS | ICON global EPS,31,40,EXPERIMENTAL / NOT CALIBRATED
80462,VRBAS,VRBAS,ВРБАС,2026-08-27,2,2026-08-25T00:00:00+00:00,31.6,31.1,31.3,0.0,66.2,33.8,0.0,0.0,27_32,Повишен топлотни стрес,YELLOW,66.2,2026-08-27T12:00:00+00:00,GEFS | ICON global EPS,31,40,EXPERIMENTAL / NOT CALIBRATED
80411,SREMSKI KARLOVCI,SREMSKI KARLOVCI,СРЕМСКИ КАРЛОВЦИ,2026-08-27,2,2026-08-25T00:00:00+00:00,31.5,31.2,31.4,0.0,71.5,28.5,0.0,0.0,27_32,Повишен топлотни стрес,YELLOW,71.5,2026-08-27T12:00:00+00:00,GEFS | ICON global EPS,31,40,EXPERIMENTAL / NOT CALIBRATED
80101,BEOČIN,BEOČIN,БЕОЧИН,2026-08-27,2,2026-08-25T00:00:00+00:00,31.4,31.6,31.5,0.0,70.5,29.5,0.0,0.0,27_32,Повишен топлотни стрес,YELLOW,70.5,2026-08-27T12:00:00+00:00,GEFS | ICON global EPS,31,40,EXPERIMENTAL / NOT CALIBRATED
80454,TITEL,TITEL,ТИТЕЛ,2026-08-27,2,2026-08-25T00:00:00+00:00,31.6,31.5,31.5,0.0,63.7,36.3,0.0,0.0,27_32,Повишен топлотни стрес,YELLOW,63.7,2026-08-27T12:00:00+00:00,GEFS | ICON global EPS,31,40,EXPERIMENTAL / NOT CALIBRATED
80080,BAČKI PETROVAC,BAČKI PETROVAC,БАЧКИ ПЕТРОВАЦ,2026-08-27,2,2026-08-25T00:00:00+00:00,31.8,31.6,31.7,0.0,60.8,39.2,0.0,0.0,27_32,Повишен топлотни стрес,YELLOW,60.8,2026-08-27T12:00:00+00:00,GEFS | ICON global EPS,31,40,EXPERIMENTAL / NOT CALIBRATED
80284,NOVI SAD-GRAD,NOVI SAD-GRAD,НОВИ САД-ГРАД,2026-08-27,2,2026-08-25T00:00:00+00:00,31.4,31.2,31.3,0.0,75.5,24.5,0.0,0.0,27_32,Повишен топлотни стрес,YELLOW,75.5,2026-08-27T12:00:00+00:00,GEFS | ICON global EPS,31,40,EXPERIMENTAL / NOT CALIBRATED
80446,TEMERIN,TEMERIN,ТЕМЕРИН,2026-08-27,2,2026-08-25T00:00:00+00:00,31.5,31.1,31.3,1.6,63.3,35.1,0.0,0.0,27_32,Повишен топлотни стрес,YELLOW,63.3,2026-08-27T12:00:00+00:00,GEFS | ICON global EPS,31,40,EXPERIMENTAL / NOT CALIBRATED
80110,BEČEJ,BEČEJ,БЕЧЕЈ,2026-08-27,2,2026-08-25T00:00:00+00:00,31.4,30.7,31.1,1.6,74.4,24.0,0.0,0.0,27_32,Повишен топлотни стрес,YELLOW,74.4,2026-08-27T12:00:00+00:00,GEFS | ICON global EPS,31,40,EXPERIMENTAL / NOT CALIBRATED
90271,SRBICA,SRBICA,СРБИЦА,2026-08-27,2,2026-08-25T00:00:00+00:00,31.7,30.4,31.1,0.0,77.8,22.2,0.0,0.0,27_32,Повишен топлотни стрес,YELLOW,77.8,2026-08-27T12:00:00+00:00,GEFS | ICON global EPS,31,40,EXPERIMENTAL / NOT CALIBRATED
90026,VUČITRN,VUČITRN,ВУЧИТРН,2026-08-27,2,2026-08-25T00:00:00+00:00,30.8,30.1,30.4,0.0,82.3,17.7,0.0,0.0,27_32,Повишен топлотни стрес,YELLOW,82.3,2026-08-27T12:00:00+00:00,GEFS | ICON global EPS,31,40,EXPERIMENTAL / NOT CALIBRATED
90093,ZUBIN POTOK,ZUBIN POTOK,ЗУБИН ПОТОК,2026-08-27,2,2026-08-25T00:00:00+00:00,29.4,28.8,29.1,0.0,90.3,9.7,0.0,0.0,27_32,Повишен топлотни стрес,YELLOW,90.3,2026-08-27T12:00:00+00:00,GEFS | ICON global EPS,31,40,EXPERIMENTAL / NOT CALIBRATED
90352,ZVEČAN,ZVEČAN,ЗВЕЧАН,2026-08-27,2,2026-08-25T00:00:00+00:00,29.4,28.5,28.9,2.5,87.8,9.7,0.0,0.0,27_32,Повишен топлотни стрес,YELLOW,87.8,2026-08-27T12:00:00+00:00,GEFS | ICON global EPS,31,40,EXPERIMENTAL / NOT CALIBRATED
90298,KOSOVSKA MITROVICA,KOSOVSKA MITROVICA,КОСОВСКА МИТРОВИЦА,2026-08-27,2,2026-08-25T00:00:00+00:00,28.2,28.4,28.3,1.6,95.2,3.2,0.0,0.0,27_32,Повишен топлотни стрес,YELLOW,95.2,2026-08-27T12:00:00+00:00,GEFS | ICON global EPS,31,40,EXPERIMENTAL / NOT CALIBRATED
90158,LEPOSAVIĆ,LEPOSAVIĆ,ЛЕПОСАВИЋ,2026-08-27,2,2026-08-25T00:00:00+00:00,29.4,28.5,28.9,2.5,87.8,9.7,0.0,0.0,27_32,Повишен топлотни стрес,YELLOW,87.8,2026-08-27T12:00:00+00:00,GEFS | ICON global EPS,31,40,EXPERIMENTAL / NOT CALIBRATED
90085,ĐAKOVICA,ĐAKOVICA,ЂАКОВИЦА,2026-08-27,2,2026-08-25T00:00:00+00:00,32.9,30.8,31.8,0.0,59.9,40.1,0.0,0.0,27_32,Повишен топлотни стрес,YELLOW,59.9,2026-08-27T12:00:00+00:00,GEFS | ICON global EPS,31,40,EXPERIMENTAL / NOT CALIBRATED
90123,KLINA,KLINA,КЛИНА,2026-08-27,2,2026-08-25T00:00:00+00:00,33.2,30.4,31.8,0.0,60.0,40.0,0.0,0.0,27_32,Повишен топлотни стрес,YELLOW,60.0,2026-08-27T12:00:00+00:00,GEFS | ICON global EPS,31,40,EXPERIMENTAL / NOT CALIBRATED
90239,PEĆ,PEĆ,ПЕЋ,2026-08-27,2,2026-08-25T00:00:00+00:00,28.9,27.5,28.2,8.8,89.6,1.6,0.0,0.0,27_32,Повишен топлотни стрес,YELLOW,89.6,2026-08-27T12:00:00+00:00,GEFS | ICON global EPS,31,40,EXPERIMENTAL / NOT CALIBRATED
90107,ISTOK,ISTOK,ИСТОК,2026-08-27,2,2026-08-25T00:00:00+00:00,30.8,28.5,29.7,0.0,88.7,11.3,0.0,0.0,27_32,Повишен топлотни стрес,YELLOW,88.7,2026-08-27T12:00:00+00:00,GEFS | ICON global EPS,31,40,EXPERIMENTAL / NOT CALIBRATED
90069,DEČANI,DEČANI,ДЕЧАНИ,2026-08-27,2,2026-08-25T00:00:00+00:00,30.7,27.0,28.9,23.8,68.2,8.1,0.0,0.0,27_32,Повишен топлотни стрес,YELLOW,68.2,2026-08-27T12:00:00+00:00,GEFS | ICON global EPS,31,40,EXPERIMENTAL / NOT CALIBRATED
90018,VITINA,VITINA,ВИТИНА,2026-08-27,2,2026-08-25T00:00:00+00:00,31.4,29.3,30.3,0.0,80.6,19.4,0.0,0.0,27_32,Повишен топлотни стрес,YELLOW,80.6,2026-08-27T12:00:00+00:00,GEFS | ICON global EPS,31,40,EXPERIMENTAL / NOT CALIBRATED
90042,GNJILANE,GNJILANE,ГЊИЛАНЕ,2026-08-27,2,2026-08-25T00:00:00+00:00,30.8,29.4,30.1,0.0,85.5,14.5,0.0,0.0,27_32,Повишен топлотни стрес,YELLOW,85.5,2026-08-27T12:00:00+00:00,GEFS | ICON global EPS,31,40,EXPERIMENTAL / NOT CALIBRATED
90140,KOSOVSKA KAMENICA,KOSOVSKA KAMENICA,КОСОВСКА КАМЕНИЦА,2026-08-27,2,2026-08-25T00:00:00+00:00,30.8,29.7,30.3,0.0,85.5,14.5,0.0,0.0,27_32,Повишен топлотни стрес,YELLOW,85.5,2026-08-27T12:00:00+00:00,GEFS | ICON global EPS,31,40,EXPERIMENTAL / NOT CALIBRATED
90182,NOVO BRDO,NOVO BRDO,НОВО БРДО,2026-08-27,2,2026-08-25T00:00:00+00:00,30.8,28.5,29.7,2.5,83.0,14.5,0.0,0.0,27_32,Повишен топлотни стрес,YELLOW,83.0,2026-08-27T12:00:00+00:00,GEFS | ICON global EPS,31,40,EXPERIMENTAL / NOT CALIBRATED
71072,SJENICA,SJENICA,СЈЕНИЦА,2026-08-27,2,2026-08-25T00:00:00+00:00,28.2,26.8,27.5,34.8,65.2,0.0,0.0,0.0,27_32,Повишен топлотни стрес,YELLOW,65.2,2026-08-27T12:00:00+00:00,GEFS | ICON global EPS,31,40,EXPERIMENTAL / NOT CALIBRATED
70980,PRIJEPOLJE,PRIJEPOLJE,ПРИЈЕПОЉЕ,2026-08-27,2,2026-08-25T00:00:00+00:00,28.7,28.2,28.5,6.6,93.4,0.0,0.0,0.0,27_32,Повишен топлотни стрес,YELLOW,93.4,2026-08-27T12:00:00+00:00,GEFS | ICON global EPS,31,40,EXPERIMENTAL / NOT CALIBRATED
70866,NOVA VAROŠ,NOVA VAROŠ,НОВА ВАРОШ,2026-08-27,2,2026-08-25T00:00:00+00:00,29.0,27.5,28.2,6.2,93.8,0.0,0.0,0.0,27_32,Повишен топлотни стрес,YELLOW,93.8,2026-08-27T12:00:00+00:00,GEFS | ICON global EPS,31,40,EXPERIMENTAL / NOT CALIBRATED
70971,PRIBOJ,PRIBOJ,ПРИБОЈ,2026-08-27,2,2026-08-25T00:00:00+00:00,29.6,28.9,29.2,0.0,100.0,0.0,0.0,0.0,27_32,Повишен топлотни стрес,YELLOW,100.0,2026-08-27T12:00:00+00:00,GEFS | ICON global EPS,31,40,EXPERIMENTAL / NOT CALIBRATED
70041,ARILJE,ARILJE,АРИЉЕ,2026-08-27,2,2026-08-25T00:00:00+00:00,30.1,29.8,30.0,0.0,90.3,9.7,0.0,0.0,27_32,Повишен топлотни стрес,YELLOW,90.3,2026-08-27T12:00:00+00:00,GEFS | ICON global EPS,31,40,EXPERIMENTAL / NOT CALIBRATED
71234,ČAJETINA,ČAJETINA,ЧАЈЕТИНА,2026-08-27,2,2026-08-25T00:00:00+00:00,30.8,27.5,29.1,6.2,85.7,8.1,0.0,0.0,27_32,Повишен топлотни стрес,YELLOW,85.7,2026-08-27T12:00:00+00:00,GEFS | ICON global EPS,31,40,EXPERIMENTAL / NOT CALIBRATED
71145,UŽICE-GRAD,UŽICE-GRAD,УЖИЦЕ-ГРАД,2026-08-27,2,2026-08-25T00:00:00+00:00,30.8,29.7,30.3,0.0,91.9,8.1,0.0,0.0,27_32,Повишен топлотни стрес,YELLOW,91.9,2026-08-27T12:00:00+00:00,GEFS | ICON global EPS,31,40,EXPERIMENTAL / NOT CALIBRATED
70955,POŽEGA,POŽEGA,ПОЖЕГА,2026-08-27,2,2026-08-25T00:00:00+00:00,30.8,29.8,30.3,0.0,80.6,19.4,0.0,0.0,27_32,Повишен топлотни стрес,YELLOW,80.6,2026-08-27T12:00:00+00:00,GEFS | ICON global EPS,31,40,EXPERIMENTAL / NOT CALIBRATED
70629,KOSJERIĆ,KOSJERIĆ,КОСЈЕРИЋ,2026-08-27,2,2026-08-25T00:00:00+00:00,31.3,29.4,30.4,0.0,80.6,19.4,0.0,0.0,27_32,Повишен топлотни стрес,YELLOW,80.6,2026-08-27T12:00:00+00:00,GEFS | ICON global EPS,31,40,EXPERIMENTAL / NOT CALIBRATED
70068,BAJINA BAŠTA,BAJINA BAŠTA,БАЈИНА БАШТА,2026-08-27,2,2026-08-25T00:00:00+00:00,31.2,28.7,29.9,0.0,85.5,14.5,0.0,0.0,27_32,Повишен топлотни стрес,YELLOW,85.5,2026-08-27T12:00:00+00:00,GEFS | ICON global EPS,31,40,EXPERIMENTAL / NOT CALIBRATED
90115,KAČANIK,KAČANIK,КАЧАНИК,2026-08-27,2,2026-08-25T00:00:00+00:00,30.4,29.3,29.9,0.0,91.9,8.1,0.0,0.0,27_32,Повишен топлотни стрес,YELLOW,91.9,2026-08-27T12:00:00+00:00,GEFS | ICON global EPS,31,40,EXPERIMENTAL / NOT CALIBRATED
90301,UROŠEVAC,UROŠEVAC,УРОШЕВАЦ,2026-08-27,2,2026-08-25T00:00:00+00:00,30.4,29.6,30.0,0.0,91.9,8.1,0.0,0.0,27_32,Повишен топлотни стрес,YELLOW,91.9,2026-08-27T12:00:00+00:00,GEFS | ICON global EPS,31,40,EXPERIMENTAL / NOT CALIBRATED
90263,PRIŠTINA-GRAD,PRIŠTINA-GRAD,ПРИШТИНА-ГРАД,2026-08-27,2,2026-08-25T00:00:00+00:00,30.1,29.6,29.9,0.0,83.9,16.1,0.0,0.0,27_32,Повишен топлотни стрес,YELLOW,83.9,2026-08-27T12:00:00+00:00,GEFS | ICON global EPS,31,40,EXPERIMENTAL / NOT CALIBRATED
90328,ŠTRPCE,ŠTRPCE,ШТРПЦЕ,2026-08-27,2,2026-08-25T00:00:00+00:00,29.7,29.6,29.6,0.0,95.2,4.8,0.0,0.0,27_32,Повишен топлотни стрес,YELLOW,95.2,2026-08-27T12:00:00+00:00,GEFS | ICON global EPS,31,40,EXPERIMENTAL / NOT CALIBRATED
90310,ŠTIMLJE,ŠTIMLJE,ШТИМЉЕ,2026-08-27,2,2026-08-25T00:00:00+00:00,31.9,29.6,30.8,0.0,75.8,24.2,0.0,0.0,27_32,Повишен топлотни стрес,YELLOW,75.8,2026-08-27T12:00:00+00:00,GEFS | ICON global EPS,31,40,EXPERIMENTAL / NOT CALIBRATED
90166,LIPLJAN,LIPLJAN,ЛИПЉАН,2026-08-27,2,2026-08-25T00:00:00+00:00,31.1,29.6,30.4,0.0,83.9,16.1,0.0,0.0,27_32,Повишен топлотни стрес,YELLOW,83.9,2026-08-27T12:00:00+00:00,GEFS | ICON global EPS,31,40,EXPERIMENTAL / NOT CALIBRATED
90131,KOSOVO POLJE,KOSOVO POLJE,КОСОВО ПОЉЕ,2026-08-27,2,2026-08-25T00:00:00+00:00,31.9,29.6,30.8,0.0,75.8,24.2,0.0,0.0,27_32,Повишен топлотни стрес,YELLOW,75.8,2026-08-27T12:00:00+00:00,GEFS | ICON global EPS,31,40,EXPERIMENTAL / NOT CALIBRATED
90034,GLOGOVAC,GLOGOVAC,ГЛОГОВАЦ,2026-08-27,2,2026-08-25T00:00:00+00:00,31.9,30.4,31.2,0.0,74.6,25.4,0.0,0.0,27_32,Повишен топлотни стрес,YELLOW,74.6,2026-08-27T12:00:00+00:00,GEFS | ICON global EPS,31,40,EXPERIMENTAL / NOT CALIBRATED
90204,OBILIĆ,OBILIĆ,ОБИЛИЋ,2026-08-27,2,2026-08-25T00:00:00+00:00,30.8,30.1,30.4,0.0,82.3,17.7,0.0,0.0,27_32,Повишен топлотни стрес,YELLOW,82.3,2026-08-27T12:00:00+00:00,GEFS | ICON global EPS,31,40,EXPERIMENTAL / NOT CALIBRATED
90247,PODUJEVO,PODUJEVO,ПОДУЈЕВО,2026-08-27,2,2026-08-25T00:00:00+00:00,28.0,28.4,28.2,3.2,95.2,1.6,0.0,0.0,27_32,Повишен топлотни стрес,YELLOW,95.2,2026-08-27T12:00:00+00:00,GEFS | ICON global EPS,31,40,EXPERIMENTAL / NOT CALIBRATED
71188,TUTIN,TUTIN,ТУТИН,2026-08-27,2,2026-08-25T00:00:00+00:00,28.4,27.2,27.8,16.2,83.8,0.0,0.0,0.0,27_32,Повишен топлотни стрес,YELLOW,83.8,2026-08-27T12:00:00+00:00,GEFS | ICON global EPS,31,40,EXPERIMENTAL / NOT CALIBRATED
70874,NOVI PAZAR-GRAD,NOVI PAZAR-GRAD,НОВИ ПАЗАР-ГРАД,2026-08-27,2,2026-08-25T00:00:00+00:00,28.3,29.3,28.8,3.2,96.8,0.0,0.0,0.0,27_32,Повишен топлотни стрес,YELLOW,96.8,2026-08-27T12:00:00+00:00,GEFS | ICON global EPS,31,40,EXPERIMENTAL / NOT CALIBRATED
71021,RAŠKA,RAŠKA,РАШКА,2026-08-27,2,2026-08-25T00:00:00+00:00,27.7,28.3,28.0,11.5,88.5,0.0,0.0,0.0,27_32,Повишен топлотни стрес,YELLOW,88.5,2026-08-27T12:00:00+00:00,GEFS | ICON global EPS,31,40,EXPERIMENTAL / NOT CALIBRATED
70459,VRNJAČKA BANJA,VRNJAČKA BANJA,ВРЊАЧКА БАЊА,2026-08-27,2,2026-08-25T00:00:00+00:00,28.2,29.8,29.0,6.5,91.9,1.6,0.0,0.0,27_32,Повишен топлотни стрес,YELLOW,91.9,2026-08-27T12:00:00+00:00,GEFS | ICON global EPS,31,40,EXPERIMENTAL / NOT CALIBRATED
70653,KRALJEVO-GRAD,KRALJEVO-GRAD,КРАЉЕВО-ГРАД,2026-08-27,2,2026-08-25T00:00:00+00:00,29.0,30.7,29.9,0.0,95.9,4.1,0.0,0.0,27_32,Повишен топлотни стрес,YELLOW,95.9,2026-08-27T12:00:00+00:00,GEFS | ICON global EPS,31,40,EXPERIMENTAL / NOT CALIBRATED
70050,BABUŠNICA,BABUŠNICA,БАБУШНИЦА,2026-08-27,2,2026-08-25T00:00:00+00:00,28.7,27.9,28.3,6.2,92.1,1.6,0.0,0.0,27_32,Повишен топлотни стрес,YELLOW,92.1,2026-08-27T12:00:00+00:00,GEFS | ICON global EPS,31,40,EXPERIMENTAL / NOT CALIBRATED
70505,DIMITROVGRAD,DIMITROVGRAD,ДИМИТРОВГРАД,2026-08-27,2,2026-08-25T00:00:00+00:00,28.3,28.2,28.3,8.6,91.4,0.0,0.0,0.0,27_32,Повишен топлотни стрес,YELLOW,91.4,2026-08-27T12:00:00+00:00,GEFS | ICON global EPS,31,40,EXPERIMENTAL / NOT CALIBRATED
70084,BELA PALANKA,BELA PALANKA,БЕЛА ПАЛАНКА,2026-08-27,2,2026-08-25T00:00:00+00:00,29.7,28.3,29.0,0.0,98.4,1.6,0.0,0.0,27_32,Повишен топлотни стрес,YELLOW,98.4,2026-08-27T12:00:00+00:00,GEFS | ICON global EPS,31,40,EXPERIMENTAL / NOT CALIBRATED
70939,PIROT,PIROT,ПИРОТ,2026-08-27,2,2026-08-25T00:00:00+00:00,27.9,28.2,28.1,13.4,86.6,0.0,0.0,0.0,27_32,Повишен топлотни стрес,YELLOW,86.6,2026-08-27T12:00:00+00:00,GEFS | ICON global EPS,31,40,EXPERIMENTAL / NOT CALIBRATED
70467,GADŽIN HAN,GADŽIN HAN,ГАЏИН ХАН,2026-08-27,2,2026-08-25T00:00:00+00:00,30.8,28.3,29.5,0.0,90.3,9.7,0.0,0.0,27_32,Повишен топлотни стрес,YELLOW,90.3,2026-08-27T12:00:00+00:00,GEFS | ICON global EPS,31,40,EXPERIMENTAL / NOT CALIBRATED
70513,DOLJEVAC,DOLJEVAC,ДОЉЕВАЦ,2026-08-27,2,2026-08-25T00:00:00+00:00,31.2,31.1,31.2,0.0,85.8,14.2,0.0,0.0,27_32,Повишен топлотни стрес,YELLOW,85.8,2026-08-27T12:00:00+00:00,GEFS | ICON global EPS,31,40,EXPERIMENTAL / NOT CALIBRATED
71331,NIŠ-MEDIANA,NIŠ-MEDIANA,НИШ-МЕДИАНА,2026-08-27,2,2026-08-25T00:00:00+00:00,30.8,31.1,30.9,0.0,89.1,10.9,0.0,0.0,27_32,Повишен топлотни стрес,YELLOW,89.1,2026-08-27T12:00:00+00:00,GEFS | ICON global EPS,31,40,EXPERIMENTAL / NOT CALIBRATED
71323,NIŠ-PALILULA,NIŠ-PALILULA,НИШ-ПАЛИЛУЛА,2026-08-27,2,2026-08-25T00:00:00+00:00,31.2,31.1,31.2,0.0,85.8,14.2,0.0,0.0,27_32,Повишен топлотни стрес,YELLOW,85.8,2026-08-27T12:00:00+00:00,GEFS | ICON global EPS,31,40,EXPERIMENTAL / NOT CALIBRATED
71285,NIŠ-NIŠKA BANJA,NIŠ-NIŠKA BANJA,НИШ-НИШКА БАЊА,2026-08-27,2,2026-08-25T00:00:00+00:00,30.8,28.3,29.5,0.0,90.3,9.7,0.0,0.0,27_32,Повишен топлотни стрес,YELLOW,90.3,2026-08-27T12:00:00+00:00,GEFS | ICON global EPS,31,40,EXPERIMENTAL / NOT CALIBRATED
70823,MEROŠINA,MEROŠINA,МЕРОШИНА,2026-08-27,2,2026-08-25T00:00:00+00:00,31.2,31.1,31.2,0.0,85.8,14.2,0.0,0.0,27_32,Повишен топлотни стрес,YELLOW,85.8,2026-08-27T12:00:00+00:00,GEFS | ICON global EPS,31,40,EXPERIMENTAL / NOT CALIBRATED
71307,NIŠ-PANTELEJ,NIŠ-PANTELEJ,НИШ-ПАНТЕЛЕЈ,2026-08-27,2,2026-08-25T00:00:00+00:00,30.8,30.1,30.4,0.0,90.3,9.7,0.0,0.0,27_32,Повишен топлотни стрес,YELLOW,90.3,2026-08-27T12:00:00+00:00,GEFS | ICON global EPS,31,40,EXPERIMENTAL / NOT CALIBRATED
71315,NIŠ-CRVENI KRST,NIŠ-CRVENI KRST,НИШ-ЦРВЕНИ КРСТ,2026-08-27,2,2026-08-25T00:00:00+00:00,30.9,30.1,30.5,0.0,85.5,14.5,0.0,0.0,27_32,Повишен топлотни стрес,YELLOW,85.5,2026-08-27T12:00:00+00:00,GEFS | ICON global EPS,31,40,EXPERIMENTAL / NOT CALIBRATED
71064,SVRLJIG,SVRLJIG,СВРЉИГ,2026-08-27,2,2026-08-25T00:00:00+00:00,29.7,29.6,29.6,0.0,96.8,3.2,0.0,0.0,27_32,Повишен топлотни стрес,YELLOW,96.8,2026-08-27T12:00:00+00:00,GEFS | ICON global EPS,31,40,EXPERIMENTAL / NOT CALIBRATED
70025,ALEKSINAC,ALEKSINAC,АЛЕКСИНАЦ,2026-08-27,2,2026-08-25T00:00:00+00:00,30.9,30.7,30.8,0.0,83.0,17.0,0.0,0.0,27_32,Повишен топлотни стрес,YELLOW,83.0,2026-08-27T12:00:00+00:00,GEFS | ICON global EPS,31,40,EXPERIMENTAL / NOT CALIBRATED
71005,RAŽANJ,RAŽANJ,РАЖАЊ,2026-08-27,2,2026-08-25T00:00:00+00:00,30.6,30.7,30.6,0.0,83.0,17.0,0.0,0.0,27_32,Повишен топлотни стрес,YELLOW,83.0,2026-08-27T12:00:00+00:00,GEFS | ICON global EPS,31,40,EXPERIMENTAL / NOT CALIBRATED
70564,IVANJICA,IVANJICA,ИВАЊИЦА,2026-08-27,2,2026-08-25T00:00:00+00:00,28.0,27.7,27.9,14.3,85.7,0.0,0.0,0.0,27_32,Повишен топлотни стрес,YELLOW,85.7,2026-08-27T12:00:00+00:00,GEFS | ICON global EPS,31,40,EXPERIMENTAL / NOT CALIBRATED
70742,LUČANI,LUČANI,ЛУЧАНИ,2026-08-27,2,2026-08-25T00:00:00+00:00,30.1,29.8,29.9,0.0,88.7,11.3,0.0,0.0,27_32,Повишен топлотни стрес,YELLOW,88.7,2026-08-27T12:00:00+00:00,GEFS | ICON global EPS,31,40,EXPERIMENTAL / NOT CALIBRATED
71242,ČAČAK-GRAD,ČAČAK-GRAD,ЧАЧАК-ГРАД,2026-08-27,2,2026-08-25T00:00:00+00:00,31.0,30.6,30.8,0.0,82.3,17.7,0.0,0.0,27_32,Повишен топлотни стрес,YELLOW,82.3,2026-08-27T12:00:00+00:00,GEFS | ICON global EPS,31,40,EXPERIMENTAL / NOT CALIBRATED
70483,GORNJI MILANOVAC,GORNJI MILANOVAC,ГОРЊИ МИЛАНОВАЦ,2026-08-27,2,2026-08-25T00:00:00+00:00,30.9,30.3,30.6,0.0,80.6,19.4,0.0,0.0,27_32,Повишен топлотни стрес,YELLOW,80.6,2026-08-27T12:00:00+00:00,GEFS | ICON global EPS,31,40,EXPERIMENTAL / NOT CALIBRATED
70599,KNIĆ,KNIĆ,КНИЋ,2026-08-27,2,2026-08-25T00:00:00+00:00,30.5,30.7,30.6,0.0,88.7,11.3,0.0,0.0,27_32,Повишен топлотни стрес,YELLOW,88.7,2026-08-27T12:00:00+00:00,GEFS | ICON global EPS,31,40,EXPERIMENTAL / NOT CALIBRATED
70645,KRAGUJEVAC-GRAD,KRAGUJEVAC-GRAD,КРАГУЈЕВАЦ-ГРАД,2026-08-27,2,2026-08-25T00:00:00+00:00,30.5,30.7,30.6,0.0,88.7,11.3,0.0,0.0,27_32,Повишен топлотни стрес,YELLOW,88.7,2026-08-27T12:00:00+00:00,GEFS | ICON global EPS,31,40,EXPERIMENTAL / NOT CALIBRATED
70076,BATOČINA,BATOČINA,БАТОЧИНА,2026-08-27,2,2026-08-25T00:00:00+00:00,31.4,30.9,31.1,0.0,78.9,21.1,0.0,0.0,27_32,Повишен топлотни стрес,YELLOW,78.9,2026-08-27T12:00:00+00:00,GEFS | ICON global EPS,31,40,EXPERIMENTAL / NOT CALIBRATED
71277,LAPOVO,LAPOVO,ЛАПОВО,2026-08-27,2,2026-08-25T00:00:00+00:00,31.4,31.3,31.3,0.0,70.1,29.9,0.0,0.0,27_32,Повишен топлотни стрес,YELLOW,70.1,2026-08-27T12:00:00+00:00,GEFS | ICON global EPS,31,40,EXPERIMENTAL / NOT CALIBRATED
71013,RAČA,RAČA,РАЧА,2026-08-27,2,2026-08-25T00:00:00+00:00,31.4,31.3,31.3,0.0,70.1,29.9,0.0,0.0,27_32,Повишен топлотни стрес,YELLOW,70.1,2026-08-27T12:00:00+00:00,GEFS | ICON global EPS,31,40,EXPERIMENTAL / NOT CALIBRATED
71153,TOPOLA,TOPOLA,ТОПОЛА,2026-08-27,2,2026-08-25T00:00:00+00:00,31.1,31.2,31.1,0.0,73.9,26.1,0.0,0.0,27_32,Повишен топлотни стрес,YELLOW,73.9,2026-08-27T12:00:00+00:00,GEFS | ICON global EPS,31,40,EXPERIMENTAL / NOT CALIBRATED
70033,ARANĐELOVAC,ARANĐELOVAC,АРАНЂЕЛОВАЦ,2026-08-27,2,2026-08-25T00:00:00+00:00,31.0,31.2,31.1,0.0,75.5,24.5,0.0,0.0,27_32,Повишен топлотни стрес,YELLOW,75.5,2026-08-27T12:00:00+00:00,GEFS | ICON global EPS,31,40,EXPERIMENTAL / NOT CALIBRATED
70548,ŽITORAĐA,ŽITORAĐA,ЖИТОРАЂА,2026-08-27,2,2026-08-25T00:00:00+00:00,31.2,31.1,31.2,0.0,85.8,14.2,0.0,0.0,27_32,Повишен топлотни стрес,YELLOW,85.8,2026-08-27T12:00:00+00:00,GEFS | ICON global EPS,31,40,EXPERIMENTAL / NOT CALIBRATED
70688,KURŠUMLIJA,KURŠUMLIJA,КУРШУМЛИЈА,2026-08-27,2,2026-08-25T00:00:00+00:00,28.0,28.8,28.4,3.2,95.2,1.6,0.0,0.0,27_32,Повишен топлотни стрес,YELLOW,95.2,2026-08-27T12:00:00+00:00,GEFS | ICON global EPS,31,40,EXPERIMENTAL / NOT CALIBRATED
70998,PROKUPLJE,PROKUPLJE,ПРОКУПЉЕ,2026-08-27,2,2026-08-25T00:00:00+00:00,30.6,29.6,30.1,0.0,87.1,12.9,0.0,0.0,27_32,Повишен топлотни стрес,YELLOW,87.1,2026-08-27T12:00:00+00:00,GEFS | ICON global EPS,31,40,EXPERIMENTAL / NOT CALIBRATED
70262,BLACE,BLACE,БЛАЦЕ,2026-08-27,2,2026-08-25T00:00:00+00:00,29.0,29.1,29.0,0.0,91.9,8.1,0.0,0.0,27_32,Повишен топлотни стрес,YELLOW,91.9,2026-08-27T12:00:00+00:00,GEFS | ICON global EPS,31,40,EXPERIMENTAL / NOT CALIBRATED
