Municipality_DOM_ID,Value_e,Value_sl,Value_sc,date,day_index,model_run,gefs_tmax,icon_tmax,multimodel_tmax,p_below_30,p_30_35,p_35_38,p_38_40,p_ge_40,dominant_category,temperature_category_sr,temperature_color,dominant_category_probability,warmest_valid_time,warmest_period_start_local,warmest_period_end_local,warmest_period_local,warmest_period_resolution_hours,models,gefs_members,icon_members,status,gefs_p_below_30,icon_p_below_30,gefs_p_30_35,icon_p_30_35,gefs_p_35_38,icon_p_35_38,gefs_p_38_40,icon_p_38_40,gefs_p_ge_40,icon_p_ge_40
80012,ADA,ADA,АДА,2026-08-31,3,2026-08-28T00:00:00+00:00,35.6,33.8,34.7,0.0,63.1,36.9,0.0,0.0,30_35,Тропски дан,YELLOW,63.1,2026-08-31T12:00:00+00:00,11,17,11–17 h,6,GEFS | ICON-EU EPS,31,40,EXPERIMENTAL / NOT CALIBRATED,0.0,0.0,38.7,87.5,61.3,12.5,0.0,0.0,0.0,0.0
80209,KIKINDA,KIKINDA,КИКИНДА,2026-08-31,3,2026-08-28T00:00:00+00:00,35.6,33.9,34.8,1.2,57.4,41.4,0.0,0.0,30_35,Тропски дан,YELLOW,57.4,2026-08-31T12:00:00+00:00,11,17,11–17 h,6,GEFS | ICON-EU EPS,31,40,EXPERIMENTAL / NOT CALIBRATED,0.0,2.5,32.3,82.5,67.7,15.0,0.0,0.0,0.0,0.0
80365,SENTA,SENTA,СЕНТА,2026-08-31,3,2026-08-28T00:00:00+00:00,35.4,33.6,34.5,0.0,67.2,32.8,0.0,0.0,30_35,Тропски дан,YELLOW,67.2,2026-08-31T12:00:00+00:00,11,17,11–17 h,6,GEFS | ICON-EU EPS,31,40,EXPERIMENTAL / NOT CALIBRATED,0.0,0.0,41.9,92.5,58.1,7.5,0.0,0.0,0.0,0.0
80489,ČOKA,ČOKA,ЧОКА,2026-08-31,3,2026-08-28T00:00:00+00:00,35.5,34.2,34.8,0.0,57.7,42.3,0.0,0.0,30_35,Тропски дан,YELLOW,57.7,2026-08-31T12:00:00+00:00,11,17,11–17 h,6,GEFS | ICON-EU EPS,31,40,EXPERIMENTAL / NOT CALIBRATED,0.0,0.0,35.5,80.0,64.5,20.0,0.0,0.0,0.0,0.0
80276,NOVI KNEŽEVAC,NOVI KNEŽEVAC,НОВИ КНЕЖЕВАЦ,2026-08-31,3,2026-08-28T00:00:00+00:00,35.5,34.3,34.9,0.0,59.0,41.0,0.0,0.0,30_35,Тропски дан,YELLOW,59.0,2026-08-31T12:00:00+00:00,11,17,11–17 h,6,GEFS | ICON-EU EPS,31,40,EXPERIMENTAL / NOT CALIBRATED,0.0,0.0,35.5,82.5,64.5,17.5,0.0,0.0,0.0,0.0
80195,KANJIŽA,KANJIŽA,КАЊИЖА,2026-08-31,3,2026-08-28T00:00:00+00:00,35.4,33.6,34.5,0.0,67.2,32.8,0.0,0.0,30_35,Тропски дан,YELLOW,67.2,2026-08-31T12:00:00+00:00,11,17,11–17 h,6,GEFS | ICON-EU EPS,31,40,EXPERIMENTAL / NOT CALIBRATED,0.0,0.0,41.9,92.5,58.1,7.5,0.0,0.0,0.0,0.0
70521,ŽABARI,ŽABARI,ЖАБАРИ,2026-08-31,3,2026-08-28T00:00:00+00:00,35.9,34.3,35.1,0.0,61.5,36.9,1.6,0.0,30_35,Тропски дан,YELLOW,61.5,2026-08-31T12:00:00+00:00,11,17,11–17 h,6,GEFS | ICON-EU EPS,31,40,EXPERIMENTAL / NOT CALIBRATED,0.0,0.0,35.5,87.5,61.3,12.5,3.2,0.0,0.0,0.0
70530,ŽAGUBICA,ŽAGUBICA,ЖАГУБИЦА,2026-08-31,3,2026-08-28T00:00:00+00:00,32.0,30.8,31.4,18.8,79.6,1.6,0.0,0.0,30_35,Тропски дан,YELLOW,79.6,2026-08-31T12:00:00+00:00,11,17,11–17 h,6,GEFS | ICON-EU EPS,31,40,EXPERIMENTAL / NOT CALIBRATED,22.6,15.0,74.2,85.0,3.2,0.0,0.0,0.0,0.0,0.0
70912,PETROVAC NA MLAVI,PETROVAC NA MLAVI,ПЕТРОВАЦ НА МЛАВИ,2026-08-31,3,2026-08-28T00:00:00+00:00,34.4,33.6,34.0,1.6,84.6,13.8,0.0,0.0,30_35,Тропски дан,YELLOW,84.6,2026-08-31T12:00:00+00:00,11,17,11–17 h,6,GEFS | ICON-EU EPS,31,40,EXPERIMENTAL / NOT CALIBRATED,3.2,0.0,74.2,95.0,22.6,5.0,0.0,0.0,0.0,0.0
70696,KUČEVO,KUČEVO,КУЧЕВО,2026-08-31,3,2026-08-28T00:00:00+00:00,32.5,30.4,31.4,21.8,75.0,3.2,0.0,0.0,30_35,Тропски дан,YELLOW,75.0,2026-08-31T12:00:00+00:00,11,17,11–17 h,6,GEFS | ICON-EU EPS,31,40,EXPERIMENTAL / NOT CALIBRATED,16.1,27.5,77.4,72.5,6.5,0.0,0.0,0.0,0.0,0.0
70807,MALO CRNIĆE,MALO CRNIĆE,МАЛО ЦРНИЋЕ,2026-08-31,3,2026-08-28T00:00:00+00:00,35.9,34.0,35.0,0.0,57.7,40.6,1.6,0.0,30_35,Тропски дан,YELLOW,57.7,2026-08-31T12:00:00+00:00,11,17,11–17 h,6,GEFS | ICON-EU EPS,31,40,EXPERIMENTAL / NOT CALIBRATED,0.0,0.0,35.5,80.0,61.3,20.0,3.2,0.0,0.0,0.0
70475,GOLUBAC,GOLUBAC,ГОЛУБАЦ,2026-08-31,3,2026-08-28T00:00:00+00:00,32.7,30.6,31.6,18.6,76.6,4.8,0.0,0.0,30_35,Тропски дан,YELLOW,76.6,2026-08-31T12:00:00+00:00,11,17,11–17 h,6,GEFS | ICON-EU EPS,31,40,EXPERIMENTAL / NOT CALIBRATED,9.7,27.5,80.6,72.5,9.7,0.0,0.0,0.0,0.0,0.0
70947,POŽAREVAC-GRAD,POŽAREVAC-GRAD,ПОЖАРЕВАЦ-ГРАД,2026-08-31,3,2026-08-28T00:00:00+00:00,35.8,33.4,34.6,0.0,66.5,30.3,3.2,0.0,30_35,Тропски дан,YELLOW,66.5,2026-08-31T12:00:00+00:00,11,17,11–17 h,6,GEFS | ICON-EU EPS,31,40,EXPERIMENTAL / NOT CALIBRATED,0.0,0.0,35.5,97.5,58.1,2.5,6.5,0.0,0.0,0.0
70394,VELIKO GRADIŠTE,VELIKO GRADIŠTE,ВЕЛИКО ГРАДИШТЕ,2026-08-31,3,2026-08-28T00:00:00+00:00,34.6,32.6,33.6,1.6,79.0,19.4,0.0,0.0,30_35,Тропски дан,YELLOW,79.0,2026-08-31T12:00:00+00:00,11,17,11–17 h,6,GEFS | ICON-EU EPS,31,40,EXPERIMENTAL / NOT CALIBRATED,3.2,0.0,58.1,100.0,38.7,0.0,0.0,0.0,0.0,0.0
70602,KNJAŽEVAC,KNJAŽEVAC,КЊАЖЕВАЦ,2026-08-31,3,2026-08-28T00:00:00+00:00,32.9,31.6,32.2,6.6,93.4,0.0,0.0,0.0,30_35,Тропски дан,YELLOW,93.4,2026-08-31T12:00:00+00:00,11,17,11–17 h,6,GEFS | ICON-EU EPS,31,40,EXPERIMENTAL / NOT CALIBRATED,3.2,10.0,96.8,90.0,0.0,0.0,0.0,0.0,0.0,0.0
71129,SOKOBANJA,SOKOBANJA,СОКОБАЊА,2026-08-31,3,2026-08-28T00:00:00+00:00,33.0,31.9,32.5,10.6,81.4,8.1,0.0,0.0,30_35,Тропски дан,YELLOW,81.4,2026-08-31T12:00:00+00:00,11,17,11–17 h,6,GEFS | ICON-EU EPS,31,40,EXPERIMENTAL / NOT CALIBRATED,16.1,5.0,67.7,95.0,16.1,0.0,0.0,0.0,0.0,0.0
70319,BOLJEVAC,BOLJEVAC,БОЉЕВАЦ,2026-08-31,3,2026-08-28T00:00:00+00:00,33.0,29.6,31.3,41.8,50.1,8.1,0.0,0.0,30_35,Тропски дан,YELLOW,50.1,2026-08-31T12:00:00+00:00,11,17,11–17 h,6,GEFS | ICON-EU EPS,31,40,EXPERIMENTAL / NOT CALIBRATED,16.1,67.5,67.7,32.5,16.1,0.0,0.0,0.0,0.0,0.0
70556,ZAJEČAR-GRAD,ZAJEČAR-GRAD,ЗАЈЕЧАР-ГРАД,2026-08-31,3,2026-08-28T00:00:00+00:00,33.0,31.4,32.2,9.8,86.9,3.2,0.0,0.0,30_35,Тропски дан,YELLOW,86.9,2026-08-31T12:00:00+00:00,11,17,11–17 h,6,GEFS | ICON-EU EPS,31,40,EXPERIMENTAL / NOT CALIBRATED,9.7,10.0,83.9,90.0,6.5,0.0,0.0,0.0,0.0,0.0
70327,BOR,BOR,БОР,2026-08-31,3,2026-08-28T00:00:00+00:00,32.1,30.0,31.0,39.2,59.2,1.6,0.0,0.0,30_35,Тропски дан,YELLOW,59.2,2026-08-31T12:00:00+00:00,11,17,11–17 h,6,GEFS | ICON-EU EPS,31,40,EXPERIMENTAL / NOT CALIBRATED,25.8,52.5,71.0,47.5,3.2,0.0,0.0,0.0,0.0,0.0
70840,NEGOTIN,NEGOTIN,НЕГОТИН,2026-08-31,3,2026-08-28T00:00:00+00:00,34.3,30.2,32.3,24.1,58.1,17.7,0.0,0.0,30_35,Тропски дан,YELLOW,58.1,2026-08-31T12:00:00+00:00,11,17,11–17 h,6,GEFS | ICON-EU EPS,31,40,EXPERIMENTAL / NOT CALIBRATED,3.2,45.0,61.3,55.0,35.5,0.0,0.0,0.0,0.0,0.0
70785,MAJDANPEK,MAJDANPEK,МАЈДАНПЕК,2026-08-31,3,2026-08-28T00:00:00+00:00,31.7,29.1,30.4,53.8,41.4,4.8,0.0,0.0,below_30,Уобичајена температура,GREEN,53.8,2026-08-31T12:00:00+00:00,11,17,11–17 h,6,GEFS | ICON-EU EPS,31,40,EXPERIMENTAL / NOT CALIBRATED,22.6,85.0,67.7,15.0,9.7,0.0,0.0,0.0,0.0,0.0
70572,KLADOVO,KLADOVO,КЛАДОВО,2026-08-31,3,2026-08-28T00:00:00+00:00,33.3,30.8,32.1,10.7,86.0,3.2,0.0,0.0,30_35,Тропски дан,YELLOW,86.0,2026-08-31T12:00:00+00:00,11,17,11–17 h,6,GEFS | ICON-EU EPS,31,40,EXPERIMENTAL / NOT CALIBRATED,6.5,15.0,87.1,85.0,6.5,0.0,0.0,0.0,0.0,0.0
80225,KOVIN,KOVIN,КОВИН,2026-08-31,3,2026-08-28T00:00:00+00:00,36.1,34.0,35.1,0.0,56.1,39.0,4.8,0.0,30_35,Тропски дан,YELLOW,56.1,2026-08-31T12:00:00+00:00,11,17,11–17 h,6,GEFS | ICON-EU EPS,31,40,EXPERIMENTAL / NOT CALIBRATED,0.0,0.0,32.3,80.0,58.1,20.0,9.7,0.0,0.0,0.0
80098,BELA CRKVA,BELA CRKVA,БЕЛА ЦРКВА,2026-08-31,3,2026-08-28T00:00:00+00:00,35.7,32.9,34.3,0.0,71.0,29.0,0.0,0.0,30_35,Тропски дан,YELLOW,71.0,2026-08-31T12:00:00+00:00,11,17,11–17 h,6,GEFS | ICON-EU EPS,31,40,EXPERIMENTAL / NOT CALIBRATED,0.0,0.0,41.9,100.0,58.1,0.0,0.0,0.0,0.0,0.0
80292,OPOVO,OPOVO,ОПОВО,2026-08-31,3,2026-08-28T00:00:00+00:00,35.7,33.4,34.5,0.0,65.2,33.1,1.6,0.0,30_35,Тропски дан,YELLOW,65.2,2026-08-31T12:00:00+00:00,11,17,11–17 h,6,GEFS | ICON-EU EPS,31,40,EXPERIMENTAL / NOT CALIBRATED,0.0,0.0,35.5,95.0,61.3,5.0,3.2,0.0,0.0,0.0
80217,KOVAČICA,KOVAČICA,КОВАЧИЦА,2026-08-31,3,2026-08-28T00:00:00+00:00,35.9,33.4,34.7,0.0,64.9,31.9,3.2,0.0,30_35,Тропски дан,YELLOW,64.9,2026-08-31T12:00:00+00:00,11,17,11–17 h,6,GEFS | ICON-EU EPS,31,40,EXPERIMENTAL / NOT CALIBRATED,0.0,0.0,32.3,97.5,61.3,2.5,6.5,0.0,0.0,0.0
80128,VRŠAC,VRŠAC,ВРШАЦ,2026-08-31,3,2026-08-28T00:00:00+00:00,35.7,33.3,34.5,0.0,68.5,31.5,0.0,0.0,30_35,Тропски дан,YELLOW,68.5,2026-08-31T12:00:00+00:00,11,17,11–17 h,6,GEFS | ICON-EU EPS,31,40,EXPERIMENTAL / NOT CALIBRATED,0.0,0.0,41.9,95.0,58.1,5.0,0.0,0.0,0.0,0.0
80039,ALIBUNAR,ALIBUNAR,АЛИБУНАР,2026-08-31,3,2026-08-28T00:00:00+00:00,36.0,33.2,34.6,0.0,67.7,30.6,1.6,0.0,30_35,Тропски дан,YELLOW,67.7,2026-08-31T12:00:00+00:00,11,17,11–17 h,6,GEFS | ICON-EU EPS,31,40,EXPERIMENTAL / NOT CALIBRATED,0.0,0.0,35.5,100.0,61.3,0.0,3.2,0.0,0.0,0.0
80349,PLANDIŠTE,PLANDIŠTE,ПЛАНДИШТЕ,2026-08-31,3,2026-08-28T00:00:00+00:00,36.2,33.7,34.9,0.0,59.2,39.2,1.6,0.0,30_35,Тропски дан,YELLOW,59.2,2026-08-31T12:00:00+00:00,11,17,11–17 h,6,GEFS | ICON-EU EPS,31,40,EXPERIMENTAL / NOT CALIBRATED,0.0,0.0,25.8,92.5,71.0,7.5,3.2,0.0,0.0,0.0
80314,PANČEVO-GRAD,PANČEVO-GRAD,ПАНЧЕВО-ГРАД,2026-08-31,3,2026-08-28T00:00:00+00:00,35.7,33.3,34.5,0.0,64.0,31.2,4.8,0.0,30_35,Тропски дан,YELLOW,64.0,2026-08-31T12:00:00+00:00,11,17,11–17 h,6,GEFS | ICON-EU EPS,31,40,EXPERIMENTAL / NOT CALIBRATED,0.0,0.0,35.5,92.5,54.8,7.5,9.7,0.0,0.0,0.0
71269,ŠABAC-GRAD,ŠABAC-GRAD,ШАБАЦ-ГРАД,2026-08-31,3,2026-08-28T00:00:00+00:00,36.0,34.0,35.0,0.0,56.1,39.0,4.8,0.0,30_35,Тропски дан,YELLOW,56.1,2026-08-31T12:00:00+00:00,11,17,11–17 h,6,GEFS | ICON-EU EPS,31,40,EXPERIMENTAL / NOT CALIBRATED,0.0,0.0,32.3,80.0,58.1,20.0,9.7,0.0,0.0,0.0
70289,BOGATIĆ,BOGATIĆ,БОГАТИЋ,2026-08-31,3,2026-08-28T00:00:00+00:00,36.0,34.2,35.1,0.0,54.9,40.3,4.8,0.0,30_35,Тропски дан,YELLOW,54.9,2026-08-31T12:00:00+00:00,11,17,11–17 h,6,GEFS | ICON-EU EPS,31,40,EXPERIMENTAL / NOT CALIBRATED,0.0,0.0,32.3,77.5,58.1,22.5,9.7,0.0,0.0,0.0
70777,LJUBOVIJA,LJUBOVIJA,ЉУБОВИЈА,2026-08-31,3,2026-08-28T00:00:00+00:00,34.9,32.5,33.7,0.0,77.4,22.6,0.0,0.0,30_35,Тропски дан,YELLOW,77.4,2026-08-31T12:00:00+00:00,11,17,11–17 h,6,GEFS | ICON-EU EPS,31,40,EXPERIMENTAL / NOT CALIBRATED,0.0,0.0,54.8,100.0,45.2,0.0,0.0,0.0,0.0,0.0
70661,KRUPANJ,KRUPANJ,КРУПАЊ,2026-08-31,3,2026-08-28T00:00:00+00:00,35.8,31.6,33.7,0.0,66.1,30.6,3.2,0.0,30_35,Тропски дан,YELLOW,66.1,2026-08-31T12:00:00+00:00,11,17,11–17 h,6,GEFS | ICON-EU EPS,31,40,EXPERIMENTAL / NOT CALIBRATED,0.0,0.0,32.3,100.0,61.3,0.0,6.5,0.0,0.0,0.0
70793,MALI ZVORNIK,MALI ZVORNIK,МАЛИ ЗВОРНИК,2026-08-31,3,2026-08-28T00:00:00+00:00,34.5,33.1,33.8,0.0,81.0,19.0,0.0,0.0,30_35,Тропски дан,YELLOW,81.0,2026-08-31T12:00:00+00:00,11,17,11–17 h,6,GEFS | ICON-EU EPS,31,40,EXPERIMENTAL / NOT CALIBRATED,0.0,0.0,64.5,97.5,35.5,2.5,0.0,0.0,0.0,0.0
70637,KOCELJEVA,KOCELJEVA,КОЦЕЉЕВА,2026-08-31,3,2026-08-28T00:00:00+00:00,35.9,33.8,34.8,0.0,58.3,38.5,3.2,0.0,30_35,Тропски дан,YELLOW,58.3,2026-08-31T12:00:00+00:00,11,17,11–17 h,6,GEFS | ICON-EU EPS,31,40,EXPERIMENTAL / NOT CALIBRATED,0.0,0.0,29.0,87.5,64.5,12.5,6.5,0.0,0.0,0.0
70734,LOZNICA-GRAD,LOZNICA-GRAD,ЛОЗНИЦА-ГРАД,2026-08-31,3,2026-08-28T00:00:00+00:00,35.5,33.3,34.4,0.0,66.5,30.3,3.2,0.0,30_35,Тропски дан,YELLOW,66.5,2026-08-31T12:00:00+00:00,11,17,11–17 h,6,GEFS | ICON-EU EPS,31,40,EXPERIMENTAL / NOT CALIBRATED,0.0,0.0,35.5,97.5,58.1,2.5,6.5,0.0,0.0,0.0
70408,VLADIMIRCI,VLADIMIRCI,ВЛАДИМИРЦИ,2026-08-31,3,2026-08-28T00:00:00+00:00,35.9,34.1,35.0,0.0,55.8,41.0,3.2,0.0,30_35,Тропски дан,YELLOW,55.8,2026-08-31T12:00:00+00:00,11,17,11–17 h,6,GEFS | ICON-EU EPS,31,40,EXPERIMENTAL / NOT CALIBRATED,0.0,0.0,29.0,82.5,64.5,17.5,6.5,0.0,0.0,0.0
70181,BEOGRAD-NOVI BEOGRAD,BEOGRAD-NOVI BEOGRAD,БЕОГРАД-НОВИ БЕОГРАД,2026-08-31,3,2026-08-28T00:00:00+00:00,35.4,33.6,34.5,0.0,61.9,34.9,3.2,0.0,30_35,Тропски дан,YELLOW,61.9,2026-08-31T12:00:00+00:00,11,17,11–17 h,6,GEFS | ICON-EU EPS,31,40,EXPERIMENTAL / NOT CALIBRATED,0.0,0.0,38.7,85.0,54.8,15.0,6.5,0.0,0.0,0.0
71293,BEOGRAD-SURČIN,BEOGRAD-SURČIN,БЕОГРАД-СУРЧИН,2026-08-31,3,2026-08-28T00:00:00+00:00,35.9,34.3,35.1,0.0,52.7,42.4,4.8,0.0,30_35,Тропски дан,YELLOW,52.7,2026-08-31T12:00:00+00:00,11,17,11–17 h,6,GEFS | ICON-EU EPS,31,40,EXPERIMENTAL / NOT CALIBRATED,0.0,0.0,35.5,70.0,54.8,30.0,9.7,0.0,0.0,0.0
70157,BEOGRAD-ZEMUN,BEOGRAD-ZEMUN,БЕОГРАД-ЗЕМУН,2026-08-31,3,2026-08-28T00:00:00+00:00,35.7,33.9,34.8,0.0,57.7,39.0,3.2,0.0,30_35,Тропски дан,YELLOW,57.7,2026-08-31T12:00:00+00:00,11,17,11–17 h,6,GEFS | ICON-EU EPS,31,40,EXPERIMENTAL / NOT CALIBRATED,0.0,0.0,35.5,80.0,58.1,20.0,6.5,0.0,0.0,0.0
70203,BEOGRAD-PALILULA,BEOGRAD-PALILULA,БЕОГРАД-ПАЛИЛУЛА,2026-08-31,3,2026-08-28T00:00:00+00:00,35.7,34.0,34.8,0.0,60.2,38.1,1.6,0.0,30_35,Тропски дан,YELLOW,60.2,2026-08-31T12:00:00+00:00,11,17,11–17 h,6,GEFS | ICON-EU EPS,31,40,EXPERIMENTAL / NOT CALIBRATED,0.0,0.0,35.5,85.0,61.3,15.0,3.2,0.0,0.0,0.0
70173,BEOGRAD-MLADENOVAC,BEOGRAD-MLADENOVAC,БЕОГРАД-МЛАДЕНОВАЦ,2026-08-31,3,2026-08-28T00:00:00+00:00,35.9,33.7,34.8,0.0,62.4,36.0,1.6,0.0,30_35,Тропски дан,YELLOW,62.4,2026-08-31T12:00:00+00:00,11,17,11–17 h,6,GEFS | ICON-EU EPS,31,40,EXPERIMENTAL / NOT CALIBRATED,0.0,0.0,32.3,92.5,64.5,7.5,3.2,0.0,0.0,0.0
70165,BEOGRAD-LAZAREVAC,BEOGRAD-LAZAREVAC,БЕОГРАД-ЛАЗАРЕВАЦ,2026-08-31,3,2026-08-28T00:00:00+00:00,36.1,34.4,35.2,0.0,57.4,37.8,4.8,0.0,30_35,Тропски дан,YELLOW,57.4,2026-08-31T12:00:00+00:00,11,17,11–17 h,6,GEFS | ICON-EU EPS,31,40,EXPERIMENTAL / NOT CALIBRATED,0.0,0.0,32.3,82.5,58.1,17.5,9.7,0.0,0.0,0.0
70092,BEOGRAD-BARAJEVO,BEOGRAD-BARAJEVO,БЕОГРАД-БАРАЈЕВО,2026-08-31,3,2026-08-28T00:00:00+00:00,35.6,33.7,34.7,0.0,62.7,34.0,3.2,0.0,30_35,Тропски дан,YELLOW,62.7,2026-08-31T12:00:00+00:00,11,17,11–17 h,6,GEFS | ICON-EU EPS,31,40,EXPERIMENTAL / NOT CALIBRATED,0.0,0.0,35.5,90.0,58.1,10.0,6.5,0.0,0.0,0.0
70190,BEOGRAD-OBRENOVAC,BEOGRAD-OBRENOVAC,БЕОГРАД-ОБРЕНОВАЦ,2026-08-31,3,2026-08-28T00:00:00+00:00,36.1,34.4,35.2,0.0,51.1,44.0,4.8,0.0,30_35,Тропски дан,YELLOW,51.1,2026-08-31T12:00:00+00:00,11,17,11–17 h,6,GEFS | ICON-EU EPS,31,40,EXPERIMENTAL / NOT CALIBRATED,0.0,0.0,32.3,70.0,58.1,30.0,9.7,0.0,0.0,0.0
70211,BEOGRAD-RAKOVICA,BEOGRAD-RAKOVICA,БЕОГРАД-РАКОВИЦА,2026-08-31,3,2026-08-28T00:00:00+00:00,35.4,34.0,34.7,0.0,58.1,38.7,3.2,0.0,30_35,Тропски дан,YELLOW,58.1,2026-08-31T12:00:00+00:00,11,17,11–17 h,6,GEFS | ICON-EU EPS,31,40,EXPERIMENTAL / NOT CALIBRATED,0.0,0.0,38.7,77.5,54.8,22.5,6.5,0.0,0.0,0.0
70106,BEOGRAD-VOŽDOVAC,BEOGRAD-VOŽDOVAC,БЕОГРАД-ВОЖДОВАЦ,2026-08-31,3,2026-08-28T00:00:00+00:00,35.4,33.0,34.2,0.0,69.4,27.4,3.2,0.0,30_35,Тропски дан,YELLOW,69.4,2026-08-31T12:00:00+00:00,11,17,11–17 h,6,GEFS | ICON-EU EPS,31,40,EXPERIMENTAL / NOT CALIBRATED,0.0,0.0,38.7,100.0,54.8,0.0,6.5,0.0,0.0,0.0
70254,BEOGRAD-ČUKARICA,BEOGRAD-ČUKARICA,БЕОГРАД-ЧУКАРИЦА,2026-08-31,3,2026-08-28T00:00:00+00:00,35.4,34.0,34.7,0.0,58.1,38.7,3.2,0.0,30_35,Тропски дан,YELLOW,58.1,2026-08-31T12:00:00+00:00,11,17,11–17 h,6,GEFS | ICON-EU EPS,31,40,EXPERIMENTAL / NOT CALIBRATED,0.0,0.0,38.7,77.5,54.8,22.5,6.5,0.0,0.0,0.0
70114,BEOGRAD-VRAČAR,BEOGRAD-VRAČAR,БЕОГРАД-ВРАЧАР,2026-08-31,3,2026-08-28T00:00:00+00:00,35.4,33.4,34.4,0.0,68.1,28.7,3.2,0.0,30_35,Тропски дан,YELLOW,68.1,2026-08-31T12:00:00+00:00,11,17,11–17 h,6,GEFS | ICON-EU EPS,31,40,EXPERIMENTAL / NOT CALIBRATED,0.0,0.0,38.7,97.5,54.8,2.5,6.5,0.0,0.0,0.0
70149,BEOGRAD-ZVEZDARA,BEOGRAD-ZVEZDARA,БЕОГРАД-ЗВЕЗДАРА,2026-08-31,3,2026-08-28T00:00:00+00:00,35.4,33.4,34.4,0.0,68.1,28.7,3.2,0.0,30_35,Тропски дан,YELLOW,68.1,2026-08-31T12:00:00+00:00,11,17,11–17 h,6,GEFS | ICON-EU EPS,31,40,EXPERIMENTAL / NOT CALIBRATED,0.0,0.0,38.7,97.5,54.8,2.5,6.5,0.0,0.0,0.0
70220,BEOGRAD-SAVSKI VENAC,BEOGRAD-SAVSKI VENAC,БЕОГРАД-САВСКИ ВЕНАЦ,2026-08-31,3,2026-08-28T00:00:00+00:00,35.4,33.6,34.5,0.0,61.9,34.9,3.2,0.0,30_35,Тропски дан,YELLOW,61.9,2026-08-31T12:00:00+00:00,11,17,11–17 h,6,GEFS | ICON-EU EPS,31,40,EXPERIMENTAL / NOT CALIBRATED,0.0,0.0,38.7,85.0,54.8,15.0,6.5,0.0,0.0,0.0
70246,BEOGRAD-STARI GRAD,BEOGRAD-STARI GRAD,БЕОГРАД-СТАРИ ГРАД,2026-08-31,3,2026-08-28T00:00:00+00:00,35.4,33.4,34.4,0.0,68.1,28.7,3.2,0.0,30_35,Тропски дан,YELLOW,68.1,2026-08-31T12:00:00+00:00,11,17,11–17 h,6,GEFS | ICON-EU EPS,31,40,EXPERIMENTAL / NOT CALIBRATED,0.0,0.0,38.7,97.5,54.8,2.5,6.5,0.0,0.0,0.0
70238,BEOGRAD-SOPOT,BEOGRAD-SOPOT,БЕОГРАД-СОПОТ,2026-08-31,3,2026-08-28T00:00:00+00:00,35.6,33.5,34.6,0.0,64.0,32.8,3.2,0.0,30_35,Тропски дан,YELLOW,64.0,2026-08-31T12:00:00+00:00,11,17,11–17 h,6,GEFS | ICON-EU EPS,31,40,EXPERIMENTAL / NOT CALIBRATED,0.0,0.0,35.5,92.5,58.1,7.5,6.5,0.0,0.0,0.0
70122,BEOGRAD-GROCKA,BEOGRAD-GROCKA,БЕОГРАД-ГРОЦКА,2026-08-31,3,2026-08-28T00:00:00+00:00,35.7,33.2,34.4,0.0,66.5,28.7,4.8,0.0,30_35,Тропски дан,YELLOW,66.5,2026-08-31T12:00:00+00:00,11,17,11–17 h,6,GEFS | ICON-EU EPS,31,40,EXPERIMENTAL / NOT CALIBRATED,0.0,0.0,35.5,97.5,54.8,2.5,9.7,0.0,0.0,0.0
70769,LJIG,LJIG,ЉИГ,2026-08-31,3,2026-08-28T00:00:00+00:00,34.4,34.5,34.4,0.0,71.9,28.1,0.0,0.0,30_35,Тропски дан,YELLOW,71.9,2026-08-31T12:00:00+00:00,11,17,11–17 h,6,GEFS | ICON-EU EPS,31,40,EXPERIMENTAL / NOT CALIBRATED,0.0,0.0,61.3,82.5,38.7,17.5,0.0,0.0,0.0,0.0
70831,MIONICA,MIONICA,МИОНИЦА,2026-08-31,3,2026-08-28T00:00:00+00:00,34.5,33.4,33.9,0.0,84.2,15.8,0.0,0.0,30_35,Тропски дан,YELLOW,84.2,2026-08-31T12:00:00+00:00,11,17,11–17 h,6,GEFS | ICON-EU EPS,31,40,EXPERIMENTAL / NOT CALIBRATED,0.0,0.0,71.0,97.5,29.0,2.5,0.0,0.0,0.0,0.0
70360,VALJEVO-GRAD,VALJEVO-GRAD,ВАЉЕВО-ГРАД,2026-08-31,3,2026-08-28T00:00:00+00:00,34.7,33.1,33.9,0.0,79.4,20.6,0.0,0.0,30_35,Тропски дан,YELLOW,79.4,2026-08-31T12:00:00+00:00,11,17,11–17 h,6,GEFS | ICON-EU EPS,31,40,EXPERIMENTAL / NOT CALIBRATED,0.0,0.0,61.3,97.5,38.7,2.5,0.0,0.0,0.0,0.0
70882,OSEČINA,OSEČINA,ОСЕЧИНА,2026-08-31,3,2026-08-28T00:00:00+00:00,34.9,33.0,33.9,0.0,76.2,23.8,0.0,0.0,30_35,Тропски дан,YELLOW,76.2,2026-08-31T12:00:00+00:00,11,17,11–17 h,6,GEFS | ICON-EU EPS,31,40,EXPERIMENTAL / NOT CALIBRATED,0.0,0.0,54.8,97.5,45.2,2.5,0.0,0.0,0.0,0.0
70700,LAJKOVAC,LAJKOVAC,ЛАЈКОВАЦ,2026-08-31,3,2026-08-28T00:00:00+00:00,34.4,34.9,34.6,0.0,55.6,44.4,0.0,0.0,30_35,Тропски дан,YELLOW,55.6,2026-08-31T12:00:00+00:00,11,17,11–17 h,6,GEFS | ICON-EU EPS,31,40,EXPERIMENTAL / NOT CALIBRATED,0.0,0.0,61.3,50.0,38.7,50.0,0.0,0.0,0.0,0.0
71218,UB,UB,УБ,2026-08-31,3,2026-08-28T00:00:00+00:00,36.0,34.6,35.3,0.0,49.9,46.9,3.2,0.0,30_35,Тропски дан,YELLOW,49.9,2026-08-31T12:00:00+00:00,11,17,11–17 h,6,GEFS | ICON-EU EPS,31,40,EXPERIMENTAL / NOT CALIBRATED,0.0,0.0,32.3,67.5,61.3,32.5,6.5,0.0,0.0,0.0
80152,ZRENJANIN-GRAD,ZRENJANIN-GRAD,ЗРЕЊАНИН-ГРАД,2026-08-31,3,2026-08-28T00:00:00+00:00,36.0,33.7,34.9,0.0,59.0,39.4,1.6,0.0,30_35,Тропски дан,YELLOW,59.0,2026-08-31T12:00:00+00:00,11,17,11–17 h,6,GEFS | ICON-EU EPS,31,40,EXPERIMENTAL / NOT CALIBRATED,0.0,0.0,35.5,82.5,61.3,17.5,3.2,0.0,0.0,0.0
80373,SEČANJ,SEČANJ,СЕЧАЊ,2026-08-31,3,2026-08-28T00:00:00+00:00,36.1,33.7,34.9,0.0,60.8,37.6,1.6,0.0,30_35,Тропски дан,YELLOW,60.8,2026-08-31T12:00:00+00:00,11,17,11–17 h,6,GEFS | ICON-EU EPS,31,40,EXPERIMENTAL / NOT CALIBRATED,0.0,0.0,29.0,92.5,67.7,7.5,3.2,0.0,0.0,0.0
80144,ŽITIŠTE,ŽITIŠTE,ЖИТИШТЕ,2026-08-31,3,2026-08-28T00:00:00+00:00,35.8,34.1,34.9,0.0,55.8,42.6,1.6,0.0,30_35,Тропски дан,YELLOW,55.8,2026-08-31T12:00:00+00:00,11,17,11–17 h,6,GEFS | ICON-EU EPS,31,40,EXPERIMENTAL / NOT CALIBRATED,0.0,0.0,29.0,82.5,67.7,17.5,3.2,0.0,0.0,0.0
80268,NOVI BEČEJ,NOVI BEČEJ,НОВИ БЕЧЕЈ,2026-08-31,3,2026-08-28T00:00:00+00:00,35.6,33.9,34.8,0.0,57.7,42.3,0.0,0.0,30_35,Тропски дан,YELLOW,57.7,2026-08-31T12:00:00+00:00,11,17,11–17 h,6,GEFS | ICON-EU EPS,31,40,EXPERIMENTAL / NOT CALIBRATED,0.0,0.0,35.5,80.0,64.5,20.0,0.0,0.0,0.0,0.0
80250,NOVA CRNJA,NOVA CRNJA,НОВА ЦРЊА,2026-08-31,3,2026-08-28T00:00:00+00:00,35.7,34.0,34.8,0.0,57.4,42.6,0.0,0.0,30_35,Тропски дан,YELLOW,57.4,2026-08-31T12:00:00+00:00,11,17,11–17 h,6,GEFS | ICON-EU EPS,31,40,EXPERIMENTAL / NOT CALIBRATED,0.0,0.0,32.3,82.5,67.7,17.5,0.0,0.0,0.0,0.0
80322,PEĆINCI,PEĆINCI,ПЕЋИНЦИ,2026-08-31,3,2026-08-28T00:00:00+00:00,36.3,34.4,35.4,0.0,47.0,48.1,4.8,0.0,35_38,Врео дан,ORANGE,48.1,2026-08-31T12:00:00+00:00,11,17,11–17 h,6,GEFS | ICON-EU EPS,31,40,EXPERIMENTAL / NOT CALIBRATED,0.0,0.0,29.0,65.0,61.3,35.0,9.7,0.0,0.0,0.0
80187,IRIG,IRIG,ИРИГ,2026-08-31,3,2026-08-28T00:00:00+00:00,35.6,33.1,34.3,0.0,69.7,27.1,3.2,0.0,30_35,Тропски дан,YELLOW,69.7,2026-08-31T12:00:00+00:00,11,17,11–17 h,6,GEFS | ICON-EU EPS,31,40,EXPERIMENTAL / NOT CALIBRATED,0.0,0.0,41.9,97.5,51.6,2.5,6.5,0.0,0.0,0.0
80420,STARA PAZOVA,STARA PAZOVA,СТАРА ПАЗОВА,2026-08-31,3,2026-08-28T00:00:00+00:00,35.7,33.8,34.7,0.0,60.2,36.5,3.2,0.0,30_35,Тропски дан,YELLOW,60.2,2026-08-31T12:00:00+00:00,11,17,11–17 h,6,GEFS | ICON-EU EPS,31,40,EXPERIMENTAL / NOT CALIBRATED,0.0,0.0,35.5,85.0,58.1,15.0,6.5,0.0,0.0,0.0
80357,RUMA,RUMA,РУМА,2026-08-31,3,2026-08-28T00:00:00+00:00,35.6,34.3,34.9,0.0,57.2,39.6,3.2,0.0,30_35,Тропски дан,YELLOW,57.2,2026-08-31T12:00:00+00:00,11,17,11–17 h,6,GEFS | ICON-EU EPS,31,40,EXPERIMENTAL / NOT CALIBRATED,0.0,0.0,41.9,72.5,51.6,27.5,6.5,0.0,0.0,0.0
80403,SREMSKA MITROVICA-GRAD,SREMSKA MITROVICA-GRAD,СРЕМСКА МИТРОВИЦА-ГРАД,2026-08-31,3,2026-08-28T00:00:00+00:00,35.5,34.3,34.9,0.0,58.5,38.3,3.2,0.0,30_35,Тропски дан,YELLOW,58.5,2026-08-31T12:00:00+00:00,11,17,11–17 h,6,GEFS | ICON-EU EPS,31,40,EXPERIMENTAL / NOT CALIBRATED,0.0,0.0,41.9,75.0,51.6,25.0,6.5,0.0,0.0,0.0
80179,INĐIJA,INĐIJA,ИНЂИЈА,2026-08-31,3,2026-08-28T00:00:00+00:00,35.6,33.8,34.7,0.0,60.2,36.5,3.2,0.0,30_35,Тропски дан,YELLOW,60.2,2026-08-31T12:00:00+00:00,11,17,11–17 h,6,GEFS | ICON-EU EPS,31,40,EXPERIMENTAL / NOT CALIBRATED,0.0,0.0,35.5,85.0,58.1,15.0,6.5,0.0,0.0,0.0
80497,ŠID,ŠID,ШИД,2026-08-31,3,2026-08-28T00:00:00+00:00,35.7,34.5,35.1,0.0,55.6,41.2,3.2,0.0,30_35,Тропски дан,YELLOW,55.6,2026-08-31T12:00:00+00:00,11,17,11–17 h,6,GEFS | ICON-EU EPS,31,40,EXPERIMENTAL / NOT CALIBRATED,0.0,0.0,38.7,72.5,54.8,27.5,6.5,0.0,0.0,0.0
90336,GORA,GORA,ГОРА,2026-08-31,3,2026-08-28T00:00:00+00:00,29.8,24.7,27.3,77.4,22.6,0.0,0.0,0.0,below_30,Уобичајена температура,GREEN,77.4,2026-08-31T12:00:00+00:00,11,17,11–17 h,6,GEFS | ICON-EU EPS,31,40,EXPERIMENTAL / NOT CALIBRATED,54.8,100.0,45.2,0.0,0.0,0.0,0.0,0.0,0.0,0.0
90255,PRIZREN,PRIZREN,ПРИЗРЕН,2026-08-31,3,2026-08-28T00:00:00+00:00,32.5,28.1,30.3,46.2,53.8,0.0,0.0,0.0,30_35,Тропски дан,YELLOW,53.8,2026-08-31T12:00:00+00:00,11,17,11–17 h,6,GEFS | ICON-EU EPS,31,40,EXPERIMENTAL / NOT CALIBRATED,0.0,92.5,100.0,7.5,0.0,0.0,0.0,0.0,0.0,0.0
90280,SUVA REKA,SUVA REKA,СУВА РЕКА,2026-08-31,3,2026-08-28T00:00:00+00:00,32.5,33.2,32.8,0.0,100.0,0.0,0.0,0.0,30_35,Тропски дан,YELLOW,100.0,2026-08-31T12:00:00+00:00,11,17,11–17 h,6,GEFS | ICON-EU EPS,31,40,EXPERIMENTAL / NOT CALIBRATED,0.0,0.0,100.0,100.0,0.0,0.0,0.0,0.0,0.0,0.0
90212,ORAHOVAC,ORAHOVAC,ОРАХОВАЦ,2026-08-31,3,2026-08-28T00:00:00+00:00,35.3,34.8,35.0,0.0,44.9,55.1,0.0,0.0,35_38,Врео дан,ORANGE,55.1,2026-08-31T12:00:00+00:00,11,17,11–17 h,6,GEFS | ICON-EU EPS,31,40,EXPERIMENTAL / NOT CALIBRATED,0.0,0.0,32.3,57.5,67.7,42.5,0.0,0.0,0.0,0.0
70963,PREŠEVO,PREŠEVO,ПРЕШЕВО,2026-08-31,3,2026-08-28T00:00:00+00:00,33.2,32.1,32.7,0.0,100.0,0.0,0.0,0.0,30_35,Тропски дан,YELLOW,100.0,2026-08-31T12:00:00+00:00,11,17,11–17 h,6,GEFS | ICON-EU EPS,31,40,EXPERIMENTAL / NOT CALIBRATED,0.0,0.0,100.0,100.0,0.0,0.0,0.0,0.0,0.0,0.0
71161,TRGOVIŠTE,TRGOVIŠTE,ТРГОВИШТЕ,2026-08-31,3,2026-08-28T00:00:00+00:00,29.3,26.4,27.8,95.2,4.8,0.0,0.0,0.0,below_30,Уобичајена температура,GREEN,95.2,2026-08-31T12:00:00+00:00,11,17,11–17 h,6,GEFS | ICON-EU EPS,31,40,EXPERIMENTAL / NOT CALIBRATED,90.3,100.0,9.7,0.0,0.0,0.0,0.0,0.0,0.0,0.0
70335,BOSILEGRAD,BOSILEGRAD,БОСИЛЕГРАД,2026-08-31,3,2026-08-28T00:00:00+00:00,28.6,26.0,27.3,93.5,6.5,0.0,0.0,0.0,below_30,Уобичајена температура,GREEN,93.5,2026-08-31T12:00:00+00:00,11,17,11–17 h,6,GEFS | ICON-EU EPS,31,40,EXPERIMENTAL / NOT CALIBRATED,87.1,100.0,12.9,0.0,0.0,0.0,0.0,0.0,0.0,0.0
70432,VRANJE-GRAD,VRANJE-GRAD,ВРАЊЕ-ГРАД,2026-08-31,3,2026-08-28T00:00:00+00:00,31.3,31.2,31.3,6.6,93.4,0.0,0.0,0.0,30_35,Тропски дан,YELLOW,93.4,2026-08-31T12:00:00+00:00,11,17,11–17 h,6,GEFS | ICON-EU EPS,31,40,EXPERIMENTAL / NOT CALIBRATED,3.2,10.0,96.8,90.0,0.0,0.0,0.0,0.0,0.0,0.0
71137,SURDULICA,SURDULICA,СУРДУЛИЦА,2026-08-31,3,2026-08-28T00:00:00+00:00,32.0,25.2,28.6,50.0,50.0,0.0,0.0,0.0,30_35,Тропски дан,YELLOW,50.0,2026-08-31T12:00:00+00:00,11,17,11–17 h,6,GEFS | ICON-EU EPS,31,40,EXPERIMENTAL / NOT CALIBRATED,0.0,100.0,100.0,0.0,0.0,0.0,0.0,0.0,0.0,0.0
70416,VLADIČIN HAN,VLADIČIN HAN,ВЛАДИЧИН ХАН,2026-08-31,3,2026-08-28T00:00:00+00:00,34.2,30.9,32.6,11.2,71.0,16.1,1.6,0.0,30_35,Тропски дан,YELLOW,71.0,2026-08-31T12:00:00+00:00,11,17,11–17 h,6,GEFS | ICON-EU EPS,31,40,EXPERIMENTAL / NOT CALIBRATED,0.0,22.5,64.5,77.5,32.3,0.0,3.2,0.0,0.0,0.0
70351,BUJANOVAC,BUJANOVAC,БУЈАНОВАЦ,2026-08-31,3,2026-08-28T00:00:00+00:00,33.1,32.5,32.8,0.0,93.5,6.5,0.0,0.0,30_35,Тропски дан,YELLOW,93.5,2026-08-31T12:00:00+00:00,11,17,11–17 h,6,GEFS | ICON-EU EPS,31,40,EXPERIMENTAL / NOT CALIBRATED,0.0,0.0,87.1,100.0,12.9,0.0,0.0,0.0,0.0,0.0
71226,CRNA TRAVA,CRNA TRAVA,ЦРНА ТРАВА,2026-08-31,3,2026-08-28T00:00:00+00:00,32.0,26.9,29.4,50.0,50.0,0.0,0.0,0.0,30_35,Тропски дан,YELLOW,50.0,2026-08-31T12:00:00+00:00,11,17,11–17 h,6,GEFS | ICON-EU EPS,31,40,EXPERIMENTAL / NOT CALIBRATED,0.0,100.0,100.0,0.0,0.0,0.0,0.0,0.0,0.0,0.0
70718,LEBANE,LEBANE,ЛЕБАНЕ,2026-08-31,3,2026-08-28T00:00:00+00:00,35.0,32.8,33.9,0.0,74.2,25.8,0.0,0.0,30_35,Тропски дан,YELLOW,74.2,2026-08-31T12:00:00+00:00,11,17,11–17 h,6,GEFS | ICON-EU EPS,31,40,EXPERIMENTAL / NOT CALIBRATED,0.0,0.0,48.4,100.0,51.6,0.0,0.0,0.0,0.0,0.0
70815,MEDVEĐA,MEDVEĐA,МЕДВЕЂА,2026-08-31,3,2026-08-28T00:00:00+00:00,33.9,32.0,33.0,0.0,85.5,14.5,0.0,0.0,30_35,Тропски дан,YELLOW,85.5,2026-08-31T12:00:00+00:00,11,17,11–17 h,6,GEFS | ICON-EU EPS,31,40,EXPERIMENTAL / NOT CALIBRATED,0.0,0.0,71.0,100.0,29.0,0.0,0.0,0.0,0.0,0.0
70424,VLASOTINCE,VLASOTINCE,ВЛАСОТИНЦЕ,2026-08-31,3,2026-08-28T00:00:00+00:00,33.5,29.6,31.6,31.2,63.9,4.8,0.0,0.0,30_35,Тропски дан,YELLOW,63.9,2026-08-31T12:00:00+00:00,11,17,11–17 h,6,GEFS | ICON-EU EPS,31,40,EXPERIMENTAL / NOT CALIBRATED,0.0,62.5,90.3,37.5,9.7,0.0,0.0,0.0,0.0,0.0
70297,BOJNIK,BOJNIK,БОЈНИК,2026-08-31,3,2026-08-28T00:00:00+00:00,35.0,34.4,34.7,0.0,60.4,39.6,0.0,0.0,30_35,Тропски дан,YELLOW,60.4,2026-08-31T12:00:00+00:00,11,17,11–17 h,6,GEFS | ICON-EU EPS,31,40,EXPERIMENTAL / NOT CALIBRATED,0.0,0.0,48.4,72.5,51.6,27.5,0.0,0.0,0.0,0.0
70726,LESKOVAC-GRAD,LESKOVAC-GRAD,ЛЕСКОВАЦ-ГРАД,2026-08-31,3,2026-08-28T00:00:00+00:00,35.2,34.6,34.9,0.0,59.2,40.8,0.0,0.0,30_35,Тропски дан,YELLOW,59.2,2026-08-31T12:00:00+00:00,11,17,11–17 h,6,GEFS | ICON-EU EPS,31,40,EXPERIMENTAL / NOT CALIBRATED,0.0,0.0,48.4,70.0,51.6,30.0,0.0,0.0,0.0,0.0
71030,REKOVAC,REKOVAC,РЕКОВАЦ,2026-08-31,3,2026-08-28T00:00:00+00:00,33.9,32.3,33.1,0.0,96.8,3.2,0.0,0.0,30_35,Тропски дан,YELLOW,96.8,2026-08-31T12:00:00+00:00,11,17,11–17 h,6,GEFS | ICON-EU EPS,31,40,EXPERIMENTAL / NOT CALIBRATED,0.0,0.0,93.5,100.0,6.5,0.0,0.0,0.0,0.0,0.0
70904,PARAĆIN,PARAĆIN,ПАРАЋИН,2026-08-31,3,2026-08-28T00:00:00+00:00,35.1,33.6,34.3,0.0,66.3,33.7,0.0,0.0,30_35,Тропски дан,YELLOW,66.3,2026-08-31T12:00:00+00:00,11,17,11–17 h,6,GEFS | ICON-EU EPS,31,40,EXPERIMENTAL / NOT CALIBRATED,0.0,0.0,45.2,87.5,54.8,12.5,0.0,0.0,0.0,0.0
71200,ĆUPRIJA,ĆUPRIJA,ЋУПРИЈА,2026-08-31,3,2026-08-28T00:00:00+00:00,34.6,33.4,34.0,0.0,81.0,19.0,0.0,0.0,30_35,Тропски дан,YELLOW,81.0,2026-08-31T12:00:00+00:00,11,17,11–17 h,6,GEFS | ICON-EU EPS,31,40,EXPERIMENTAL / NOT CALIBRATED,0.0,0.0,64.5,97.5,35.5,2.5,0.0,0.0,0.0,0.0
71048,JAGODINA-GRAD,JAGODINA-GRAD,ЈАГОДИНА-ГРАД,2026-08-31,3,2026-08-28T00:00:00+00:00,35.5,34.5,35.0,0.0,60.1,39.9,0.0,0.0,30_35,Тропски дан,YELLOW,60.1,2026-08-31T12:00:00+00:00,11,17,11–17 h,6,GEFS | ICON-EU EPS,31,40,EXPERIMENTAL / NOT CALIBRATED,0.0,0.0,45.2,75.0,54.8,25.0,0.0,0.0,0.0,0.0
70491,DESPOTOVAC,DESPOTOVAC,ДЕСПОТОВАЦ,2026-08-31,3,2026-08-28T00:00:00+00:00,34.6,32.9,33.8,0.0,82.3,17.7,0.0,0.0,30_35,Тропски дан,YELLOW,82.3,2026-08-31T12:00:00+00:00,11,17,11–17 h,6,GEFS | ICON-EU EPS,31,40,EXPERIMENTAL / NOT CALIBRATED,0.0,0.0,64.5,100.0,35.5,0.0,0.0,0.0,0.0,0.0
71056,SVILAJNAC,SVILAJNAC,СВИЛАЈНАЦ,2026-08-31,3,2026-08-28T00:00:00+00:00,36.0,34.3,35.2,0.0,59.0,41.0,0.0,0.0,30_35,Тропски дан,YELLOW,59.0,2026-08-31T12:00:00+00:00,11,17,11–17 h,6,GEFS | ICON-EU EPS,31,40,EXPERIMENTAL / NOT CALIBRATED,0.0,0.0,35.5,82.5,64.5,17.5,0.0,0.0,0.0,0.0
70386,VELIKA PLANA,VELIKA PLANA,ВЕЛИКА ПЛАНА,2026-08-31,3,2026-08-28T00:00:00+00:00,35.9,34.4,35.1,0.0,59.7,40.3,0.0,0.0,30_35,Тропски дан,YELLOW,59.7,2026-08-31T12:00:00+00:00,11,17,11–17 h,6,GEFS | ICON-EU EPS,31,40,EXPERIMENTAL / NOT CALIBRATED,0.0,0.0,41.9,77.5,58.1,22.5,0.0,0.0,0.0,0.0
71102,SMEDEREVSKA PALANKA,SMEDEREVSKA PALANKA,СМЕДЕРЕВСКА ПАЛАНКА,2026-08-31,3,2026-08-28T00:00:00+00:00,36.2,34.0,35.1,0.0,60.8,36.0,3.2,0.0,30_35,Тропски дан,YELLOW,60.8,2026-08-31T12:00:00+00:00,11,17,11–17 h,6,GEFS | ICON-EU EPS,31,40,EXPERIMENTAL / NOT CALIBRATED,0.0,0.0,29.0,92.5,64.5,7.5,6.5,0.0,0.0,0.0
71099,SMEDEREVO-GRAD,SMEDEREVO-GRAD,СМЕДЕРЕВО-ГРАД,2026-08-31,3,2026-08-28T00:00:00+00:00,36.2,34.0,35.1,0.0,59.5,37.3,3.2,0.0,30_35,Тропски дан,YELLOW,59.5,2026-08-31T12:00:00+00:00,11,17,11–17 h,6,GEFS | ICON-EU EPS,31,40,EXPERIMENTAL / NOT CALIBRATED,0.0,0.0,29.0,90.0,64.5,10.0,6.5,0.0,0.0,0.0
70343,BRUS,BRUS,БРУС,2026-08-31,3,2026-08-28T00:00:00+00:00,31.8,29.4,30.6,37.0,63.0,0.0,0.0,0.0,30_35,Тропски дан,YELLOW,63.0,2026-08-31T12:00:00+00:00,11,17,11–17 h,6,GEFS | ICON-EU EPS,31,40,EXPERIMENTAL / NOT CALIBRATED,6.5,67.5,93.5,32.5,0.0,0.0,0.0,0.0,0.0,0.0
70017,ALEKSANDROVAC,ALEKSANDROVAC,АЛЕКСАНДРОВАЦ,2026-08-31,3,2026-08-28T00:00:00+00:00,32.1,29.8,30.9,36.6,63.4,0.0,0.0,0.0,30_35,Тропски дан,YELLOW,63.4,2026-08-31T12:00:00+00:00,11,17,11–17 h,6,GEFS | ICON-EU EPS,31,40,EXPERIMENTAL / NOT CALIBRATED,3.2,70.0,96.8,30.0,0.0,0.0,0.0,0.0,0.0,0.0
70670,KRUŠEVAC-GRAD,KRUŠEVAC-GRAD,КРУШЕВАЦ-ГРАД,2026-08-31,3,2026-08-28T00:00:00+00:00,35.0,34.8,34.9,0.0,57.1,42.9,0.0,0.0,30_35,Тропски дан,YELLOW,57.1,2026-08-31T12:00:00+00:00,11,17,11–17 h,6,GEFS | ICON-EU EPS,31,40,EXPERIMENTAL / NOT CALIBRATED,0.0,0.0,51.6,62.5,48.4,37.5,0.0,0.0,0.0,0.0
71170,TRSTENIK,TRSTENIK,ТРСТЕНИК,2026-08-31,3,2026-08-28T00:00:00+00:00,33.9,34.0,33.9,0.0,93.0,7.0,0.0,0.0,30_35,Тропски дан,YELLOW,93.0,2026-08-31T12:00:00+00:00,11,17,11–17 h,6,GEFS | ICON-EU EPS,31,40,EXPERIMENTAL / NOT CALIBRATED,0.0,0.0,93.5,92.5,6.5,7.5,0.0,0.0,0.0,0.0
71196,ĆIĆEVAC,ĆIĆEVAC,ЋИЋЕВАЦ,2026-08-31,3,2026-08-28T00:00:00+00:00,35.1,34.6,34.9,0.0,60.1,39.9,0.0,0.0,30_35,Тропски дан,YELLOW,60.1,2026-08-31T12:00:00+00:00,11,17,11–17 h,6,GEFS | ICON-EU EPS,31,40,EXPERIMENTAL / NOT CALIBRATED,0.0,0.0,45.2,75.0,54.8,25.0,0.0,0.0,0.0,0.0
70378,VARVARIN,VARVARIN,ВАРВАРИН,2026-08-31,3,2026-08-28T00:00:00+00:00,35.5,34.2,34.8,0.0,61.9,38.1,0.0,0.0,30_35,Тропски дан,YELLOW,61.9,2026-08-31T12:00:00+00:00,11,17,11–17 h,6,GEFS | ICON-EU EPS,31,40,EXPERIMENTAL / NOT CALIBRATED,0.0,0.0,38.7,85.0,61.3,15.0,0.0,0.0,0.0,0.0
80241,MALI IĐOŠ,MALI IĐOŠ,МАЛИ ИЂОШ,2026-08-31,3,2026-08-28T00:00:00+00:00,35.7,34.0,34.8,0.0,63.1,35.3,1.6,0.0,30_35,Тропски дан,YELLOW,63.1,2026-08-31T12:00:00+00:00,11,17,11–17 h,6,GEFS | ICON-EU EPS,31,40,EXPERIMENTAL / NOT CALIBRATED,0.0,0.0,38.7,87.5,58.1,12.5,3.2,0.0,0.0,0.0
80071,BAČKA TOPOLA,BAČKA TOPOLA,БАЧКА ТОПОЛА,2026-08-31,3,2026-08-28T00:00:00+00:00,35.6,33.9,34.8,0.0,64.4,30.8,4.8,0.0,30_35,Тропски дан,YELLOW,64.4,2026-08-31T12:00:00+00:00,11,17,11–17 h,6,GEFS | ICON-EU EPS,31,40,EXPERIMENTAL / NOT CALIBRATED,0.0,0.0,38.7,90.0,51.6,10.0,9.7,0.0,0.0,0.0
80438,SUBOTICA-GRAD,SUBOTICA-GRAD,СУБОТИЦА-ГРАД,2026-08-31,3,2026-08-28T00:00:00+00:00,35.1,33.7,34.4,0.0,71.7,26.7,1.6,0.0,30_35,Тропски дан,YELLOW,71.7,2026-08-31T12:00:00+00:00,11,17,11–17 h,6,GEFS | ICON-EU EPS,31,40,EXPERIMENTAL / NOT CALIBRATED,0.0,0.0,48.4,95.0,48.4,5.0,3.2,0.0,0.0,0.0
80306,ODŽACI,ODŽACI,ОЏАЦИ,2026-08-31,3,2026-08-28T00:00:00+00:00,36.0,34.3,35.1,0.0,56.9,39.9,3.2,0.0,30_35,Тропски дан,YELLOW,56.9,2026-08-31T12:00:00+00:00,11,17,11–17 h,6,GEFS | ICON-EU EPS,31,40,EXPERIMENTAL / NOT CALIBRATED,0.0,0.0,38.7,75.0,54.8,25.0,6.5,0.0,0.0,0.0
80047,APATIN,APATIN,АПАТИН,2026-08-31,3,2026-08-28T00:00:00+00:00,35.4,33.8,34.6,0.0,64.4,34.0,1.6,0.0,30_35,Тропски дан,YELLOW,64.4,2026-08-31T12:00:00+00:00,11,17,11–17 h,6,GEFS | ICON-EU EPS,31,40,EXPERIMENTAL / NOT CALIBRATED,0.0,0.0,38.7,90.0,58.1,10.0,3.2,0.0,0.0,0.0
80233,KULA,KULA,КУЛА,2026-08-31,3,2026-08-28T00:00:00+00:00,35.6,34.2,34.9,0.0,59.4,35.8,4.8,0.0,30_35,Тропски дан,YELLOW,59.4,2026-08-31T12:00:00+00:00,11,17,11–17 h,6,GEFS | ICON-EU EPS,31,40,EXPERIMENTAL / NOT CALIBRATED,0.0,0.0,38.7,80.0,51.6,20.0,9.7,0.0,0.0,0.0
80381,SOMBOR-GRAD,SOMBOR-GRAD,СОМБОР-ГРАД,2026-08-31,3,2026-08-28T00:00:00+00:00,35.7,34.0,34.8,0.0,63.1,32.1,4.8,0.0,30_35,Тропски дан,YELLOW,63.1,2026-08-31T12:00:00+00:00,11,17,11–17 h,6,GEFS | ICON-EU EPS,31,40,EXPERIMENTAL / NOT CALIBRATED,0.0,0.0,38.7,87.5,51.6,12.5,9.7,0.0,0.0,0.0
80063,BAČKA PALANKA,BAČKA PALANKA,БАЧКА ПАЛАНКА,2026-08-31,3,2026-08-28T00:00:00+00:00,35.3,34.2,34.7,0.0,58.8,39.6,1.6,0.0,30_35,Тропски дан,YELLOW,58.8,2026-08-31T12:00:00+00:00,11,17,11–17 h,6,GEFS | ICON-EU EPS,31,40,EXPERIMENTAL / NOT CALIBRATED,0.0,0.0,45.2,72.5,51.6,27.5,3.2,0.0,0.0,0.0
80055,BAČ,BAČ,БАЧ,2026-08-31,3,2026-08-28T00:00:00+00:00,36.0,34.4,35.2,0.0,54.4,42.4,3.2,0.0,30_35,Тропски дан,YELLOW,54.4,2026-08-31T12:00:00+00:00,11,17,11–17 h,6,GEFS | ICON-EU EPS,31,40,EXPERIMENTAL / NOT CALIBRATED,0.0,0.0,38.7,70.0,54.8,30.0,6.5,0.0,0.0,0.0
80390,SRBOBRAN,SRBOBRAN,СРБОБРАН,2026-08-31,3,2026-08-28T00:00:00+00:00,35.2,34.0,34.6,0.0,61.0,37.4,1.6,0.0,30_35,Тропски дан,YELLOW,61.0,2026-08-31T12:00:00+00:00,11,17,11–17 h,6,GEFS | ICON-EU EPS,31,40,EXPERIMENTAL / NOT CALIBRATED,0.0,0.0,41.9,80.0,54.8,20.0,3.2,0.0,0.0,0.0
80136,ŽABALJ,ŽABALJ,ЖАБАЉ,2026-08-31,3,2026-08-28T00:00:00+00:00,35.6,34.1,34.9,0.0,56.9,41.5,1.6,0.0,30_35,Тропски дан,YELLOW,56.9,2026-08-31T12:00:00+00:00,11,17,11–17 h,6,GEFS | ICON-EU EPS,31,40,EXPERIMENTAL / NOT CALIBRATED,0.0,0.0,38.7,75.0,58.1,25.0,3.2,0.0,0.0,0.0
80462,VRBAS,VRBAS,ВРБАС,2026-08-31,3,2026-08-28T00:00:00+00:00,35.5,34.1,34.8,0.0,62.2,34.6,3.2,0.0,30_35,Тропски дан,YELLOW,62.2,2026-08-31T12:00:00+00:00,11,17,11–17 h,6,GEFS | ICON-EU EPS,31,40,EXPERIMENTAL / NOT CALIBRATED,0.0,0.0,41.9,82.5,51.6,17.5,6.5,0.0,0.0,0.0
80411,SREMSKI KARLOVCI,SREMSKI KARLOVCI,СРЕМСКИ КАРЛОВЦИ,2026-08-31,3,2026-08-28T00:00:00+00:00,35.1,33.6,34.4,0.0,67.6,32.4,0.0,0.0,30_35,Тропски дан,YELLOW,67.6,2026-08-31T12:00:00+00:00,11,17,11–17 h,6,GEFS | ICON-EU EPS,31,40,EXPERIMENTAL / NOT CALIBRATED,0.0,0.0,45.2,90.0,54.8,10.0,0.0,0.0,0.0,0.0
80101,BEOČIN,BEOČIN,БЕОЧИН,2026-08-31,3,2026-08-28T00:00:00+00:00,35.1,32.2,33.6,0.0,74.2,25.8,0.0,0.0,30_35,Тропски дан,YELLOW,74.2,2026-08-31T12:00:00+00:00,11,17,11–17 h,6,GEFS | ICON-EU EPS,31,40,EXPERIMENTAL / NOT CALIBRATED,0.0,0.0,48.4,100.0,51.6,0.0,0.0,0.0,0.0,0.0
80454,TITEL,TITEL,ТИТЕЛ,2026-08-31,3,2026-08-28T00:00:00+00:00,35.7,33.8,34.8,0.0,59.0,39.4,1.6,0.0,30_35,Тропски дан,YELLOW,59.0,2026-08-31T12:00:00+00:00,11,17,11–17 h,6,GEFS | ICON-EU EPS,31,40,EXPERIMENTAL / NOT CALIBRATED,0.0,0.0,35.5,82.5,61.3,17.5,3.2,0.0,0.0,0.0
80080,BAČKI PETROVAC,BAČKI PETROVAC,БАЧКИ ПЕТРОВАЦ,2026-08-31,3,2026-08-28T00:00:00+00:00,35.3,34.2,34.7,0.0,58.8,39.6,1.6,0.0,30_35,Тропски дан,YELLOW,58.8,2026-08-31T12:00:00+00:00,11,17,11–17 h,6,GEFS | ICON-EU EPS,31,40,EXPERIMENTAL / NOT CALIBRATED,0.0,0.0,45.2,72.5,51.6,27.5,3.2,0.0,0.0,0.0
80284,NOVI SAD-GRAD,NOVI SAD-GRAD,НОВИ САД-ГРАД,2026-08-31,3,2026-08-28T00:00:00+00:00,35.1,33.9,34.5,0.0,64.2,35.8,0.0,0.0,30_35,Тропски дан,YELLOW,64.2,2026-08-31T12:00:00+00:00,11,17,11–17 h,6,GEFS | ICON-EU EPS,31,40,EXPERIMENTAL / NOT CALIBRATED,0.0,0.0,48.4,80.0,51.6,20.0,0.0,0.0,0.0,0.0
80446,TEMERIN,TEMERIN,ТЕМЕРИН,2026-08-31,3,2026-08-28T00:00:00+00:00,35.2,34.1,34.6,0.0,61.0,37.4,1.6,0.0,30_35,Тропски дан,YELLOW,61.0,2026-08-31T12:00:00+00:00,11,17,11–17 h,6,GEFS | ICON-EU EPS,31,40,EXPERIMENTAL / NOT CALIBRATED,0.0,0.0,41.9,80.0,54.8,20.0,3.2,0.0,0.0,0.0
80110,BEČEJ,BEČEJ,БЕЧЕЈ,2026-08-31,3,2026-08-28T00:00:00+00:00,35.6,33.8,34.7,0.0,63.1,36.9,0.0,0.0,30_35,Тропски дан,YELLOW,63.1,2026-08-31T12:00:00+00:00,11,17,11–17 h,6,GEFS | ICON-EU EPS,31,40,EXPERIMENTAL / NOT CALIBRATED,0.0,0.0,38.7,87.5,61.3,12.5,0.0,0.0,0.0,0.0
90271,SRBICA,SRBICA,СРБИЦА,2026-08-31,3,2026-08-28T00:00:00+00:00,33.1,31.6,32.4,1.2,97.1,1.6,0.0,0.0,30_35,Тропски дан,YELLOW,97.1,2026-08-31T12:00:00+00:00,11,17,11–17 h,6,GEFS | ICON-EU EPS,31,40,EXPERIMENTAL / NOT CALIBRATED,0.0,2.5,96.8,97.5,3.2,0.0,0.0,0.0,0.0,0.0
90026,VUČITRN,VUČITRN,ВУЧИТРН,2026-08-31,3,2026-08-28T00:00:00+00:00,33.5,32.2,32.8,0.0,95.2,4.8,0.0,0.0,30_35,Тропски дан,YELLOW,95.2,2026-08-31T12:00:00+00:00,11,17,11–17 h,6,GEFS | ICON-EU EPS,31,40,EXPERIMENTAL / NOT CALIBRATED,0.0,0.0,90.3,100.0,9.7,0.0,0.0,0.0,0.0,0.0
90093,ZUBIN POTOK,ZUBIN POTOK,ЗУБИН ПОТОК,2026-08-31,3,2026-08-28T00:00:00+00:00,32.5,29.8,31.1,28.7,69.6,1.6,0.0,0.0,30_35,Тропски дан,YELLOW,69.6,2026-08-31T12:00:00+00:00,11,17,11–17 h,6,GEFS | ICON-EU EPS,31,40,EXPERIMENTAL / NOT CALIBRATED,0.0,57.5,96.8,42.5,3.2,0.0,0.0,0.0,0.0,0.0
90352,ZVEČAN,ZVEČAN,ЗВЕЧАН,2026-08-31,3,2026-08-28T00:00:00+00:00,32.5,30.3,31.4,18.8,79.6,1.6,0.0,0.0,30_35,Тропски дан,YELLOW,79.6,2026-08-31T12:00:00+00:00,11,17,11–17 h,6,GEFS | ICON-EU EPS,31,40,EXPERIMENTAL / NOT CALIBRATED,0.0,37.5,96.8,62.5,3.2,0.0,0.0,0.0,0.0,0.0
90298,KOSOVSKA MITROVICA,KOSOVSKA MITROVICA,КОСОВСКА МИТРОВИЦА,2026-08-31,3,2026-08-28T00:00:00+00:00,31.1,29.5,30.3,39.8,60.2,0.0,0.0,0.0,30_35,Тропски дан,YELLOW,60.2,2026-08-31T12:00:00+00:00,11,17,11–17 h,6,GEFS | ICON-EU EPS,31,40,EXPERIMENTAL / NOT CALIBRATED,9.7,70.0,90.3,30.0,0.0,0.0,0.0,0.0,0.0,0.0
90158,LEPOSAVIĆ,LEPOSAVIĆ,ЛЕПОСАВИЋ,2026-08-31,3,2026-08-28T00:00:00+00:00,32.5,29.8,31.1,31.2,67.1,1.6,0.0,0.0,30_35,Тропски дан,YELLOW,67.1,2026-08-31T12:00:00+00:00,11,17,11–17 h,6,GEFS | ICON-EU EPS,31,40,EXPERIMENTAL / NOT CALIBRATED,0.0,62.5,96.8,37.5,3.2,0.0,0.0,0.0,0.0,0.0
90085,ĐAKOVICA,ĐAKOVICA,ЂАКОВИЦА,2026-08-31,3,2026-08-28T00:00:00+00:00,34.3,34.4,34.4,0.0,70.8,29.2,0.0,0.0,30_35,Тропски дан,YELLOW,70.8,2026-08-31T12:00:00+00:00,11,17,11–17 h,6,GEFS | ICON-EU EPS,31,40,EXPERIMENTAL / NOT CALIBRATED,0.0,0.0,74.2,67.5,25.8,32.5,0.0,0.0,0.0,0.0
90123,KLINA,KLINA,КЛИНА,2026-08-31,3,2026-08-28T00:00:00+00:00,35.3,34.2,34.7,0.0,61.1,38.9,0.0,0.0,30_35,Тропски дан,YELLOW,61.1,2026-08-31T12:00:00+00:00,11,17,11–17 h,6,GEFS | ICON-EU EPS,31,40,EXPERIMENTAL / NOT CALIBRATED,0.0,0.0,32.3,90.0,67.7,10.0,0.0,0.0,0.0,0.0
90239,PEĆ,PEĆ,ПЕЋ,2026-08-31,3,2026-08-28T00:00:00+00:00,29.6,29.5,29.6,66.2,33.8,0.0,0.0,0.0,below_30,Уобичајена температура,GREEN,66.2,2026-08-31T12:00:00+00:00,11,17,11–17 h,6,GEFS | ICON-EU EPS,31,40,EXPERIMENTAL / NOT CALIBRATED,54.8,77.5,45.2,22.5,0.0,0.0,0.0,0.0,0.0,0.0
90107,ISTOK,ISTOK,ИСТОК,2026-08-31,3,2026-08-28T00:00:00+00:00,31.8,32.6,32.2,4.8,95.2,0.0,0.0,0.0,30_35,Тропски дан,YELLOW,95.2,2026-08-31T12:00:00+00:00,11,17,11–17 h,6,GEFS | ICON-EU EPS,31,40,EXPERIMENTAL / NOT CALIBRATED,9.7,0.0,90.3,100.0,0.0,0.0,0.0,0.0,0.0,0.0
90069,DEČANI,DEČANI,ДЕЧАНИ,2026-08-31,3,2026-08-28T00:00:00+00:00,31.4,30.2,30.8,27.7,72.3,0.0,0.0,0.0,30_35,Тропски дан,YELLOW,72.3,2026-08-31T12:00:00+00:00,11,17,11–17 h,6,GEFS | ICON-EU EPS,31,40,EXPERIMENTAL / NOT CALIBRATED,12.9,42.5,87.1,57.5,0.0,0.0,0.0,0.0,0.0,0.0
90018,VITINA,VITINA,ВИТИНА,2026-08-31,3,2026-08-28T00:00:00+00:00,32.6,32.2,32.4,0.0,100.0,0.0,0.0,0.0,30_35,Тропски дан,YELLOW,100.0,2026-08-31T12:00:00+00:00,11,17,11–17 h,6,GEFS | ICON-EU EPS,31,40,EXPERIMENTAL / NOT CALIBRATED,0.0,0.0,100.0,100.0,0.0,0.0,0.0,0.0,0.0,0.0
90042,GNJILANE,GNJILANE,ГЊИЛАНЕ,2026-08-31,3,2026-08-28T00:00:00+00:00,33.2,32.3,32.7,0.0,91.9,8.1,0.0,0.0,30_35,Тропски дан,YELLOW,91.9,2026-08-31T12:00:00+00:00,11,17,11–17 h,6,GEFS | ICON-EU EPS,31,40,EXPERIMENTAL / NOT CALIBRATED,0.0,0.0,83.9,100.0,16.1,0.0,0.0,0.0,0.0,0.0
90140,KOSOVSKA KAMENICA,KOSOVSKA KAMENICA,КОСОВСКА КАМЕНИЦА,2026-08-31,3,2026-08-28T00:00:00+00:00,33.2,30.4,31.8,17.5,74.4,8.1,0.0,0.0,30_35,Тропски дан,YELLOW,74.4,2026-08-31T12:00:00+00:00,11,17,11–17 h,6,GEFS | ICON-EU EPS,31,40,EXPERIMENTAL / NOT CALIBRATED,0.0,35.0,83.9,65.0,16.1,0.0,0.0,0.0,0.0,0.0
90182,NOVO BRDO,NOVO BRDO,НОВО БРДО,2026-08-31,3,2026-08-28T00:00:00+00:00,33.2,30.4,31.8,18.8,73.2,8.1,0.0,0.0,30_35,Тропски дан,YELLOW,73.2,2026-08-31T12:00:00+00:00,11,17,11–17 h,6,GEFS | ICON-EU EPS,31,40,EXPERIMENTAL / NOT CALIBRATED,0.0,37.5,83.9,62.5,16.1,0.0,0.0,0.0,0.0,0.0
71072,SJENICA,SJENICA,СЈЕНИЦА,2026-08-31,3,2026-08-28T00:00:00+00:00,30.8,28.0,29.4,64.5,35.5,0.0,0.0,0.0,below_30,Уобичајена температура,GREEN,64.5,2026-08-31T12:00:00+00:00,11,17,11–17 h,6,GEFS | ICON-EU EPS,31,40,EXPERIMENTAL / NOT CALIBRATED,29.0,100.0,71.0,0.0,0.0,0.0,0.0,0.0,0.0,0.0
70980,PRIJEPOLJE,PRIJEPOLJE,ПРИЈЕПОЉЕ,2026-08-31,3,2026-08-28T00:00:00+00:00,31.5,29.6,30.5,42.3,57.7,0.0,0.0,0.0,30_35,Тропски дан,YELLOW,57.7,2026-08-31T12:00:00+00:00,11,17,11–17 h,6,GEFS | ICON-EU EPS,31,40,EXPERIMENTAL / NOT CALIBRATED,9.7,75.0,90.3,25.0,0.0,0.0,0.0,0.0,0.0,0.0
70866,NOVA VAROŠ,NOVA VAROŠ,НОВА ВАРОШ,2026-08-31,3,2026-08-28T00:00:00+00:00,31.5,28.5,30.0,50.0,50.0,0.0,0.0,0.0,30_35,Тропски дан,YELLOW,50.0,2026-08-31T12:00:00+00:00,11,17,11–17 h,6,GEFS | ICON-EU EPS,31,40,EXPERIMENTAL / NOT CALIBRATED,0.0,100.0,100.0,0.0,0.0,0.0,0.0,0.0,0.0,0.0
70971,PRIBOJ,PRIBOJ,ПРИБОЈ,2026-08-31,3,2026-08-28T00:00:00+00:00,32.0,30.4,31.2,13.8,86.2,0.0,0.0,0.0,30_35,Тропски дан,YELLOW,86.2,2026-08-31T12:00:00+00:00,11,17,11–17 h,6,GEFS | ICON-EU EPS,31,40,EXPERIMENTAL / NOT CALIBRATED,0.0,27.5,100.0,72.5,0.0,0.0,0.0,0.0,0.0,0.0
70041,ARILJE,ARILJE,АРИЉЕ,2026-08-31,3,2026-08-28T00:00:00+00:00,32.9,31.5,32.2,3.8,89.8,6.5,0.0,0.0,30_35,Тропски дан,YELLOW,89.8,2026-08-31T12:00:00+00:00,11,17,11–17 h,6,GEFS | ICON-EU EPS,31,40,EXPERIMENTAL / NOT CALIBRATED,0.0,7.5,87.1,92.5,12.9,0.0,0.0,0.0,0.0,0.0
71234,ČAJETINA,ČAJETINA,ЧАЈЕТИНА,2026-08-31,3,2026-08-28T00:00:00+00:00,33.5,28.2,30.9,50.0,45.2,4.8,0.0,0.0,below_30,Уобичајена температура,GREEN,50.0,2026-08-31T12:00:00+00:00,11,17,11–17 h,6,GEFS | ICON-EU EPS,31,40,EXPERIMENTAL / NOT CALIBRATED,0.0,100.0,90.3,0.0,9.7,0.0,0.0,0.0,0.0,0.0
71145,UŽICE-GRAD,UŽICE-GRAD,УЖИЦЕ-ГРАД,2026-08-31,3,2026-08-28T00:00:00+00:00,33.5,30.5,32.0,11.2,83.9,4.8,0.0,0.0,30_35,Тропски дан,YELLOW,83.9,2026-08-31T12:00:00+00:00,11,17,11–17 h,6,GEFS | ICON-EU EPS,31,40,EXPERIMENTAL / NOT CALIBRATED,0.0,22.5,90.3,77.5,9.7,0.0,0.0,0.0,0.0,0.0
70955,POŽEGA,POŽEGA,ПОЖЕГА,2026-08-31,3,2026-08-28T00:00:00+00:00,33.9,32.4,33.2,1.2,87.5,11.3,0.0,0.0,30_35,Тропски дан,YELLOW,87.5,2026-08-31T12:00:00+00:00,11,17,11–17 h,6,GEFS | ICON-EU EPS,31,40,EXPERIMENTAL / NOT CALIBRATED,0.0,2.5,77.4,97.5,22.6,0.0,0.0,0.0,0.0,0.0
70629,KOSJERIĆ,KOSJERIĆ,КОСЈЕРИЋ,2026-08-31,3,2026-08-28T00:00:00+00:00,34.1,30.7,32.4,12.5,76.2,11.3,0.0,0.0,30_35,Тропски дан,YELLOW,76.2,2026-08-31T12:00:00+00:00,11,17,11–17 h,6,GEFS | ICON-EU EPS,31,40,EXPERIMENTAL / NOT CALIBRATED,0.0,25.0,77.4,75.0,22.6,0.0,0.0,0.0,0.0,0.0
70068,BAJINA BAŠTA,BAJINA BAŠTA,БАЈИНА БАШТА,2026-08-31,3,2026-08-28T00:00:00+00:00,33.9,31.8,32.8,1.2,89.1,9.7,0.0,0.0,30_35,Тропски дан,YELLOW,89.1,2026-08-31T12:00:00+00:00,11,17,11–17 h,6,GEFS | ICON-EU EPS,31,40,EXPERIMENTAL / NOT CALIBRATED,0.0,2.5,80.6,97.5,19.4,0.0,0.0,0.0,0.0,0.0
90115,KAČANIK,KAČANIK,КАЧАНИК,2026-08-31,3,2026-08-28T00:00:00+00:00,31.7,31.2,31.5,5.0,95.0,0.0,0.0,0.0,30_35,Тропски дан,YELLOW,95.0,2026-08-31T12:00:00+00:00,11,17,11–17 h,6,GEFS | ICON-EU EPS,31,40,EXPERIMENTAL / NOT CALIBRATED,0.0,10.0,100.0,90.0,0.0,0.0,0.0,0.0,0.0,0.0
90301,UROŠEVAC,UROŠEVAC,УРОШЕВАЦ,2026-08-31,3,2026-08-28T00:00:00+00:00,31.7,31.6,31.7,0.0,100.0,0.0,0.0,0.0,30_35,Тропски дан,YELLOW,100.0,2026-08-31T12:00:00+00:00,11,17,11–17 h,6,GEFS | ICON-EU EPS,31,40,EXPERIMENTAL / NOT CALIBRATED,0.0,0.0,100.0,100.0,0.0,0.0,0.0,0.0,0.0,0.0
90263,PRIŠTINA-GRAD,PRIŠTINA-GRAD,ПРИШТИНА-ГРАД,2026-08-31,3,2026-08-28T00:00:00+00:00,33.5,30.8,32.2,10.0,81.9,8.1,0.0,0.0,30_35,Тропски дан,YELLOW,81.9,2026-08-31T12:00:00+00:00,11,17,11–17 h,6,GEFS | ICON-EU EPS,31,40,EXPERIMENTAL / NOT CALIBRATED,0.0,20.0,83.9,80.0,16.1,0.0,0.0,0.0,0.0,0.0
90328,ŠTRPCE,ŠTRPCE,ШТРПЦЕ,2026-08-31,3,2026-08-28T00:00:00+00:00,31.6,28.8,30.2,45.7,54.3,0.0,0.0,0.0,30_35,Тропски дан,YELLOW,54.3,2026-08-31T12:00:00+00:00,11,17,11–17 h,6,GEFS | ICON-EU EPS,31,40,EXPERIMENTAL / NOT CALIBRATED,6.5,85.0,93.5,15.0,0.0,0.0,0.0,0.0,0.0,0.0
90310,ŠTIMLJE,ŠTIMLJE,ШТИМЉЕ,2026-08-31,3,2026-08-28T00:00:00+00:00,34.5,31.7,33.1,0.0,79.0,21.0,0.0,0.0,30_35,Тропски дан,YELLOW,79.0,2026-08-31T12:00:00+00:00,11,17,11–17 h,6,GEFS | ICON-EU EPS,31,40,EXPERIMENTAL / NOT CALIBRATED,0.0,0.0,58.1,100.0,41.9,0.0,0.0,0.0,0.0,0.0
90166,LIPLJAN,LIPLJAN,ЛИПЉАН,2026-08-31,3,2026-08-28T00:00:00+00:00,33.6,32.3,33.0,0.0,91.9,8.1,0.0,0.0,30_35,Тропски дан,YELLOW,91.9,2026-08-31T12:00:00+00:00,11,17,11–17 h,6,GEFS | ICON-EU EPS,31,40,EXPERIMENTAL / NOT CALIBRATED,0.0,0.0,83.9,100.0,16.1,0.0,0.0,0.0,0.0,0.0
90131,KOSOVO POLJE,KOSOVO POLJE,КОСОВО ПОЉЕ,2026-08-31,3,2026-08-28T00:00:00+00:00,34.5,32.3,33.4,0.0,79.0,21.0,0.0,0.0,30_35,Тропски дан,YELLOW,79.0,2026-08-31T12:00:00+00:00,11,17,11–17 h,6,GEFS | ICON-EU EPS,31,40,EXPERIMENTAL / NOT CALIBRATED,0.0,0.0,58.1,100.0,41.9,0.0,0.0,0.0,0.0,0.0
90034,GLOGOVAC,GLOGOVAC,ГЛОГОВАЦ,2026-08-31,3,2026-08-28T00:00:00+00:00,34.5,32.1,33.3,0.0,79.0,21.0,0.0,0.0,30_35,Тропски дан,YELLOW,79.0,2026-08-31T12:00:00+00:00,11,17,11–17 h,6,GEFS | ICON-EU EPS,31,40,EXPERIMENTAL / NOT CALIBRATED,0.0,0.0,58.1,100.0,41.9,0.0,0.0,0.0,0.0,0.0
90204,OBILIĆ,OBILIĆ,ОБИЛИЋ,2026-08-31,3,2026-08-28T00:00:00+00:00,33.5,32.2,32.8,0.0,95.2,4.8,0.0,0.0,30_35,Тропски дан,YELLOW,95.2,2026-08-31T12:00:00+00:00,11,17,11–17 h,6,GEFS | ICON-EU EPS,31,40,EXPERIMENTAL / NOT CALIBRATED,0.0,0.0,90.3,100.0,9.7,0.0,0.0,0.0,0.0,0.0
90247,PODUJEVO,PODUJEVO,ПОДУЈЕВО,2026-08-31,3,2026-08-28T00:00:00+00:00,32.2,30.9,31.5,11.1,88.9,0.0,0.0,0.0,30_35,Тропски дан,YELLOW,88.9,2026-08-31T12:00:00+00:00,11,17,11–17 h,6,GEFS | ICON-EU EPS,31,40,EXPERIMENTAL / NOT CALIBRATED,9.7,12.5,90.3,87.5,0.0,0.0,0.0,0.0,0.0,0.0
71188,TUTIN,TUTIN,ТУТИН,2026-08-31,3,2026-08-28T00:00:00+00:00,29.9,28.4,29.2,75.8,24.2,0.0,0.0,0.0,below_30,Уобичајена температура,GREEN,75.8,2026-08-31T12:00:00+00:00,11,17,11–17 h,6,GEFS | ICON-EU EPS,31,40,EXPERIMENTAL / NOT CALIBRATED,51.6,100.0,48.4,0.0,0.0,0.0,0.0,0.0,0.0,0.0
70874,NOVI PAZAR-GRAD,NOVI PAZAR-GRAD,НОВИ ПАЗАР-ГРАД,2026-08-31,3,2026-08-28T00:00:00+00:00,29.8,30.8,30.3,38.7,61.3,0.0,0.0,0.0,30_35,Тропски дан,YELLOW,61.3,2026-08-31T12:00:00+00:00,11,17,11–17 h,6,GEFS | ICON-EU EPS,31,40,EXPERIMENTAL / NOT CALIBRATED,54.8,22.5,45.2,77.5,0.0,0.0,0.0,0.0,0.0,0.0
71021,RAŠKA,RAŠKA,РАШКА,2026-08-31,3,2026-08-28T00:00:00+00:00,30.1,31.5,30.8,25.1,74.9,0.0,0.0,0.0,30_35,Тропски дан,YELLOW,74.9,2026-08-31T12:00:00+00:00,11,17,11–17 h,6,GEFS | ICON-EU EPS,31,40,EXPERIMENTAL / NOT CALIBRATED,45.2,5.0,54.8,95.0,0.0,0.0,0.0,0.0,0.0,0.0
70459,VRNJAČKA BANJA,VRNJAČKA BANJA,ВРЊАЧКА БАЊА,2026-08-31,3,2026-08-28T00:00:00+00:00,31.4,32.5,31.9,1.6,98.4,0.0,0.0,0.0,30_35,Тропски дан,YELLOW,98.4,2026-08-31T12:00:00+00:00,11,17,11–17 h,6,GEFS | ICON-EU EPS,31,40,EXPERIMENTAL / NOT CALIBRATED,3.2,0.0,96.8,100.0,0.0,0.0,0.0,0.0,0.0,0.0
70653,KRALJEVO-GRAD,KRALJEVO-GRAD,КРАЉЕВО-ГРАД,2026-08-31,3,2026-08-28T00:00:00+00:00,32.4,32.8,32.6,1.2,98.8,0.0,0.0,0.0,30_35,Тропски дан,YELLOW,98.8,2026-08-31T12:00:00+00:00,11,17,11–17 h,6,GEFS | ICON-EU EPS,31,40,EXPERIMENTAL / NOT CALIBRATED,0.0,2.5,100.0,97.5,0.0,0.0,0.0,0.0,0.0,0.0
70050,BABUŠNICA,BABUŠNICA,БАБУШНИЦА,2026-08-31,3,2026-08-28T00:00:00+00:00,31.5,31.0,31.2,18.1,81.9,0.0,0.0,0.0,30_35,Тропски дан,YELLOW,81.9,2026-08-31T12:00:00+00:00,11,17,11–17 h,6,GEFS | ICON-EU EPS,31,40,EXPERIMENTAL / NOT CALIBRATED,16.1,20.0,83.9,80.0,0.0,0.0,0.0,0.0,0.0,0.0
70505,DIMITROVGRAD,DIMITROVGRAD,ДИМИТРОВГРАД,2026-08-31,3,2026-08-28T00:00:00+00:00,30.8,29.1,29.9,56.7,43.3,0.0,0.0,0.0,below_30,Уобичајена температура,GREEN,56.7,2026-08-31T12:00:00+00:00,11,17,11–17 h,6,GEFS | ICON-EU EPS,31,40,EXPERIMENTAL / NOT CALIBRATED,25.8,87.5,74.2,12.5,0.0,0.0,0.0,0.0,0.0,0.0
70084,BELA PALANKA,BELA PALANKA,БЕЛА ПАЛАНКА,2026-08-31,3,2026-08-28T00:00:00+00:00,34.1,32.0,33.1,1.2,93.9,4.8,0.0,0.0,30_35,Тропски дан,YELLOW,93.9,2026-08-31T12:00:00+00:00,11,17,11–17 h,6,GEFS | ICON-EU EPS,31,40,EXPERIMENTAL / NOT CALIBRATED,0.0,2.5,90.3,97.5,9.7,0.0,0.0,0.0,0.0,0.0
70939,PIROT,PIROT,ПИРОТ,2026-08-31,3,2026-08-28T00:00:00+00:00,30.4,31.7,31.0,19.4,80.6,0.0,0.0,0.0,30_35,Тропски дан,YELLOW,80.6,2026-08-31T12:00:00+00:00,11,17,11–17 h,6,GEFS | ICON-EU EPS,31,40,EXPERIMENTAL / NOT CALIBRATED,38.7,0.0,61.3,100.0,0.0,0.0,0.0,0.0,0.0,0.0
70467,GADŽIN HAN,GADŽIN HAN,ГАЏИН ХАН,2026-08-31,3,2026-08-28T00:00:00+00:00,34.8,29.7,32.2,33.8,43.7,22.6,0.0,0.0,30_35,Тропски дан,YELLOW,43.7,2026-08-31T12:00:00+00:00,11,17,11–17 h,6,GEFS | ICON-EU EPS,31,40,EXPERIMENTAL / NOT CALIBRATED,0.0,67.5,54.8,32.5,45.2,0.0,0.0,0.0,0.0,0.0
70513,DOLJEVAC,DOLJEVAC,ДОЉЕВАЦ,2026-08-31,3,2026-08-28T00:00:00+00:00,34.8,34.4,34.6,0.0,68.7,31.3,0.0,0.0,30_35,Тропски дан,YELLOW,68.7,2026-08-31T12:00:00+00:00,11,17,11–17 h,6,GEFS | ICON-EU EPS,31,40,EXPERIMENTAL / NOT CALIBRATED,0.0,0.0,54.8,82.5,45.2,17.5,0.0,0.0,0.0,0.0
71331,NIŠ-MEDIANA,NIŠ-MEDIANA,НИШ-МЕДИАНА,2026-08-31,3,2026-08-28T00:00:00+00:00,34.8,34.4,34.6,0.0,68.7,31.3,0.0,0.0,30_35,Тропски дан,YELLOW,68.7,2026-08-31T12:00:00+00:00,11,17,11–17 h,6,GEFS | ICON-EU EPS,31,40,EXPERIMENTAL / NOT CALIBRATED,0.0,0.0,54.8,82.5,45.2,17.5,0.0,0.0,0.0,0.0
71323,NIŠ-PALILULA,NIŠ-PALILULA,НИШ-ПАЛИЛУЛА,2026-08-31,3,2026-08-28T00:00:00+00:00,34.8,34.4,34.6,0.0,68.7,31.3,0.0,0.0,30_35,Тропски дан,YELLOW,68.7,2026-08-31T12:00:00+00:00,11,17,11–17 h,6,GEFS | ICON-EU EPS,31,40,EXPERIMENTAL / NOT CALIBRATED,0.0,0.0,54.8,82.5,45.2,17.5,0.0,0.0,0.0,0.0
71285,NIŠ-NIŠKA BANJA,NIŠ-NIŠKA BANJA,НИШ-НИШКА БАЊА,2026-08-31,3,2026-08-28T00:00:00+00:00,34.8,31.2,33.0,2.5,74.9,22.6,0.0,0.0,30_35,Тропски дан,YELLOW,74.9,2026-08-31T12:00:00+00:00,11,17,11–17 h,6,GEFS | ICON-EU EPS,31,40,EXPERIMENTAL / NOT CALIBRATED,0.0,5.0,54.8,95.0,45.2,0.0,0.0,0.0,0.0,0.0
70823,MEROŠINA,MEROŠINA,МЕРОШИНА,2026-08-31,3,2026-08-28T00:00:00+00:00,34.8,32.9,33.9,0.0,76.2,23.8,0.0,0.0,30_35,Тропски дан,YELLOW,76.2,2026-08-31T12:00:00+00:00,11,17,11–17 h,6,GEFS | ICON-EU EPS,31,40,EXPERIMENTAL / NOT CALIBRATED,0.0,0.0,54.8,97.5,45.2,2.5,0.0,0.0,0.0,0.0
71307,NIŠ-PANTELEJ,NIŠ-PANTELEJ,НИШ-ПАНТЕЛЕЈ,2026-08-31,3,2026-08-28T00:00:00+00:00,34.8,32.2,33.5,2.5,74.9,22.6,0.0,0.0,30_35,Тропски дан,YELLOW,74.9,2026-08-31T12:00:00+00:00,11,17,11–17 h,6,GEFS | ICON-EU EPS,31,40,EXPERIMENTAL / NOT CALIBRATED,0.0,5.0,54.8,95.0,45.2,0.0,0.0,0.0,0.0,0.0
71315,NIŠ-CRVENI KRST,NIŠ-CRVENI KRST,НИШ-ЦРВЕНИ КРСТ,2026-08-31,3,2026-08-28T00:00:00+00:00,34.7,32.2,33.5,2.5,78.1,19.4,0.0,0.0,30_35,Тропски дан,YELLOW,78.1,2026-08-31T12:00:00+00:00,11,17,11–17 h,6,GEFS | ICON-EU EPS,31,40,EXPERIMENTAL / NOT CALIBRATED,0.0,5.0,61.3,95.0,38.7,0.0,0.0,0.0,0.0,0.0
71064,SVRLJIG,SVRLJIG,СВРЉИГ,2026-08-31,3,2026-08-28T00:00:00+00:00,32.9,31.9,32.4,5.4,94.6,0.0,0.0,0.0,30_35,Тропски дан,YELLOW,94.6,2026-08-31T12:00:00+00:00,11,17,11–17 h,6,GEFS | ICON-EU EPS,31,40,EXPERIMENTAL / NOT CALIBRATED,3.2,7.5,96.8,92.5,0.0,0.0,0.0,0.0,0.0,0.0
70025,ALEKSINAC,ALEKSINAC,АЛЕКСИНАЦ,2026-08-31,3,2026-08-28T00:00:00+00:00,34.7,34.3,34.5,0.0,68.1,31.9,0.0,0.0,30_35,Тропски дан,YELLOW,68.1,2026-08-31T12:00:00+00:00,11,17,11–17 h,6,GEFS | ICON-EU EPS,31,40,EXPERIMENTAL / NOT CALIBRATED,0.0,0.0,61.3,75.0,38.7,25.0,0.0,0.0,0.0,0.0
71005,RAŽANJ,RAŽANJ,РАЖАЊ,2026-08-31,3,2026-08-28T00:00:00+00:00,35.1,33.5,34.3,0.0,70.1,29.9,0.0,0.0,30_35,Тропски дан,YELLOW,70.1,2026-08-31T12:00:00+00:00,11,17,11–17 h,6,GEFS | ICON-EU EPS,31,40,EXPERIMENTAL / NOT CALIBRATED,0.0,0.0,45.2,95.0,54.8,5.0,0.0,0.0,0.0,0.0
70564,IVANJICA,IVANJICA,ИВАЊИЦА,2026-08-31,3,2026-08-28T00:00:00+00:00,31.0,29.0,30.0,51.8,48.2,0.0,0.0,0.0,below_30,Уобичајена температура,GREEN,51.8,2026-08-31T12:00:00+00:00,11,17,11–17 h,6,GEFS | ICON-EU EPS,31,40,EXPERIMENTAL / NOT CALIBRATED,16.1,87.5,83.9,12.5,0.0,0.0,0.0,0.0,0.0,0.0
70742,LUČANI,LUČANI,ЛУЧАНИ,2026-08-31,3,2026-08-28T00:00:00+00:00,32.8,31.5,32.2,3.8,88.2,8.1,0.0,0.0,30_35,Тропски дан,YELLOW,88.2,2026-08-31T12:00:00+00:00,11,17,11–17 h,6,GEFS | ICON-EU EPS,31,40,EXPERIMENTAL / NOT CALIBRATED,0.0,7.5,83.9,92.5,16.1,0.0,0.0,0.0,0.0,0.0
71242,ČAČAK-GRAD,ČAČAK-GRAD,ЧАЧАК-ГРАД,2026-08-31,3,2026-08-28T00:00:00+00:00,33.7,33.2,33.4,1.2,86.6,12.2,0.0,0.0,30_35,Тропски дан,YELLOW,86.6,2026-08-31T12:00:00+00:00,11,17,11–17 h,6,GEFS | ICON-EU EPS,31,40,EXPERIMENTAL / NOT CALIBRATED,0.0,2.5,80.6,92.5,19.4,5.0,0.0,0.0,0.0,0.0
70483,GORNJI MILANOVAC,GORNJI MILANOVAC,ГОРЊИ МИЛАНОВАЦ,2026-08-31,3,2026-08-28T00:00:00+00:00,34.0,31.9,32.9,1.2,89.1,9.7,0.0,0.0,30_35,Тропски дан,YELLOW,89.1,2026-08-31T12:00:00+00:00,11,17,11–17 h,6,GEFS | ICON-EU EPS,31,40,EXPERIMENTAL / NOT CALIBRATED,0.0,2.5,80.6,97.5,19.4,0.0,0.0,0.0,0.0,0.0
70599,KNIĆ,KNIĆ,КНИЋ,2026-08-31,3,2026-08-28T00:00:00+00:00,33.2,32.9,33.1,1.2,95.5,3.2,0.0,0.0,30_35,Тропски дан,YELLOW,95.5,2026-08-31T12:00:00+00:00,11,17,11–17 h,6,GEFS | ICON-EU EPS,31,40,EXPERIMENTAL / NOT CALIBRATED,0.0,2.5,93.5,97.5,6.5,0.0,0.0,0.0,0.0,0.0
70645,KRAGUJEVAC-GRAD,KRAGUJEVAC-GRAD,КРАГУЈЕВАЦ-ГРАД,2026-08-31,3,2026-08-28T00:00:00+00:00,33.2,33.2,33.2,0.0,94.3,5.7,0.0,0.0,30_35,Тропски дан,YELLOW,94.3,2026-08-31T12:00:00+00:00,11,17,11–17 h,6,GEFS | ICON-EU EPS,31,40,EXPERIMENTAL / NOT CALIBRATED,0.0,0.0,93.5,95.0,6.5,5.0,0.0,0.0,0.0,0.0
70076,BATOČINA,BATOČINA,БАТОЧИНА,2026-08-31,3,2026-08-28T00:00:00+00:00,35.9,33.9,34.9,0.0,66.0,34.0,0.0,0.0,30_35,Тропски дан,YELLOW,66.0,2026-08-31T12:00:00+00:00,11,17,11–17 h,6,GEFS | ICON-EU EPS,31,40,EXPERIMENTAL / NOT CALIBRATED,0.0,0.0,41.9,90.0,58.1,10.0,0.0,0.0,0.0,0.0
71277,LAPOVO,LAPOVO,ЛАПОВО,2026-08-31,3,2026-08-28T00:00:00+00:00,35.9,34.3,35.1,0.0,63.5,36.5,0.0,0.0,30_35,Тропски дан,YELLOW,63.5,2026-08-31T12:00:00+00:00,11,17,11–17 h,6,GEFS | ICON-EU EPS,31,40,EXPERIMENTAL / NOT CALIBRATED,0.0,0.0,41.9,85.0,58.1,15.0,0.0,0.0,0.0,0.0
71013,RAČA,RAČA,РАЧА,2026-08-31,3,2026-08-28T00:00:00+00:00,35.9,34.3,35.1,0.0,63.5,36.5,0.0,0.0,30_35,Тропски дан,YELLOW,63.5,2026-08-31T12:00:00+00:00,11,17,11–17 h,6,GEFS | ICON-EU EPS,31,40,EXPERIMENTAL / NOT CALIBRATED,0.0,0.0,41.9,85.0,58.1,15.0,0.0,0.0,0.0,0.0
71153,TOPOLA,TOPOLA,ТОПОЛА,2026-08-31,3,2026-08-28T00:00:00+00:00,35.1,34.0,34.6,0.0,67.6,32.4,0.0,0.0,30_35,Тропски дан,YELLOW,67.6,2026-08-31T12:00:00+00:00,11,17,11–17 h,6,GEFS | ICON-EU EPS,31,40,EXPERIMENTAL / NOT CALIBRATED,0.0,0.0,45.2,90.0,54.8,10.0,0.0,0.0,0.0,0.0
70033,ARANĐELOVAC,ARANĐELOVAC,АРАНЂЕЛОВАЦ,2026-08-31,3,2026-08-28T00:00:00+00:00,34.9,32.9,33.9,0.0,77.8,22.2,0.0,0.0,30_35,Тропски дан,YELLOW,77.8,2026-08-31T12:00:00+00:00,11,17,11–17 h,6,GEFS | ICON-EU EPS,31,40,EXPERIMENTAL / NOT CALIBRATED,0.0,0.0,58.1,97.5,41.9,2.5,0.0,0.0,0.0,0.0
70548,ŽITORAĐA,ŽITORAĐA,ЖИТОРАЂА,2026-08-31,3,2026-08-28T00:00:00+00:00,34.8,34.0,34.4,0.0,73.7,26.3,0.0,0.0,30_35,Тропски дан,YELLOW,73.7,2026-08-31T12:00:00+00:00,11,17,11–17 h,6,GEFS | ICON-EU EPS,31,40,EXPERIMENTAL / NOT CALIBRATED,0.0,0.0,54.8,92.5,45.2,7.5,0.0,0.0,0.0,0.0
70688,KURŠUMLIJA,KURŠUMLIJA,КУРШУМЛИЈА,2026-08-31,3,2026-08-28T00:00:00+00:00,32.2,31.7,31.9,7.3,92.7,0.0,0.0,0.0,30_35,Тропски дан,YELLOW,92.7,2026-08-31T12:00:00+00:00,11,17,11–17 h,6,GEFS | ICON-EU EPS,31,40,EXPERIMENTAL / NOT CALIBRATED,9.7,5.0,90.3,95.0,0.0,0.0,0.0,0.0,0.0,0.0
70998,PROKUPLJE,PROKUPLJE,ПРОКУПЉЕ,2026-08-31,3,2026-08-28T00:00:00+00:00,34.2,33.0,33.6,0.0,87.5,12.5,0.0,0.0,30_35,Тропски дан,YELLOW,87.5,2026-08-31T12:00:00+00:00,11,17,11–17 h,6,GEFS | ICON-EU EPS,31,40,EXPERIMENTAL / NOT CALIBRATED,0.0,0.0,77.4,97.5,22.6,2.5,0.0,0.0,0.0,0.0
70262,BLACE,BLACE,БЛАЦЕ,2026-08-31,3,2026-08-28T00:00:00+00:00,32.9,31.7,32.3,1.2,97.1,1.6,0.0,0.0,30_35,Тропски дан,YELLOW,97.1,2026-08-31T12:00:00+00:00,11,17,11–17 h,6,GEFS | ICON-EU EPS,31,40,EXPERIMENTAL / NOT CALIBRATED,0.0,2.5,96.8,97.5,3.2,0.0,0.0,0.0,0.0,0.0
