Value_sc,ecmwf_thunder,gefs_thunder,icon_thunder,models_available,dominant_model,max_model_probability,min_model_probability,model_spread,signal_models_ge10,supporting_models_ge30,raw_risk,risk_level,confidence_level,model_disagreement,municipality_neighbours,dominant_probability,dominant_signal_cluster_ge10,dominant_core_cluster_ge30,dominant_neighbours_ge10,dominant_neighbours_ge30,spatial_coherence,local_spatial_support,ecmwf_signal_cluster_ge10,ecmwf_core_cluster_ge30,icon_signal_cluster_ge10,icon_core_cluster_ge30,gefs_signal_cluster_ge10,gefs_core_cluster_ge30
ЉУБОВИЈА,76.0,0.0,7.5,3,ECMWF,76.0,0.0,76.0,1,1,HIGH,HIGH,LOW,HIGH,5,76.0,122,63,5,5,HIGH,HIGH,122,63,0,0,0,0
БАЈИНА БАШТА,76.0,0.0,7.5,3,ECMWF,76.0,0.0,76.0,1,1,HIGH,HIGH,LOW,HIGH,4,76.0,122,63,4,4,HIGH,HIGH,122,63,0,0,0,0
УЖИЦЕ-ГРАД,76.0,3.2,2.5,3,ECMWF,76.0,2.5,73.5,1,1,HIGH,HIGH,LOW,HIGH,5,76.0,122,63,5,5,HIGH,HIGH,122,63,0,0,0,0
НОВА ВАРОШ,74.0,3.2,2.5,3,ECMWF,74.0,2.5,71.5,1,1,HIGH,HIGH,LOW,HIGH,6,74.0,122,63,6,5,HIGH,HIGH,122,63,0,0,0,0
ПРИЈЕПОЉЕ,74.0,3.2,5.0,3,ECMWF,74.0,3.2,70.8,1,1,HIGH,HIGH,LOW,HIGH,3,74.0,122,63,3,2,HIGH,MODERATE,122,63,0,0,0,0
ПРИБОЈ,74.0,6.5,10.0,3,ECMWF,74.0,6.5,67.5,2,1,HIGH,HIGH,LOW,HIGH,3,74.0,122,63,3,3,HIGH,MODERATE,122,63,1,0,0,0
ЧАЈЕТИНА,74.0,3.2,2.5,3,ECMWF,74.0,2.5,71.5,1,1,HIGH,HIGH,LOW,HIGH,4,74.0,122,63,4,4,HIGH,HIGH,122,63,0,0,0,0
АЛЕКСАНДРОВАЦ,54.0,0.0,0.0,3,ECMWF,54.0,0.0,54.0,1,1,SIGNIFICANT,SIGNIFICANT,LOW,HIGH,6,54.0,122,63,6,5,HIGH,HIGH,122,63,0,0,0,0
ВРЊАЧКА БАЊА,54.0,0.0,0.0,3,ECMWF,54.0,0.0,54.0,1,1,SIGNIFICANT,SIGNIFICANT,LOW,HIGH,3,54.0,122,63,3,2,HIGH,MODERATE,122,63,0,0,0,0
ИВАЊИЦА,54.0,3.2,0.0,3,ECMWF,54.0,0.0,54.0,1,1,SIGNIFICANT,SIGNIFICANT,LOW,HIGH,7,54.0,122,63,7,6,HIGH,HIGH,122,63,0,0,0,0
КРАЉЕВО-ГРАД,54.0,0.0,0.0,3,ECMWF,54.0,0.0,54.0,1,1,SIGNIFICANT,SIGNIFICANT,LOW,HIGH,10,54.0,122,63,10,8,HIGH,HIGH,122,63,0,0,0,0
ЛУЧАНИ,54.0,3.2,0.0,3,ECMWF,54.0,0.0,54.0,1,1,SIGNIFICANT,SIGNIFICANT,LOW,HIGH,5,54.0,122,63,5,5,HIGH,HIGH,122,63,0,0,0,0
НОВИ ПАЗАР-ГРАД,54.0,0.0,0.0,3,ECMWF,54.0,0.0,54.0,1,1,SIGNIFICANT,SIGNIFICANT,LOW,HIGH,7,54.0,122,63,4,3,HIGH,MODERATE,122,63,0,0,0,0
РАШКА,54.0,0.0,0.0,3,ECMWF,54.0,0.0,54.0,1,1,SIGNIFICANT,SIGNIFICANT,LOW,HIGH,6,54.0,122,63,6,6,HIGH,HIGH,122,63,0,0,0,0
КРУПАЊ,52.0,0.0,2.5,3,ECMWF,52.0,0.0,52.0,1,1,SIGNIFICANT,SIGNIFICANT,LOW,HIGH,6,52.0,122,63,6,6,HIGH,HIGH,122,63,0,0,0,0
МАЛИ ЗВОРНИК,52.0,0.0,10.0,3,ECMWF,52.0,0.0,52.0,2,1,SIGNIFICANT,SIGNIFICANT,LOW,HIGH,3,52.0,122,63,3,3,HIGH,MODERATE,122,63,1,0,0,0
ВАЉЕВО-ГРАД,50.0,0.0,7.5,3,ECMWF,50.0,0.0,50.0,1,1,SIGNIFICANT,SIGNIFICANT,LOW,HIGH,9,50.0,122,63,9,9,HIGH,HIGH,122,63,0,0,0,0
КОСЈЕРИЋ,50.0,0.0,2.5,3,ECMWF,50.0,0.0,50.0,1,1,SIGNIFICANT,SIGNIFICANT,LOW,HIGH,4,50.0,122,63,4,4,HIGH,HIGH,122,63,0,0,0,0
ОСЕЧИНА,50.0,0.0,7.5,3,ECMWF,50.0,0.0,50.0,1,1,SIGNIFICANT,SIGNIFICANT,LOW,HIGH,4,50.0,122,63,4,4,HIGH,HIGH,122,63,0,0,0,0
ЉИГ,48.0,0.0,0.0,3,ECMWF,48.0,0.0,48.0,1,1,ELEVATED,ELEVATED,LOW,HIGH,5,48.0,122,63,5,5,HIGH,HIGH,122,63,0,0,0,0
АРИЉЕ,48.0,3.2,0.0,3,ECMWF,48.0,0.0,48.0,1,1,ELEVATED,ELEVATED,LOW,HIGH,6,48.0,122,63,6,6,HIGH,HIGH,122,63,0,0,0,0
ГОРЊИ МИЛАНОВАЦ,48.0,0.0,0.0,3,ECMWF,48.0,0.0,48.0,1,1,ELEVATED,ELEVATED,LOW,HIGH,8,48.0,122,63,8,8,HIGH,HIGH,122,63,0,0,0,0
ДИМИТРОВГРАД,48.0,0.0,12.5,3,ECMWF,48.0,0.0,48.0,2,1,ELEVATED,ELEVATED,LOW,HIGH,2,48.0,122,2,1,1,MODERATE,LOW,122,2,2,0,0,0
МИОНИЦА,48.0,0.0,0.0,3,ECMWF,48.0,0.0,48.0,1,1,ELEVATED,ELEVATED,LOW,HIGH,5,48.0,122,63,5,5,HIGH,HIGH,122,63,0,0,0,0
ПИРОТ,48.0,0.0,10.0,3,ECMWF,48.0,0.0,48.0,2,1,ELEVATED,ELEVATED,LOW,HIGH,4,48.0,122,2,2,1,MODERATE,LOW,122,2,2,0,0,0
ПОЖЕГА,48.0,0.0,0.0,3,ECMWF,48.0,0.0,48.0,1,1,ELEVATED,ELEVATED,LOW,HIGH,8,48.0,122,63,8,8,HIGH,HIGH,122,63,0,0,0,0
ЧАЧАК-ГРАД,48.0,0.0,0.0,3,ECMWF,48.0,0.0,48.0,1,1,ELEVATED,ELEVATED,LOW,HIGH,5,48.0,122,63,5,5,HIGH,HIGH,122,63,0,0,0,0
ЂАКОВИЦА,44.0,0.0,15.0,3,ECMWF,44.0,0.0,44.0,2,1,ELEVATED,ELEVATED,LOW,HIGH,5,44.0,10,6,5,4,HIGH,HIGH,10,6,3,0,0,0
БЕОГРАД-БАРАЈЕВО,44.0,0.0,2.5,3,ECMWF,44.0,0.0,44.0,1,1,ELEVATED,ELEVATED,LOW,HIGH,5,44.0,122,63,5,5,HIGH,HIGH,122,63,0,0,0,0
БЕОГРАД-ЛАЗАРЕВАЦ,44.0,0.0,2.5,3,ECMWF,44.0,0.0,44.0,1,1,ELEVATED,ELEVATED,LOW,HIGH,7,44.0,122,63,7,7,HIGH,HIGH,122,63,0,0,0,0
БЕОГРАД-ОБРЕНОВАЦ,44.0,0.0,5.0,3,ECMWF,44.0,0.0,44.0,1,1,ELEVATED,ELEVATED,LOW,HIGH,7,44.0,122,63,7,7,HIGH,HIGH,122,63,0,0,0,0
БЕОГРАД-СУРЧИН,44.0,0.0,2.5,3,ECMWF,44.0,0.0,44.0,1,1,ELEVATED,ELEVATED,LOW,HIGH,5,44.0,122,63,5,3,HIGH,MODERATE,122,63,0,0,0,0
ВЛАДИМИРЦИ,44.0,0.0,5.0,3,ECMWF,44.0,0.0,44.0,1,1,ELEVATED,ELEVATED,LOW,HIGH,6,44.0,122,63,6,6,HIGH,HIGH,122,63,0,0,0,0
ДЕЧАНИ,44.0,0.0,27.5,3,ECMWF,44.0,0.0,44.0,2,1,ELEVATED,ELEVATED,LOW,HIGH,2,44.0,10,6,2,2,HIGH,MODERATE,10,6,3,0,0,0
ИСТОК,44.0,0.0,2.5,3,ECMWF,44.0,0.0,44.0,1,1,ELEVATED,ELEVATED,LOW,HIGH,5,44.0,10,6,2,2,HIGH,MODERATE,10,6,0,0,0,0
КЛИНА,44.0,0.0,5.0,3,ECMWF,44.0,0.0,44.0,1,1,ELEVATED,ELEVATED,LOW,HIGH,7,44.0,10,6,4,4,HIGH,HIGH,10,6,0,0,0,0
КОЦЕЉЕВА,44.0,0.0,5.0,3,ECMWF,44.0,0.0,44.0,1,1,ELEVATED,ELEVATED,LOW,HIGH,6,44.0,122,63,6,6,HIGH,HIGH,122,63,0,0,0,0
ЛАЈКОВАЦ,44.0,0.0,5.0,3,ECMWF,44.0,0.0,44.0,1,1,ELEVATED,ELEVATED,LOW,HIGH,5,44.0,122,63,5,5,HIGH,HIGH,122,63,0,0,0,0
ЛОЗНИЦА-ГРАД,44.0,0.0,2.5,3,ECMWF,44.0,0.0,44.0,1,1,ELEVATED,ELEVATED,LOW,HIGH,3,44.0,122,63,3,3,HIGH,MODERATE,122,63,0,0,0,0
ОРАХОВАЦ,44.0,0.0,5.0,3,ECMWF,44.0,0.0,44.0,1,1,ELEVATED,ELEVATED,LOW,HIGH,4,44.0,10,6,3,2,HIGH,MODERATE,10,6,0,0,0,0
ПЕЋ,44.0,0.0,25.0,3,ECMWF,44.0,0.0,44.0,2,1,ELEVATED,ELEVATED,LOW,HIGH,4,44.0,10,6,4,4,HIGH,HIGH,10,6,3,0,0,0
ПЕЋИНЦИ,44.0,0.0,5.0,3,ECMWF,44.0,0.0,44.0,1,1,ELEVATED,ELEVATED,LOW,HIGH,6,44.0,122,63,6,4,HIGH,HIGH,122,63,0,0,0,0
РУМА,44.0,0.0,5.0,3,ECMWF,44.0,0.0,44.0,1,1,ELEVATED,ELEVATED,LOW,HIGH,7,44.0,122,63,7,3,HIGH,MODERATE,122,63,0,0,0,0
УБ,44.0,0.0,5.0,3,ECMWF,44.0,0.0,44.0,1,1,ELEVATED,ELEVATED,LOW,HIGH,6,44.0,122,63,6,6,HIGH,HIGH,122,63,0,0,0,0
ШАБАЦ-ГРАД,44.0,0.0,0.0,3,ECMWF,44.0,0.0,44.0,1,1,ELEVATED,ELEVATED,LOW,HIGH,7,44.0,122,63,7,5,HIGH,HIGH,122,63,0,0,0,0
КНИЋ,42.0,0.0,0.0,3,ECMWF,42.0,0.0,42.0,1,1,ELEVATED,ELEVATED,LOW,HIGH,4,42.0,122,63,4,4,HIGH,HIGH,122,63,0,0,0,0
АРАНЂЕЛОВАЦ,36.0,0.0,0.0,3,ECMWF,36.0,0.0,36.0,1,1,ELEVATED,ELEVATED,MODERATE,MODERATE,6,36.0,122,63,6,6,HIGH,HIGH,122,63,0,0,0,0
КРАГУЈЕВАЦ-ГРАД,36.0,0.0,0.0,3,ECMWF,36.0,0.0,36.0,1,1,ELEVATED,ELEVATED,MODERATE,MODERATE,8,36.0,122,63,8,6,HIGH,HIGH,122,63,0,0,0,0
ТОПОЛА,36.0,0.0,0.0,3,ECMWF,36.0,0.0,36.0,1,1,ELEVATED,ELEVATED,MODERATE,MODERATE,6,36.0,122,63,6,6,HIGH,HIGH,122,63,0,0,0,0
БЕОГРАД-ВОЖДОВАЦ,34.0,0.0,2.5,3,ECMWF,34.0,0.0,34.0,1,1,ELEVATED,ELEVATED,MODERATE,MODERATE,8,34.0,122,63,8,5,HIGH,HIGH,122,63,0,0,0,0
БЕОГРАД-ГРОЦКА,34.0,0.0,5.0,3,ECMWF,34.0,0.0,34.0,1,1,ELEVATED,ELEVATED,MODERATE,MODERATE,8,34.0,122,63,8,6,HIGH,HIGH,122,63,0,0,0,0
БЕОГРАД-МЛАДЕНОВАЦ,34.0,0.0,0.0,3,ECMWF,34.0,0.0,34.0,1,1,ELEVATED,ELEVATED,MODERATE,MODERATE,6,34.0,122,63,6,6,HIGH,HIGH,122,63,0,0,0,0
БЕОГРАД-СОПОТ,34.0,0.0,2.5,3,ECMWF,34.0,0.0,34.0,1,1,ELEVATED,ELEVATED,MODERATE,MODERATE,6,34.0,122,63,6,6,HIGH,HIGH,122,63,0,0,0,0
БЕОГРАД-ЧУКАРИЦА,34.0,0.0,2.5,3,ECMWF,34.0,0.0,34.0,1,1,ELEVATED,ELEVATED,MODERATE,MODERATE,7,34.0,122,63,7,5,HIGH,HIGH,122,63,0,0,0,0
ВЕЛИКА ПЛАНА,34.0,0.0,0.0,3,ECMWF,34.0,0.0,34.0,1,1,ELEVATED,ELEVATED,MODERATE,MODERATE,7,34.0,122,63,7,4,HIGH,HIGH,122,63,0,0,0,0
КОВИН,34.0,0.0,5.0,3,ECMWF,34.0,0.0,34.0,1,1,ELEVATED,ELEVATED,MODERATE,MODERATE,7,34.0,122,63,7,4,HIGH,HIGH,122,63,0,0,0,0
ПАНЧЕВО-ГРАД,34.0,0.0,5.0,3,ECMWF,34.0,0.0,34.0,1,1,ELEVATED,ELEVATED,MODERATE,MODERATE,6,34.0,122,63,6,2,HIGH,MODERATE,122,63,0,0,0,0
РАЧА,34.0,0.0,0.0,3,ECMWF,34.0,0.0,34.0,1,1,ELEVATED,ELEVATED,MODERATE,MODERATE,6,34.0,122,63,6,6,HIGH,HIGH,122,63,0,0,0,0
СМЕДЕРЕВО-ГРАД,34.0,0.0,2.5,3,ECMWF,34.0,0.0,34.0,1,1,ELEVATED,ELEVATED,MODERATE,MODERATE,6,34.0,122,63,6,5,HIGH,HIGH,122,63,0,0,0,0
СМЕДЕРЕВСКА ПАЛАНКА,34.0,0.0,0.0,3,ECMWF,34.0,0.0,34.0,1,1,ELEVATED,ELEVATED,MODERATE,MODERATE,5,34.0,122,63,5,5,HIGH,HIGH,122,63,0,0,0,0
БАТОЧИНА,32.0,0.0,0.0,3,ECMWF,32.0,0.0,32.0,1,1,ELEVATED,ELEVATED,MODERATE,MODERATE,5,32.0,122,63,5,3,HIGH,MODERATE,122,63,0,0,0,0
БЛАЦЕ,32.0,0.0,0.0,3,ECMWF,32.0,0.0,32.0,1,1,ELEVATED,ELEVATED,MODERATE,MODERATE,4,32.0,122,63,3,3,HIGH,MODERATE,122,63,0,0,0,0
БРУС,32.0,0.0,0.0,3,ECMWF,32.0,0.0,32.0,1,1,ELEVATED,ELEVATED,MODERATE,MODERATE,6,32.0,122,63,6,6,HIGH,HIGH,122,63,0,0,0,0
ВРШАЦ,32.0,0.0,7.5,3,ECMWF,32.0,0.0,32.0,1,1,ELEVATED,ELEVATED,MODERATE,MODERATE,4,32.0,122,63,4,1,HIGH,LOW,122,63,0,0,0,0
КОСОВСКА МИТРОВИЦА,32.0,0.0,0.0,3,ECMWF,32.0,0.0,32.0,1,1,ELEVATED,ELEVATED,MODERATE,MODERATE,6,32.0,122,63,2,2,HIGH,MODERATE,122,63,0,0,0,0
КРУШЕВАЦ-ГРАД,32.0,0.0,0.0,3,ECMWF,32.0,0.0,32.0,1,1,ELEVATED,ELEVATED,MODERATE,MODERATE,9,32.0,122,63,8,3,HIGH,MODERATE,122,63,0,0,0,0
КУРШУМЛИЈА,32.0,0.0,0.0,3,ECMWF,32.0,0.0,32.0,1,1,ELEVATED,ELEVATED,MODERATE,MODERATE,7,32.0,122,63,4,4,HIGH,HIGH,122,63,0,0,0,0
ЛАПОВО,32.0,0.0,0.0,3,ECMWF,32.0,0.0,32.0,1,1,ELEVATED,ELEVATED,MODERATE,MODERATE,4,32.0,122,63,4,3,HIGH,MODERATE,122,63,0,0,0,0
ЛЕПОСАВИЋ,32.0,0.0,0.0,3,ECMWF,32.0,0.0,32.0,1,1,ELEVATED,ELEVATED,MODERATE,MODERATE,7,32.0,122,63,6,6,HIGH,HIGH,122,63,0,0,0,0
ПОДУЈЕВО,32.0,0.0,0.0,3,ECMWF,32.0,0.0,32.0,1,1,ELEVATED,ELEVATED,MODERATE,MODERATE,7,32.0,122,63,3,3,HIGH,MODERATE,122,63,0,0,0,0
БЕОГРАД-РАКОВИЦА,30.0,0.0,2.5,3,ECMWF,30.0,0.0,30.0,1,1,ELEVATED,ELEVATED,MODERATE,MODERATE,3,30.0,122,63,3,2,HIGH,MODERATE,122,63,0,0,0,0
БЕОГРАД-ВРАЧАР,28.0,0.0,2.5,3,ECMWF,28.0,0.0,28.0,1,0,LOW,LOW,MODERATE,MODERATE,5,28.0,122,0,5,1,MODERATE,MODERATE,122,0,0,0,0,0
БЕОГРАД-ЗВЕЗДАРА,28.0,0.0,2.5,3,ECMWF,28.0,0.0,28.0,1,0,LOW,LOW,MODERATE,MODERATE,4,28.0,122,0,4,2,MODERATE,MODERATE,122,0,0,0,0,0
БЕОГРАД-ЗЕМУН,28.0,0.0,5.0,3,ECMWF,28.0,0.0,28.0,1,0,LOW,LOW,MODERATE,MODERATE,6,28.0,122,0,6,2,MODERATE,MODERATE,122,0,0,0,0,0
БЕОГРАД-НОВИ БЕОГРАД,28.0,0.0,2.5,3,ECMWF,28.0,0.0,28.0,1,0,LOW,LOW,MODERATE,MODERATE,5,28.0,122,0,5,2,MODERATE,MODERATE,122,0,0,0,0,0
БЕОГРАД-ПАЛИЛУЛА,28.0,0.0,5.0,3,ECMWF,28.0,0.0,28.0,1,0,LOW,LOW,MODERATE,MODERATE,9,28.0,122,0,9,2,MODERATE,MODERATE,122,0,0,0,0,0
БЕОГРАД-САВСКИ ВЕНАЦ,28.0,0.0,2.5,3,ECMWF,28.0,0.0,28.0,1,0,LOW,LOW,MODERATE,MODERATE,6,28.0,122,0,6,3,MODERATE,MODERATE,122,0,0,0,0,0
БЕОГРАД-СТАРИ ГРАД,28.0,0.0,2.5,3,ECMWF,28.0,0.0,28.0,1,0,LOW,LOW,MODERATE,MODERATE,5,28.0,122,0,5,0,MODERATE,MODERATE,122,0,0,0,0,0
ПЛАНДИШТЕ,28.0,0.0,5.0,3,ECMWF,28.0,0.0,28.0,1,0,LOW,LOW,MODERATE,MODERATE,3,28.0,122,0,3,1,MODERATE,LOW,122,0,0,0,0,0
ЈАГОДИНА-ГРАД,26.0,0.0,0.0,3,ECMWF,26.0,0.0,26.0,1,0,LOW,LOW,MODERATE,MODERATE,8,26.0,122,0,8,2,MODERATE,MODERATE,122,0,0,0,0,0
ВАРВАРИН,26.0,0.0,0.0,3,ECMWF,26.0,0.0,26.0,1,0,LOW,LOW,MODERATE,MODERATE,6,26.0,122,0,6,1,MODERATE,MODERATE,122,0,0,0,0,0
ПАРАЋИН,26.0,0.0,0.0,3,ECMWF,26.0,0.0,26.0,1,0,LOW,LOW,MODERATE,MODERATE,7,26.0,122,0,7,0,MODERATE,MODERATE,122,0,0,0,0,0
РЕКОВАЦ,26.0,0.0,0.0,3,ECMWF,26.0,0.0,26.0,1,0,LOW,LOW,MODERATE,MODERATE,5,26.0,122,0,5,2,MODERATE,MODERATE,122,0,0,0,0,0
СЈЕНИЦА,26.0,3.2,0.0,3,ECMWF,26.0,0.0,26.0,1,0,LOW,LOW,MODERATE,MODERATE,5,26.0,122,0,4,4,MODERATE,MODERATE,122,0,0,0,0,0
СТАРА ПАЗОВА,26.0,0.0,5.0,3,ECMWF,26.0,0.0,26.0,1,0,LOW,LOW,MODERATE,MODERATE,6,26.0,122,0,6,2,MODERATE,MODERATE,122,0,0,0,0,0
ТРСТЕНИК,26.0,0.0,0.0,3,ECMWF,26.0,0.0,26.0,1,0,LOW,LOW,MODERATE,MODERATE,6,26.0,122,0,6,4,MODERATE,MODERATE,122,0,0,0,0,0
БОЉЕВАЦ,24.0,0.0,2.5,3,ECMWF,24.0,0.0,24.0,1,0,LOW,LOW,MODERATE,MODERATE,7,24.0,122,0,7,0,MODERATE,MODERATE,122,0,0,0,0,0
БОР,24.0,0.0,2.5,3,ECMWF,24.0,0.0,24.0,1,0,LOW,LOW,MODERATE,MODERATE,6,24.0,122,0,5,0,MODERATE,MODERATE,122,0,0,0,0,0
ГОРА,24.0,0.0,20.0,3,ECMWF,24.0,0.0,24.0,2,0,LOW,LOW,MODERATE,MODERATE,1,24.0,10,0,1,0,MODERATE,LOW,10,0,1,0,0,0
ДЕСПОТОВАЦ,24.0,0.0,0.0,3,ECMWF,24.0,0.0,24.0,1,0,LOW,LOW,MODERATE,MODERATE,8,24.0,122,0,8,0,MODERATE,MODERATE,122,0,0,0,0,0
ЖАГУБИЦА,24.0,0.0,0.0,3,ECMWF,24.0,0.0,24.0,1,0,LOW,LOW,MODERATE,MODERATE,5,24.0,122,0,5,0,MODERATE,MODERATE,122,0,0,0,0,0
ЗАЈЕЧАР-ГРАД,24.0,0.0,0.0,3,ECMWF,24.0,0.0,24.0,1,0,LOW,LOW,MODERATE,MODERATE,4,24.0,122,0,3,0,MODERATE,LOW,122,0,0,0,0,0
КАЧАНИК,24.0,0.0,0.0,3,ECMWF,24.0,0.0,24.0,1,0,LOW,LOW,MODERATE,MODERATE,3,24.0,10,0,1,0,MODERATE,LOW,10,0,0,0,0,0
МАЈДАНПЕК,24.0,0.0,0.0,3,ECMWF,24.0,0.0,24.0,1,0,LOW,LOW,MODERATE,MODERATE,6,24.0,122,0,5,0,MODERATE,MODERATE,122,0,0,0,0,0
ПРИЗРЕН,24.0,0.0,7.5,3,ECMWF,24.0,0.0,24.0,1,0,LOW,LOW,MODERATE,MODERATE,5,24.0,10,0,4,2,MODERATE,MODERATE,10,0,0,0,0,0
ШТРПЦЕ,24.0,0.0,0.0,3,ECMWF,24.0,0.0,24.0,1,0,LOW,LOW,MODERATE,MODERATE,4,24.0,10,0,2,0,MODERATE,LOW,10,0,0,0,0,0
БОГАТИЋ,22.0,0.0,2.5,3,ECMWF,22.0,0.0,22.0,1,0,LOW,LOW,MODERATE,MODERATE,2,22.0,122,0,2,1,MODERATE,LOW,122,0,0,0,0,0
ПОЖАРЕВАЦ-ГРАД,22.0,0.0,0.0,3,ECMWF,22.0,0.0,22.0,1,0,LOW,LOW,MODERATE,MODERATE,7,22.0,122,0,7,3,MODERATE,MODERATE,122,0,0,0,0,0
СРЕМСКА МИТРОВИЦА-ГРАД,22.0,0.0,5.0,3,ECMWF,22.0,0.0,22.0,1,0,LOW,LOW,MODERATE,MODERATE,7,22.0,122,0,7,2,MODERATE,MODERATE,122,0,0,0,0,0
ШИД,22.0,0.0,5.0,3,ECMWF,22.0,0.0,22.0,1,0,LOW,LOW,MODERATE,MODERATE,3,22.0,122,0,3,0,MODERATE,LOW,122,0,0,0,0,0
ЋУПРИЈА,20.0,0.0,0.0,3,ECMWF,20.0,0.0,20.0,1,0,LOW,LOW,HIGH,LOW,3,20.0,122,0,3,0,MODERATE,LOW,122,0,0,0,0,0
ЖАБАРИ,20.0,0.0,0.0,3,ECMWF,20.0,0.0,20.0,1,0,LOW,LOW,HIGH,LOW,5,20.0,122,0,5,1,MODERATE,MODERATE,122,0,0,0,0,0
ПЕТРОВАЦ НА МЛАВИ,20.0,0.0,0.0,3,ECMWF,20.0,0.0,20.0,1,0,LOW,LOW,HIGH,LOW,6,20.0,122,0,6,0,MODERATE,MODERATE,122,0,0,0,0,0
РАЖАЊ,20.0,0.0,0.0,3,ECMWF,20.0,0.0,20.0,1,0,LOW,LOW,HIGH,LOW,6,20.0,122,0,6,1,MODERATE,MODERATE,122,0,0,0,0,0
СВИЛАЈНАЦ,20.0,0.0,0.0,3,ECMWF,20.0,0.0,20.0,1,0,LOW,LOW,HIGH,LOW,7,20.0,122,0,7,3,MODERATE,MODERATE,122,0,0,0,0,0
СОКОБАЊА,20.0,0.0,0.0,3,ECMWF,20.0,0.0,20.0,1,0,LOW,LOW,HIGH,LOW,5,20.0,122,0,5,0,MODERATE,MODERATE,122,0,0,0,0,0
ЋИЋЕВАЦ,18.0,0.0,0.0,3,ECMWF,18.0,0.0,18.0,1,0,LOW,LOW,HIGH,LOW,4,18.0,122,0,4,1,MODERATE,MODERATE,122,0,0,0,0,0
АЛИБУНАР,18.0,0.0,7.5,3,ECMWF,18.0,0.0,18.0,1,0,LOW,LOW,HIGH,LOW,6,18.0,122,0,6,3,MODERATE,MODERATE,122,0,0,0,0,0
БЕЛА ЦРКВА,18.0,0.0,5.0,3,ECMWF,18.0,0.0,18.0,1,0,LOW,LOW,HIGH,LOW,4,18.0,122,0,4,2,MODERATE,MODERATE,122,0,0,0,0,0
ВЕЛИКО ГРАДИШТЕ,18.0,0.0,0.0,3,ECMWF,18.0,0.0,18.0,1,0,LOW,LOW,HIGH,LOW,5,18.0,122,0,5,0,MODERATE,MODERATE,122,0,0,0,0,0
ГОЛУБАЦ,18.0,0.0,0.0,3,ECMWF,18.0,0.0,18.0,1,0,LOW,LOW,HIGH,LOW,3,18.0,122,0,3,0,MODERATE,LOW,122,0,0,0,0,0
ЗРЕЊАНИН-ГРАД,18.0,0.0,5.0,3,ECMWF,18.0,0.0,18.0,1,0,LOW,LOW,HIGH,LOW,11,18.0,122,0,8,0,MODERATE,MODERATE,122,0,0,0,0,0
ИНЂИЈА,18.0,0.0,7.5,3,ECMWF,18.0,0.0,18.0,1,0,LOW,LOW,HIGH,LOW,7,18.0,122,0,7,1,MODERATE,MODERATE,122,0,0,0,0,0
КЛАДОВО,18.0,0.0,0.0,3,ECMWF,18.0,0.0,18.0,1,0,LOW,LOW,HIGH,LOW,2,18.0,122,0,1,0,MODERATE,LOW,122,0,0,0,0,0
КОВАЧИЦА,18.0,0.0,5.0,3,ECMWF,18.0,0.0,18.0,1,0,LOW,LOW,HIGH,LOW,5,18.0,122,0,5,1,MODERATE,MODERATE,122,0,0,0,0,0
КУЧЕВО,18.0,0.0,0.0,3,ECMWF,18.0,0.0,18.0,1,0,LOW,LOW,HIGH,LOW,6,18.0,122,0,6,0,MODERATE,MODERATE,122,0,0,0,0,0
МАЛО ЦРНИЋЕ,18.0,0.0,0.0,3,ECMWF,18.0,0.0,18.0,1,0,LOW,LOW,HIGH,LOW,5,18.0,122,0,5,0,MODERATE,MODERATE,122,0,0,0,0,0
ОПОВО,18.0,0.0,5.0,3,ECMWF,18.0,0.0,18.0,1,0,LOW,LOW,HIGH,LOW,4,18.0,122,0,4,1,MODERATE,MODERATE,122,0,0,0,0,0
ТИТЕЛ,18.0,0.0,7.5,3,ECMWF,18.0,0.0,18.0,1,0,LOW,LOW,HIGH,LOW,4,18.0,122,0,4,0,MODERATE,MODERATE,122,0,0,0,0,0
АЛЕКСИНАЦ,14.0,0.0,0.0,3,ECMWF,14.0,0.0,14.0,1,0,LOW,LOW,HIGH,LOW,7,14.0,122,0,4,1,MODERATE,MODERATE,122,0,0,0,0,0
ИРИГ,14.0,0.0,5.0,3,ECMWF,14.0,0.0,14.0,1,0,LOW,LOW,HIGH,LOW,6,14.0,122,0,6,1,MODERATE,MODERATE,122,0,0,0,0,0
КЊАЖЕВАЦ,14.0,0.0,5.0,3,ECMWF,14.0,0.0,14.0,1,0,LOW,LOW,HIGH,LOW,6,14.0,122,0,5,1,MODERATE,MODERATE,122,0,0,0,0,0
НОВИ САД-ГРАД,14.0,0.0,5.0,3,ECMWF,14.0,0.0,14.0,1,0,LOW,LOW,HIGH,LOW,9,14.0,122,0,9,0,MODERATE,MODERATE,122,0,0,0,0,0
СВРЉИГ,14.0,0.0,0.0,3,ECMWF,14.0,0.0,14.0,1,0,LOW,LOW,HIGH,LOW,7,14.0,122,0,3,0,MODERATE,LOW,122,0,0,0,0,0
БЕОЧИН,12.0,0.0,5.0,3,ECMWF,12.0,0.0,12.0,1,0,LOW,LOW,HIGH,LOW,6,12.0,122,0,6,0,MODERATE,MODERATE,122,0,0,0,0,0
СЕЧАЊ,12.0,0.0,2.5,3,ECMWF,12.0,0.0,12.0,1,0,LOW,LOW,HIGH,LOW,5,12.0,122,0,4,0,MODERATE,MODERATE,122,0,0,0,0,0
СРЕМСКИ КАРЛОВЦИ,12.0,0.0,5.0,3,ECMWF,12.0,0.0,12.0,1,0,LOW,LOW,HIGH,LOW,3,12.0,122,0,3,0,MODERATE,LOW,122,0,0,0,0,0
БАЧКА ПАЛАНКА,10.0,0.0,2.5,3,ECMWF,10.0,0.0,10.0,1,0,LOW,LOW,HIGH,LOW,7,10.0,122,0,5,0,MODERATE,MODERATE,122,0,0,0,0,0
БАЧКИ ПЕТРОВАЦ,10.0,0.0,2.5,3,ECMWF,10.0,0.0,10.0,1,0,LOW,LOW,HIGH,LOW,4,10.0,122,0,4,0,MODERATE,MODERATE,122,0,0,0,0,0
ВРБАС,10.0,0.0,0.0,3,ECMWF,10.0,0.0,10.0,1,0,LOW,LOW,HIGH,LOW,8,10.0,122,0,4,0,MODERATE,MODERATE,122,0,0,0,0,0
ЖАБАЉ,10.0,0.0,2.5,3,ECMWF,10.0,0.0,10.0,1,0,LOW,LOW,HIGH,LOW,7,10.0,122,0,4,0,MODERATE,MODERATE,122,0,0,0,0,0
ТЕМЕРИН,10.0,0.0,2.5,3,ECMWF,10.0,0.0,10.0,1,0,LOW,LOW,HIGH,LOW,4,10.0,122,0,3,0,MODERATE,LOW,122,0,0,0,0,0
БАЧ,8.0,0.0,0.0,3,ECMWF,8.0,0.0,8.0,0,0,VERY LOW,VERY LOW,HIGH,LOW,2,8.0,0,0,1,0,NONE,NONE,0,0,0,0,0,0
БЕЧЕЈ,8.0,0.0,0.0,3,ECMWF,8.0,0.0,8.0,0,0,VERY LOW,VERY LOW,HIGH,LOW,6,8.0,0,0,1,0,NONE,NONE,0,0,0,0,0,0
ГЛОГОВАЦ,8.0,0.0,0.0,3,ECMWF,8.0,0.0,8.0,0,0,VERY LOW,VERY LOW,HIGH,LOW,7,8.0,0,0,1,1,NONE,NONE,0,0,0,0,0,0
ЖИТИШТЕ,8.0,0.0,2.5,3,ECMWF,8.0,0.0,8.0,0,0,VERY LOW,VERY LOW,HIGH,LOW,4,8.0,0,0,2,0,NONE,NONE,0,0,0,0,0,0
КИКИНДА,8.0,0.0,0.0,3,ECMWF,8.0,0.0,8.0,0,0,VERY LOW,VERY LOW,HIGH,LOW,6,8.0,0,0,1,0,NONE,NONE,0,0,0,0,0,0
НОВИ БЕЧЕЈ,8.0,0.0,2.5,3,ECMWF,8.0,0.0,8.0,0,0,VERY LOW,VERY LOW,HIGH,LOW,6,8.0,0,0,2,0,NONE,NONE,0,0,0,0,0,0
ОЏАЦИ,8.0,0.0,0.0,3,ECMWF,8.0,0.0,8.0,0,0,VERY LOW,VERY LOW,HIGH,LOW,6,8.0,0,0,2,0,NONE,NONE,0,0,0,0,0,0
ПРОКУПЉЕ,8.0,0.0,0.0,3,ECMWF,8.0,0.0,8.0,0,0,VERY LOW,VERY LOW,HIGH,LOW,8,8.0,0,0,4,3,NONE,NONE,0,0,0,0,0,0
СРБИЦА,8.0,0.0,0.0,3,ECMWF,8.0,0.0,8.0,0,0,VERY LOW,VERY LOW,HIGH,LOW,6,8.0,0,0,3,3,NONE,NONE,0,0,0,0,0,0
СРБОБРАН,8.0,0.0,0.0,3,ECMWF,8.0,0.0,8.0,0,0,VERY LOW,VERY LOW,HIGH,LOW,6,8.0,0,0,3,0,NONE,NONE,0,0,0,0,0,0
СУВА РЕКА,8.0,0.0,0.0,3,ECMWF,8.0,0.0,8.0,0,0,VERY LOW,VERY LOW,HIGH,LOW,8,8.0,0,0,4,2,NONE,NONE,0,0,0,0,0,0
БЕЛА ПАЛАНКА,6.0,0.0,0.0,3,ECMWF,6.0,0.0,6.0,0,0,VERY LOW,VERY LOW,HIGH,LOW,6,6.0,0,0,3,1,NONE,NONE,0,0,0,0,0,0
БОСИЛЕГРАД,6.0,3.2,0.0,3,ECMWF,6.0,0.0,6.0,0,0,VERY LOW,VERY LOW,HIGH,LOW,3,6.0,0,0,0,0,NONE,NONE,0,0,0,0,0,0
НЕГОТИН,6.0,0.0,0.0,3,ECMWF,6.0,0.0,6.0,0,0,VERY LOW,VERY LOW,HIGH,LOW,4,6.0,0,0,4,0,NONE,NONE,0,0,0,0,0,0
НИШ-НИШКА БАЊА,6.0,0.0,0.0,3,ECMWF,6.0,0.0,6.0,0,0,VERY LOW,VERY LOW,HIGH,LOW,6,6.0,0,0,1,0,NONE,NONE,0,0,0,0,0,0
НИШ-ПАНТЕЛЕЈ,6.0,0.0,0.0,3,ECMWF,6.0,0.0,6.0,0,0,VERY LOW,VERY LOW,HIGH,LOW,4,6.0,0,0,1,0,NONE,NONE,0,0,0,0,0,0
ТРГОВИШТЕ,6.0,3.2,0.0,3,ECMWF,6.0,0.0,6.0,0,0,VERY LOW,VERY LOW,HIGH,LOW,3,6.0,0,0,0,0,NONE,NONE,0,0,0,0,0,0
ВИТИНА,4.0,3.2,0.0,3,ECMWF,4.0,0.0,4.0,0,0,VERY LOW,VERY LOW,HIGH,LOW,3,4.0,0,0,1,0,NONE,NONE,0,0,0,0,0,0
КОСОВО ПОЉЕ,4.0,0.0,0.0,3,ECMWF,4.0,0.0,4.0,0,0,VERY LOW,VERY LOW,HIGH,LOW,4,4.0,0,0,0,0,NONE,NONE,0,0,0,0,0,0
ЛИПЉАН,4.0,3.2,0.0,3,ECMWF,4.0,0.0,4.0,0,0,VERY LOW,VERY LOW,HIGH,LOW,8,4.0,0,0,0,0,NONE,NONE,0,0,0,0,0,0
МАЛИ ИЂОШ,4.0,0.0,0.0,3,ECMWF,4.0,0.0,4.0,0,0,VERY LOW,VERY LOW,HIGH,LOW,5,4.0,0,0,1,0,NONE,NONE,0,0,0,0,0,0
НОВА ЦРЊА,4.0,0.0,2.5,3,ECMWF,4.0,0.0,4.0,0,0,VERY LOW,VERY LOW,HIGH,LOW,2,4.0,0,0,0,0,NONE,NONE,0,0,0,0,0,0
ОБИЛИЋ,4.0,0.0,0.0,3,ECMWF,4.0,0.0,4.0,0,0,VERY LOW,VERY LOW,HIGH,LOW,5,4.0,0,0,1,1,NONE,NONE,0,0,0,0,0,0
ТУТИН,4.0,0.0,0.0,3,ECMWF,4.0,0.0,4.0,0,0,VERY LOW,VERY LOW,HIGH,LOW,4,4.0,0,0,3,2,NONE,NONE,0,0,0,0,0,0
УРОШЕВАЦ,4.0,3.2,0.0,3,ECMWF,4.0,0.0,4.0,0,0,VERY LOW,VERY LOW,HIGH,LOW,7,4.0,0,0,2,0,NONE,NONE,0,0,0,0,0,0
ШТИМЉЕ,4.0,0.0,0.0,3,ECMWF,4.0,0.0,4.0,0,0,VERY LOW,VERY LOW,HIGH,LOW,3,4.0,0,0,0,0,NONE,NONE,0,0,0,0,0,0
БУЈАНОВАЦ,0.0,3.2,0.0,3,GEFS,3.2,0.0,3.2,0,0,VERY LOW,VERY LOW,HIGH,LOW,5,3.2,0,0,0,0,NONE,NONE,0,0,0,0,0,0
ВРАЊЕ-ГРАД,2.0,3.2,0.0,3,GEFS,3.2,0.0,3.2,0,0,VERY LOW,VERY LOW,HIGH,LOW,7,3.2,0,0,0,0,NONE,NONE,0,0,0,0,0,0
ГЊИЛАНЕ,0.0,3.2,0.0,3,GEFS,3.2,0.0,3.2,0,0,VERY LOW,VERY LOW,HIGH,LOW,7,3.2,0,0,0,0,NONE,NONE,0,0,0,0,0,0
КОСОВСКА КАМЕНИЦА,0.0,3.2,0.0,3,GEFS,3.2,0.0,3.2,0,0,VERY LOW,VERY LOW,HIGH,LOW,8,3.2,0,0,0,0,NONE,NONE,0,0,0,0,0,0
МЕДВЕЂА,0.0,3.2,0.0,3,GEFS,3.2,0.0,3.2,0,0,VERY LOW,VERY LOW,HIGH,LOW,7,3.2,0,0,0,0,NONE,NONE,0,0,0,0,0,0
НОВО БРДО,0.0,3.2,0.0,3,GEFS,3.2,0.0,3.2,0,0,VERY LOW,VERY LOW,HIGH,LOW,4,3.2,0,0,0,0,NONE,NONE,0,0,0,0,0,0
ПРЕШЕВО,0.0,3.2,0.0,3,GEFS,3.2,0.0,3.2,0,0,VERY LOW,VERY LOW,HIGH,LOW,2,3.2,0,0,0,0,NONE,NONE,0,0,0,0,0,0
ПРИШТИНА-ГРАД,0.0,3.2,0.0,3,GEFS,3.2,0.0,3.2,0,0,VERY LOW,VERY LOW,HIGH,LOW,7,3.2,0,0,0,0,NONE,NONE,0,0,0,0,0,0
СУРДУЛИЦА,2.0,3.2,0.0,3,GEFS,3.2,0.0,3.2,0,0,VERY LOW,VERY LOW,HIGH,LOW,5,3.2,0,0,0,0,NONE,NONE,0,0,0,0,0,0
АДА,2.0,0.0,0.0,3,ECMWF,2.0,0.0,2.0,0,0,VERY LOW,VERY LOW,HIGH,LOW,6,2.0,0,0,0,0,NONE,NONE,0,0,0,0,0,0
БАБУШНИЦА,2.0,0.0,0.0,3,ECMWF,2.0,0.0,2.0,0,0,VERY LOW,VERY LOW,HIGH,LOW,6,2.0,0,0,2,2,NONE,NONE,0,0,0,0,0,0
БОЈНИК,2.0,0.0,0.0,3,ECMWF,2.0,0.0,2.0,0,0,VERY LOW,VERY LOW,HIGH,LOW,6,2.0,0,0,1,1,NONE,NONE,0,0,0,0,0,0
ВЛАДИЧИН ХАН,2.0,0.0,0.0,3,ECMWF,2.0,0.0,2.0,0,0,VERY LOW,VERY LOW,HIGH,LOW,4,2.0,0,0,0,0,NONE,NONE,0,0,0,0,0,0
ВЛАСОТИНЦЕ,2.0,0.0,0.0,3,ECMWF,2.0,0.0,2.0,0,0,VERY LOW,VERY LOW,HIGH,LOW,4,2.0,0,0,0,0,NONE,NONE,0,0,0,0,0,0
ГАЏИН ХАН,2.0,0.0,0.0,3,ECMWF,2.0,0.0,2.0,0,0,VERY LOW,VERY LOW,HIGH,LOW,7,2.0,0,0,0,0,NONE,NONE,0,0,0,0,0,0
ДОЉЕВАЦ,2.0,0.0,0.0,3,ECMWF,2.0,0.0,2.0,0,0,VERY LOW,VERY LOW,HIGH,LOW,5,2.0,0,0,0,0,NONE,NONE,0,0,0,0,0,0
ЖИТОРАЂА,2.0,0.0,0.0,3,ECMWF,2.0,0.0,2.0,0,0,VERY LOW,VERY LOW,HIGH,LOW,5,2.0,0,0,0,0,NONE,NONE,0,0,0,0,0,0
ЗУБИН ПОТОК,2.0,0.0,0.0,3,ECMWF,2.0,0.0,2.0,0,0,VERY LOW,VERY LOW,HIGH,LOW,6,2.0,0,0,3,3,NONE,NONE,0,0,0,0,0,0
КУЛА,2.0,0.0,0.0,3,ECMWF,2.0,0.0,2.0,0,0,VERY LOW,VERY LOW,HIGH,LOW,5,2.0,0,0,1,0,NONE,NONE,0,0,0,0,0,0
ЛЕСКОВАЦ-ГРАД,2.0,0.0,0.0,3,ECMWF,2.0,0.0,2.0,0,0,VERY LOW,VERY LOW,HIGH,LOW,11,2.0,0,0,0,0,NONE,NONE,0,0,0,0,0,0
МЕРОШИНА,2.0,0.0,0.0,3,ECMWF,2.0,0.0,2.0,0,0,VERY LOW,VERY LOW,HIGH,LOW,6,2.0,0,0,1,0,NONE,NONE,0,0,0,0,0,0
НИШ-МЕДИАНА,2.0,0.0,0.0,3,ECMWF,2.0,0.0,2.0,0,0,VERY LOW,VERY LOW,HIGH,LOW,4,2.0,0,0,0,0,NONE,NONE,0,0,0,0,0,0
НИШ-ПАЛИЛУЛА,2.0,0.0,0.0,3,ECMWF,2.0,0.0,2.0,0,0,VERY LOW,VERY LOW,HIGH,LOW,6,2.0,0,0,0,0,NONE,NONE,0,0,0,0,0,0
НИШ-ЦРВЕНИ КРСТ,2.0,0.0,0.0,3,ECMWF,2.0,0.0,2.0,0,0,VERY LOW,VERY LOW,HIGH,LOW,6,2.0,0,0,2,0,NONE,NONE,0,0,0,0,0,0
СЕНТА,2.0,0.0,0.0,3,ECMWF,2.0,0.0,2.0,0,0,VERY LOW,VERY LOW,HIGH,LOW,5,2.0,0,0,0,0,NONE,NONE,0,0,0,0,0,0
ЦРНА ТРАВА,2.0,0.0,0.0,3,ECMWF,2.0,0.0,2.0,0,0,VERY LOW,VERY LOW,HIGH,LOW,5,2.0,0,0,0,0,NONE,NONE,0,0,0,0,0,0
ЧОКА,2.0,0.0,0.0,3,ECMWF,2.0,0.0,2.0,0,0,VERY LOW,VERY LOW,HIGH,LOW,5,2.0,0,0,0,0,NONE,NONE,0,0,0,0,0,0
АПАТИН,0.0,0.0,0.0,3,ECMWF,0.0,0.0,0.0,0,0,VERY LOW,VERY LOW,HIGH,LOW,2,0.0,0,0,0,0,NONE,NONE,0,0,0,0,0,0
БАЧКА ТОПОЛА,0.0,0.0,0.0,3,ECMWF,0.0,0.0,0.0,0,0,VERY LOW,VERY LOW,HIGH,LOW,7,0.0,0,0,0,0,NONE,NONE,0,0,0,0,0,0
ВУЧИТРН,0.0,0.0,0.0,3,ECMWF,0.0,0.0,0.0,0,0,VERY LOW,VERY LOW,HIGH,LOW,5,0.0,0,0,2,2,NONE,NONE,0,0,0,0,0,0
ЗВЕЧАН,0.0,0.0,0.0,3,ECMWF,0.0,0.0,0.0,0,0,VERY LOW,VERY LOW,HIGH,LOW,4,0.0,0,0,3,3,NONE,NONE,0,0,0,0,0,0
КАЊИЖА,0.0,0.0,0.0,3,ECMWF,0.0,0.0,0.0,0,0,VERY LOW,VERY LOW,HIGH,LOW,4,0.0,0,0,0,0,NONE,NONE,0,0,0,0,0,0
ЛЕБАНЕ,0.0,0.0,0.0,3,ECMWF,0.0,0.0,0.0,0,0,VERY LOW,VERY LOW,HIGH,LOW,4,0.0,0,0,0,0,NONE,NONE,0,0,0,0,0,0
НОВИ КНЕЖЕВАЦ,0.0,0.0,0.0,3,ECMWF,0.0,0.0,0.0,0,0,VERY LOW,VERY LOW,HIGH,LOW,2,0.0,0,0,0,0,NONE,NONE,0,0,0,0,0,0
СОМБОР-ГРАД,0.0,0.0,0.0,3,ECMWF,0.0,0.0,0.0,0,0,VERY LOW,VERY LOW,HIGH,LOW,5,0.0,0,0,0,0,NONE,NONE,0,0,0,0,0,0
СУБОТИЦА-ГРАД,0.0,0.0,0.0,3,ECMWF,0.0,0.0,0.0,0,0,VERY LOW,VERY LOW,HIGH,LOW,4,0.0,0,0,0,0,NONE,NONE,0,0,0,0,0,0
