Municipality_DOM_ID,Value_e,Value_sl,Value_sc,forecast_hour,valid_time,local_time,gefs_heat_index,gefs_heat_index_p90,gefs_t2m,gefs_rh2m,icon_heat_index,icon_heat_index_p90,icon_t2m,icon_rh2m,multimodel_heat_index,p_below_27,p_27_32,p_32_41,p_41_54,p_ge_54,dominant_category,heat_stress_category_sr,heat_stress_color,dominant_category_probability,models_available,source_models,model_spread_c,confidence,gefs_members,icon_members,status,day_weight,night_weight,thermal_stress_mode,night_key,night_qc,gefs_night_complete,icon_night_complete,p_tmin_lt20,p_tmin_20_22,p_tmin_22_24,p_tmin_24_26,p_tmin_ge26,gefs_night_tmin,icon_night_tmin,multimodel_night_tmin,night_score,thermal_stress_score,thermal_stress_color,thermal_stress_valid_time,thermal_stress_local_time,status_24h
80012,ADA,ADA,АДА,57,2026-09-03T09:00:00+00:00,2026-09-03T11:00:00+02:00,27.8,28.6,29.2,26.7,,,,,27.8,12.9,87.1,0.0,0.0,0.0,27_32,Повишен топлотни стрес,YELLOW,87.1,1,GEFS,,LOW,31,0,EXPERIMENTAL / NOT CALIBRATED,1.0,0.0,DAY,,NOT_APPLICABLE,False,False,,,,,,,,,,0.871,YELLOW,2026-09-03T09:00:00+00:00,2026-09-03T11:00:00+02:00,EXPERIMENTAL / NOT CALIBRATED
80209,KIKINDA,KIKINDA,КИКИНДА,57,2026-09-03T09:00:00+00:00,2026-09-03T11:00:00+02:00,27.7,28.3,29.1,27.5,,,,,27.7,12.9,87.1,0.0,0.0,0.0,27_32,Повишен топлотни стрес,YELLOW,87.1,1,GEFS,,LOW,31,0,EXPERIMENTAL / NOT CALIBRATED,1.0,0.0,DAY,,NOT_APPLICABLE,False,False,,,,,,,,,,0.871,YELLOW,2026-09-03T09:00:00+00:00,2026-09-03T11:00:00+02:00,EXPERIMENTAL / NOT CALIBRATED
80365,SENTA,SENTA,СЕНТА,57,2026-09-03T09:00:00+00:00,2026-09-03T11:00:00+02:00,27.4,28.0,28.6,28.1,,,,,27.4,29.0,71.0,0.0,0.0,0.0,27_32,Повишен топлотни стрес,YELLOW,71.0,1,GEFS,,LOW,31,0,EXPERIMENTAL / NOT CALIBRATED,1.0,0.0,DAY,,NOT_APPLICABLE,False,False,,,,,,,,,,0.71,YELLOW,2026-09-03T09:00:00+00:00,2026-09-03T11:00:00+02:00,EXPERIMENTAL / NOT CALIBRATED
80489,ČOKA,ČOKA,ЧОКА,57,2026-09-03T09:00:00+00:00,2026-09-03T11:00:00+02:00,27.4,27.8,28.5,28.7,,,,,27.4,25.8,74.2,0.0,0.0,0.0,27_32,Повишен топлотни стрес,YELLOW,74.2,1,GEFS,,LOW,31,0,EXPERIMENTAL / NOT CALIBRATED,1.0,0.0,DAY,,NOT_APPLICABLE,False,False,,,,,,,,,,0.742,YELLOW,2026-09-03T09:00:00+00:00,2026-09-03T11:00:00+02:00,EXPERIMENTAL / NOT CALIBRATED
80276,NOVI KNEŽEVAC,NOVI KNEŽEVAC,НОВИ КНЕЖЕВАЦ,57,2026-09-03T09:00:00+00:00,2026-09-03T11:00:00+02:00,27.4,27.8,28.5,28.7,,,,,27.4,25.8,74.2,0.0,0.0,0.0,27_32,Повишен топлотни стрес,YELLOW,74.2,1,GEFS,,LOW,31,0,EXPERIMENTAL / NOT CALIBRATED,1.0,0.0,DAY,,NOT_APPLICABLE,False,False,,,,,,,,,,0.742,YELLOW,2026-09-03T09:00:00+00:00,2026-09-03T11:00:00+02:00,EXPERIMENTAL / NOT CALIBRATED
80195,KANJIŽA,KANJIŽA,КАЊИЖА,57,2026-09-03T09:00:00+00:00,2026-09-03T11:00:00+02:00,27.4,28.0,28.6,28.1,,,,,27.4,29.0,71.0,0.0,0.0,0.0,27_32,Повишен топлотни стрес,YELLOW,71.0,1,GEFS,,LOW,31,0,EXPERIMENTAL / NOT CALIBRATED,1.0,0.0,DAY,,NOT_APPLICABLE,False,False,,,,,,,,,,0.71,YELLOW,2026-09-03T09:00:00+00:00,2026-09-03T11:00:00+02:00,EXPERIMENTAL / NOT CALIBRATED
70521,ŽABARI,ŽABARI,ЖАБАРИ,57,2026-09-03T09:00:00+00:00,2026-09-03T11:00:00+02:00,27.5,28.0,28.6,28.7,,,,,27.5,29.0,71.0,0.0,0.0,0.0,27_32,Повишен топлотни стрес,YELLOW,71.0,1,GEFS,,LOW,31,0,EXPERIMENTAL / NOT CALIBRATED,1.0,0.0,DAY,,NOT_APPLICABLE,False,False,,,,,,,,,,0.71,YELLOW,2026-09-03T09:00:00+00:00,2026-09-03T11:00:00+02:00,EXPERIMENTAL / NOT CALIBRATED
70530,ŽAGUBICA,ŽAGUBICA,ЖАГУБИЦА,57,2026-09-03T09:00:00+00:00,2026-09-03T11:00:00+02:00,25.6,26.5,25.6,34.9,,,,,25.6,100.0,0.0,0.0,0.0,0.0,below_27,Без значајног топлотног стреса,GREEN,100.0,1,GEFS,,LOW,31,0,EXPERIMENTAL / NOT CALIBRATED,1.0,0.0,DAY,,NOT_APPLICABLE,False,False,,,,,,,,,,0.0,GREEN,2026-09-03T09:00:00+00:00,2026-09-03T11:00:00+02:00,EXPERIMENTAL / NOT CALIBRATED
70912,PETROVAC NA MLAVI,PETROVAC NA MLAVI,ПЕТРОВАЦ НА МЛАВИ,57,2026-09-03T09:00:00+00:00,2026-09-03T11:00:00+02:00,26.3,26.8,26.4,33.1,,,,,26.3,96.8,3.2,0.0,0.0,0.0,below_27,Без значајног топлотног стреса,GREEN,96.8,1,GEFS,,LOW,31,0,EXPERIMENTAL / NOT CALIBRATED,1.0,0.0,DAY,,NOT_APPLICABLE,False,False,,,,,,,,,,0.032,GREEN,2026-09-03T09:00:00+00:00,2026-09-03T11:00:00+02:00,EXPERIMENTAL / NOT CALIBRATED
70696,KUČEVO,KUČEVO,КУЧЕВО,57,2026-09-03T09:00:00+00:00,2026-09-03T11:00:00+02:00,26.4,26.8,26.7,32.0,,,,,26.4,93.5,6.5,0.0,0.0,0.0,below_27,Без значајног топлотног стреса,GREEN,93.5,1,GEFS,,LOW,31,0,EXPERIMENTAL / NOT CALIBRATED,1.0,0.0,DAY,,NOT_APPLICABLE,False,False,,,,,,,,,,0.065,GREEN,2026-09-03T09:00:00+00:00,2026-09-03T11:00:00+02:00,EXPERIMENTAL / NOT CALIBRATED
70807,MALO CRNIĆE,MALO CRNIĆE,МАЛО ЦРНИЋЕ,57,2026-09-03T09:00:00+00:00,2026-09-03T11:00:00+02:00,27.5,28.0,28.6,28.7,,,,,27.5,29.0,71.0,0.0,0.0,0.0,27_32,Повишен топлотни стрес,YELLOW,71.0,1,GEFS,,LOW,31,0,EXPERIMENTAL / NOT CALIBRATED,1.0,0.0,DAY,,NOT_APPLICABLE,False,False,,,,,,,,,,0.71,YELLOW,2026-09-03T09:00:00+00:00,2026-09-03T11:00:00+02:00,EXPERIMENTAL / NOT CALIBRATED
70475,GOLUBAC,GOLUBAC,ГОЛУБАЦ,57,2026-09-03T09:00:00+00:00,2026-09-03T11:00:00+02:00,26.7,27.1,27.5,28.9,,,,,26.7,77.4,22.6,0.0,0.0,0.0,below_27,Без значајног топлотног стреса,GREEN,77.4,1,GEFS,,LOW,31,0,EXPERIMENTAL / NOT CALIBRATED,1.0,0.0,DAY,,NOT_APPLICABLE,False,False,,,,,,,,,,0.226,GREEN,2026-09-03T09:00:00+00:00,2026-09-03T11:00:00+02:00,EXPERIMENTAL / NOT CALIBRATED
70947,POŽAREVAC-GRAD,POŽAREVAC-GRAD,ПОЖАРЕВАЦ-ГРАД,57,2026-09-03T09:00:00+00:00,2026-09-03T11:00:00+02:00,27.7,28.4,29.1,26.6,,,,,27.7,16.1,83.9,0.0,0.0,0.0,27_32,Повишен топлотни стрес,YELLOW,83.9,1,GEFS,,LOW,31,0,EXPERIMENTAL / NOT CALIBRATED,1.0,0.0,DAY,,NOT_APPLICABLE,False,False,,,,,,,,,,0.839,YELLOW,2026-09-03T09:00:00+00:00,2026-09-03T11:00:00+02:00,EXPERIMENTAL / NOT CALIBRATED
70394,VELIKO GRADIŠTE,VELIKO GRADIŠTE,ВЕЛИКО ГРАДИШТЕ,57,2026-09-03T09:00:00+00:00,2026-09-03T11:00:00+02:00,27.3,27.9,28.3,27.5,,,,,27.3,25.8,74.2,0.0,0.0,0.0,27_32,Повишен топлотни стрес,YELLOW,74.2,1,GEFS,,LOW,31,0,EXPERIMENTAL / NOT CALIBRATED,1.0,0.0,DAY,,NOT_APPLICABLE,False,False,,,,,,,,,,0.742,YELLOW,2026-09-03T09:00:00+00:00,2026-09-03T11:00:00+02:00,EXPERIMENTAL / NOT CALIBRATED
70602,KNJAŽEVAC,KNJAŽEVAC,КЊАЖЕВАЦ,57,2026-09-03T09:00:00+00:00,2026-09-03T11:00:00+02:00,26.2,26.6,26.3,31.7,,,,,26.2,96.8,3.2,0.0,0.0,0.0,below_27,Без значајног топлотног стреса,GREEN,96.8,1,GEFS,,LOW,31,0,EXPERIMENTAL / NOT CALIBRATED,1.0,0.0,DAY,,NOT_APPLICABLE,False,False,,,,,,,,,,0.032,GREEN,2026-09-03T09:00:00+00:00,2026-09-03T11:00:00+02:00,EXPERIMENTAL / NOT CALIBRATED
71129,SOKOBANJA,SOKOBANJA,СОКОБАЊА,57,2026-09-03T09:00:00+00:00,2026-09-03T11:00:00+02:00,26.6,27.5,27.4,29.0,,,,,26.6,80.6,19.4,0.0,0.0,0.0,below_27,Без значајног топлотног стреса,GREEN,80.6,1,GEFS,,LOW,31,0,EXPERIMENTAL / NOT CALIBRATED,1.0,0.0,DAY,,NOT_APPLICABLE,False,False,,,,,,,,,,0.194,GREEN,2026-09-03T09:00:00+00:00,2026-09-03T11:00:00+02:00,EXPERIMENTAL / NOT CALIBRATED
70319,BOLJEVAC,BOLJEVAC,БОЉЕВАЦ,57,2026-09-03T09:00:00+00:00,2026-09-03T11:00:00+02:00,26.6,27.5,27.4,29.0,,,,,26.6,80.6,19.4,0.0,0.0,0.0,below_27,Без значајног топлотног стреса,GREEN,80.6,1,GEFS,,LOW,31,0,EXPERIMENTAL / NOT CALIBRATED,1.0,0.0,DAY,,NOT_APPLICABLE,False,False,,,,,,,,,,0.194,GREEN,2026-09-03T09:00:00+00:00,2026-09-03T11:00:00+02:00,EXPERIMENTAL / NOT CALIBRATED
70556,ZAJEČAR-GRAD,ZAJEČAR-GRAD,ЗАЈЕЧАР-ГРАД,57,2026-09-03T09:00:00+00:00,2026-09-03T11:00:00+02:00,27.2,28.1,28.4,25.6,,,,,27.2,41.9,58.1,0.0,0.0,0.0,27_32,Повишен топлотни стрес,YELLOW,58.1,1,GEFS,,LOW,31,0,EXPERIMENTAL / NOT CALIBRATED,1.0,0.0,DAY,,NOT_APPLICABLE,False,False,,,,,,,,,,0.581,YELLOW,2026-09-03T09:00:00+00:00,2026-09-03T11:00:00+02:00,EXPERIMENTAL / NOT CALIBRATED
70327,BOR,BOR,БОР,57,2026-09-03T09:00:00+00:00,2026-09-03T11:00:00+02:00,26.6,27.1,27.4,27.4,,,,,26.6,83.9,16.1,0.0,0.0,0.0,below_27,Без значајног топлотног стреса,GREEN,83.9,1,GEFS,,LOW,31,0,EXPERIMENTAL / NOT CALIBRATED,1.0,0.0,DAY,,NOT_APPLICABLE,False,False,,,,,,,,,,0.161,GREEN,2026-09-03T09:00:00+00:00,2026-09-03T11:00:00+02:00,EXPERIMENTAL / NOT CALIBRATED
70840,NEGOTIN,NEGOTIN,НЕГОТИН,57,2026-09-03T09:00:00+00:00,2026-09-03T11:00:00+02:00,27.7,29.1,29.1,25.5,,,,,27.7,6.5,93.5,0.0,0.0,0.0,27_32,Повишен топлотни стрес,YELLOW,93.5,1,GEFS,,LOW,31,0,EXPERIMENTAL / NOT CALIBRATED,1.0,0.0,DAY,,NOT_APPLICABLE,False,False,,,,,,,,,,0.935,YELLOW,2026-09-03T09:00:00+00:00,2026-09-03T11:00:00+02:00,EXPERIMENTAL / NOT CALIBRATED
70785,MAJDANPEK,MAJDANPEK,МАЈДАНПЕК,57,2026-09-03T09:00:00+00:00,2026-09-03T11:00:00+02:00,26.7,27.5,27.3,28.4,,,,,26.7,83.9,16.1,0.0,0.0,0.0,below_27,Без значајног топлотног стреса,GREEN,83.9,1,GEFS,,LOW,31,0,EXPERIMENTAL / NOT CALIBRATED,1.0,0.0,DAY,,NOT_APPLICABLE,False,False,,,,,,,,,,0.161,GREEN,2026-09-03T09:00:00+00:00,2026-09-03T11:00:00+02:00,EXPERIMENTAL / NOT CALIBRATED
70572,KLADOVO,KLADOVO,КЛАДОВО,57,2026-09-03T09:00:00+00:00,2026-09-03T11:00:00+02:00,27.5,28.2,28.7,27.2,,,,,27.5,12.9,87.1,0.0,0.0,0.0,27_32,Повишен топлотни стрес,YELLOW,87.1,1,GEFS,,LOW,31,0,EXPERIMENTAL / NOT CALIBRATED,1.0,0.0,DAY,,NOT_APPLICABLE,False,False,,,,,,,,,,0.871,YELLOW,2026-09-03T09:00:00+00:00,2026-09-03T11:00:00+02:00,EXPERIMENTAL / NOT CALIBRATED
80225,KOVIN,KOVIN,КОВИН,57,2026-09-03T09:00:00+00:00,2026-09-03T11:00:00+02:00,27.7,28.6,29.0,26.7,,,,,27.7,9.7,90.3,0.0,0.0,0.0,27_32,Повишен топлотни стрес,YELLOW,90.3,1,GEFS,,LOW,31,0,EXPERIMENTAL / NOT CALIBRATED,1.0,0.0,DAY,,NOT_APPLICABLE,False,False,,,,,,,,,,0.903,YELLOW,2026-09-03T09:00:00+00:00,2026-09-03T11:00:00+02:00,EXPERIMENTAL / NOT CALIBRATED
80098,BELA CRKVA,BELA CRKVA,БЕЛА ЦРКВА,57,2026-09-03T09:00:00+00:00,2026-09-03T11:00:00+02:00,27.6,28.6,29.0,25.9,,,,,27.6,3.2,96.8,0.0,0.0,0.0,27_32,Повишен топлотни стрес,YELLOW,96.8,1,GEFS,,LOW,31,0,EXPERIMENTAL / NOT CALIBRATED,1.0,0.0,DAY,,NOT_APPLICABLE,False,False,,,,,,,,,,0.968,YELLOW,2026-09-03T09:00:00+00:00,2026-09-03T11:00:00+02:00,EXPERIMENTAL / NOT CALIBRATED
80292,OPOVO,OPOVO,ОПОВО,57,2026-09-03T09:00:00+00:00,2026-09-03T11:00:00+02:00,27.7,28.5,28.9,27.6,,,,,27.7,6.5,93.5,0.0,0.0,0.0,27_32,Повишен топлотни стрес,YELLOW,93.5,1,GEFS,,LOW,31,0,EXPERIMENTAL / NOT CALIBRATED,1.0,0.0,DAY,,NOT_APPLICABLE,False,False,,,,,,,,,,0.935,YELLOW,2026-09-03T09:00:00+00:00,2026-09-03T11:00:00+02:00,EXPERIMENTAL / NOT CALIBRATED
80217,KOVAČICA,KOVAČICA,КОВАЧИЦА,57,2026-09-03T09:00:00+00:00,2026-09-03T11:00:00+02:00,27.8,28.6,29.2,26.4,,,,,27.8,3.2,96.8,0.0,0.0,0.0,27_32,Повишен топлотни стрес,YELLOW,96.8,1,GEFS,,LOW,31,0,EXPERIMENTAL / NOT CALIBRATED,1.0,0.0,DAY,,NOT_APPLICABLE,False,False,,,,,,,,,,0.968,YELLOW,2026-09-03T09:00:00+00:00,2026-09-03T11:00:00+02:00,EXPERIMENTAL / NOT CALIBRATED
80128,VRŠAC,VRŠAC,ВРШАЦ,57,2026-09-03T09:00:00+00:00,2026-09-03T11:00:00+02:00,27.6,28.6,29.0,25.9,,,,,27.6,3.2,96.8,0.0,0.0,0.0,27_32,Повишен топлотни стрес,YELLOW,96.8,1,GEFS,,LOW,31,0,EXPERIMENTAL / NOT CALIBRATED,1.0,0.0,DAY,,NOT_APPLICABLE,False,False,,,,,,,,,,0.968,YELLOW,2026-09-03T09:00:00+00:00,2026-09-03T11:00:00+02:00,EXPERIMENTAL / NOT CALIBRATED
80039,ALIBUNAR,ALIBUNAR,АЛИБУНАР,57,2026-09-03T09:00:00+00:00,2026-09-03T11:00:00+02:00,27.9,28.7,29.3,25.5,,,,,27.9,3.2,96.8,0.0,0.0,0.0,27_32,Повишен топлотни стрес,YELLOW,96.8,1,GEFS,,LOW,31,0,EXPERIMENTAL / NOT CALIBRATED,1.0,0.0,DAY,,NOT_APPLICABLE,False,False,,,,,,,,,,0.968,YELLOW,2026-09-03T09:00:00+00:00,2026-09-03T11:00:00+02:00,EXPERIMENTAL / NOT CALIBRATED
80349,PLANDIŠTE,PLANDIŠTE,ПЛАНДИШТЕ,57,2026-09-03T09:00:00+00:00,2026-09-03T11:00:00+02:00,27.8,28.8,29.3,25.8,,,,,27.8,6.5,93.5,0.0,0.0,0.0,27_32,Повишен топлотни стрес,YELLOW,93.5,1,GEFS,,LOW,31,0,EXPERIMENTAL / NOT CALIBRATED,1.0,0.0,DAY,,NOT_APPLICABLE,False,False,,,,,,,,,,0.935,YELLOW,2026-09-03T09:00:00+00:00,2026-09-03T11:00:00+02:00,EXPERIMENTAL / NOT CALIBRATED
80314,PANČEVO-GRAD,PANČEVO-GRAD,ПАНЧЕВО-ГРАД,57,2026-09-03T09:00:00+00:00,2026-09-03T11:00:00+02:00,27.4,28.2,28.4,28.7,,,,,27.4,16.1,83.9,0.0,0.0,0.0,27_32,Повишен топлотни стрес,YELLOW,83.9,1,GEFS,,LOW,31,0,EXPERIMENTAL / NOT CALIBRATED,1.0,0.0,DAY,,NOT_APPLICABLE,False,False,,,,,,,,,,0.839,YELLOW,2026-09-03T09:00:00+00:00,2026-09-03T11:00:00+02:00,EXPERIMENTAL / NOT CALIBRATED
71269,ŠABAC-GRAD,ŠABAC-GRAD,ШАБАЦ-ГРАД,57,2026-09-03T09:00:00+00:00,2026-09-03T11:00:00+02:00,27.4,28.3,28.4,30.4,,,,,27.4,32.3,67.7,0.0,0.0,0.0,27_32,Повишен топлотни стрес,YELLOW,67.7,1,GEFS,,LOW,31,0,EXPERIMENTAL / NOT CALIBRATED,1.0,0.0,DAY,,NOT_APPLICABLE,False,False,,,,,,,,,,0.677,YELLOW,2026-09-03T09:00:00+00:00,2026-09-03T11:00:00+02:00,EXPERIMENTAL / NOT CALIBRATED
70289,BOGATIĆ,BOGATIĆ,БОГАТИЋ,57,2026-09-03T09:00:00+00:00,2026-09-03T11:00:00+02:00,27.4,28.3,28.4,30.4,,,,,27.4,32.3,67.7,0.0,0.0,0.0,27_32,Повишен топлотни стрес,YELLOW,67.7,1,GEFS,,LOW,31,0,EXPERIMENTAL / NOT CALIBRATED,1.0,0.0,DAY,,NOT_APPLICABLE,False,False,,,,,,,,,,0.677,YELLOW,2026-09-03T09:00:00+00:00,2026-09-03T11:00:00+02:00,EXPERIMENTAL / NOT CALIBRATED
70777,LJUBOVIJA,LJUBOVIJA,ЉУБОВИЈА,57,2026-09-03T09:00:00+00:00,2026-09-03T11:00:00+02:00,25.4,26.5,25.4,36.6,,,,,25.4,96.8,3.2,0.0,0.0,0.0,below_27,Без значајног топлотног стреса,GREEN,96.8,1,GEFS,,LOW,31,0,EXPERIMENTAL / NOT CALIBRATED,1.0,0.0,DAY,,NOT_APPLICABLE,False,False,,,,,,,,,,0.032,GREEN,2026-09-03T09:00:00+00:00,2026-09-03T11:00:00+02:00,EXPERIMENTAL / NOT CALIBRATED
70661,KRUPANJ,KRUPANJ,КРУПАЊ,57,2026-09-03T09:00:00+00:00,2026-09-03T11:00:00+02:00,26.6,27.4,27.0,32.4,,,,,26.6,71.0,29.0,0.0,0.0,0.0,below_27,Без значајног топлотног стреса,GREEN,71.0,1,GEFS,,LOW,31,0,EXPERIMENTAL / NOT CALIBRATED,1.0,0.0,DAY,,NOT_APPLICABLE,False,False,,,,,,,,,,0.29,GREEN,2026-09-03T09:00:00+00:00,2026-09-03T11:00:00+02:00,EXPERIMENTAL / NOT CALIBRATED
70793,MALI ZVORNIK,MALI ZVORNIK,МАЛИ ЗВОРНИК,57,2026-09-03T09:00:00+00:00,2026-09-03T11:00:00+02:00,25.2,26.4,25.2,36.1,,,,,25.2,100.0,0.0,0.0,0.0,0.0,below_27,Без значајног топлотног стреса,GREEN,100.0,1,GEFS,,LOW,31,0,EXPERIMENTAL / NOT CALIBRATED,1.0,0.0,DAY,,NOT_APPLICABLE,False,False,,,,,,,,,,0.0,GREEN,2026-09-03T09:00:00+00:00,2026-09-03T11:00:00+02:00,EXPERIMENTAL / NOT CALIBRATED
70637,KOCELJEVA,KOCELJEVA,КОЦЕЉЕВА,57,2026-09-03T09:00:00+00:00,2026-09-03T11:00:00+02:00,26.7,27.6,27.3,31.8,,,,,26.7,64.5,35.5,0.0,0.0,0.0,below_27,Без значајног топлотног стреса,GREEN,64.5,1,GEFS,,LOW,31,0,EXPERIMENTAL / NOT CALIBRATED,1.0,0.0,DAY,,NOT_APPLICABLE,False,False,,,,,,,,,,0.355,GREEN,2026-09-03T09:00:00+00:00,2026-09-03T11:00:00+02:00,EXPERIMENTAL / NOT CALIBRATED
70734,LOZNICA-GRAD,LOZNICA-GRAD,ЛОЗНИЦА-ГРАД,57,2026-09-03T09:00:00+00:00,2026-09-03T11:00:00+02:00,26.7,27.4,27.1,31.9,,,,,26.7,71.0,29.0,0.0,0.0,0.0,below_27,Без значајног топлотног стреса,GREEN,71.0,1,GEFS,,LOW,31,0,EXPERIMENTAL / NOT CALIBRATED,1.0,0.0,DAY,,NOT_APPLICABLE,False,False,,,,,,,,,,0.29,GREEN,2026-09-03T09:00:00+00:00,2026-09-03T11:00:00+02:00,EXPERIMENTAL / NOT CALIBRATED
70408,VLADIMIRCI,VLADIMIRCI,ВЛАДИМИРЦИ,57,2026-09-03T09:00:00+00:00,2026-09-03T11:00:00+02:00,26.7,27.6,27.3,31.8,,,,,26.7,64.5,35.5,0.0,0.0,0.0,below_27,Без значајног топлотног стреса,GREEN,64.5,1,GEFS,,LOW,31,0,EXPERIMENTAL / NOT CALIBRATED,1.0,0.0,DAY,,NOT_APPLICABLE,False,False,,,,,,,,,,0.355,GREEN,2026-09-03T09:00:00+00:00,2026-09-03T11:00:00+02:00,EXPERIMENTAL / NOT CALIBRATED
70181,BEOGRAD-NOVI BEOGRAD,BEOGRAD-NOVI BEOGRAD,БЕОГРАД-НОВИ БЕОГРАД,57,2026-09-03T09:00:00+00:00,2026-09-03T11:00:00+02:00,27.2,28.0,28.1,29.3,,,,,27.2,29.0,71.0,0.0,0.0,0.0,27_32,Повишен топлотни стрес,YELLOW,71.0,1,GEFS,,LOW,31,0,EXPERIMENTAL / NOT CALIBRATED,1.0,0.0,DAY,,NOT_APPLICABLE,False,False,,,,,,,,,,0.71,YELLOW,2026-09-03T09:00:00+00:00,2026-09-03T11:00:00+02:00,EXPERIMENTAL / NOT CALIBRATED
71293,BEOGRAD-SURČIN,BEOGRAD-SURČIN,БЕОГРАД-СУРЧИН,57,2026-09-03T09:00:00+00:00,2026-09-03T11:00:00+02:00,27.4,28.3,28.5,28.6,,,,,27.4,19.4,80.6,0.0,0.0,0.0,27_32,Повишен топлотни стрес,YELLOW,80.6,1,GEFS,,LOW,31,0,EXPERIMENTAL / NOT CALIBRATED,1.0,0.0,DAY,,NOT_APPLICABLE,False,False,,,,,,,,,,0.806,YELLOW,2026-09-03T09:00:00+00:00,2026-09-03T11:00:00+02:00,EXPERIMENTAL / NOT CALIBRATED
70157,BEOGRAD-ZEMUN,BEOGRAD-ZEMUN,БЕОГРАД-ЗЕМУН,57,2026-09-03T09:00:00+00:00,2026-09-03T11:00:00+02:00,27.8,28.5,29.1,27.9,,,,,27.8,9.7,90.3,0.0,0.0,0.0,27_32,Повишен топлотни стрес,YELLOW,90.3,1,GEFS,,LOW,31,0,EXPERIMENTAL / NOT CALIBRATED,1.0,0.0,DAY,,NOT_APPLICABLE,False,False,,,,,,,,,,0.903,YELLOW,2026-09-03T09:00:00+00:00,2026-09-03T11:00:00+02:00,EXPERIMENTAL / NOT CALIBRATED
70203,BEOGRAD-PALILULA,BEOGRAD-PALILULA,БЕОГРАД-ПАЛИЛУЛА,57,2026-09-03T09:00:00+00:00,2026-09-03T11:00:00+02:00,27.7,28.5,28.9,27.6,,,,,27.7,6.5,93.5,0.0,0.0,0.0,27_32,Повишен топлотни стрес,YELLOW,93.5,1,GEFS,,LOW,31,0,EXPERIMENTAL / NOT CALIBRATED,1.0,0.0,DAY,,NOT_APPLICABLE,False,False,,,,,,,,,,0.935,YELLOW,2026-09-03T09:00:00+00:00,2026-09-03T11:00:00+02:00,EXPERIMENTAL / NOT CALIBRATED
70173,BEOGRAD-MLADENOVAC,BEOGRAD-MLADENOVAC,БЕОГРАД-МЛАДЕНОВАЦ,57,2026-09-03T09:00:00+00:00,2026-09-03T11:00:00+02:00,27.2,27.9,28.2,29.7,,,,,27.2,29.0,71.0,0.0,0.0,0.0,27_32,Повишен топлотни стрес,YELLOW,71.0,1,GEFS,,LOW,31,0,EXPERIMENTAL / NOT CALIBRATED,1.0,0.0,DAY,,NOT_APPLICABLE,False,False,,,,,,,,,,0.71,YELLOW,2026-09-03T09:00:00+00:00,2026-09-03T11:00:00+02:00,EXPERIMENTAL / NOT CALIBRATED
70165,BEOGRAD-LAZAREVAC,BEOGRAD-LAZAREVAC,БЕОГРАД-ЛАЗАРЕВАЦ,57,2026-09-03T09:00:00+00:00,2026-09-03T11:00:00+02:00,26.9,27.8,27.7,30.8,,,,,26.9,61.3,38.7,0.0,0.0,0.0,below_27,Без значајног топлотног стреса,GREEN,61.3,1,GEFS,,LOW,31,0,EXPERIMENTAL / NOT CALIBRATED,1.0,0.0,DAY,,NOT_APPLICABLE,False,False,,,,,,,,,,0.387,GREEN,2026-09-03T09:00:00+00:00,2026-09-03T11:00:00+02:00,EXPERIMENTAL / NOT CALIBRATED
70092,BEOGRAD-BARAJEVO,BEOGRAD-BARAJEVO,БЕОГРАД-БАРАЈЕВО,57,2026-09-03T09:00:00+00:00,2026-09-03T11:00:00+02:00,27.0,27.7,27.9,30.0,,,,,27.0,51.6,48.4,0.0,0.0,0.0,below_27,Без значајног топлотног стреса,GREEN,51.6,1,GEFS,,LOW,31,0,EXPERIMENTAL / NOT CALIBRATED,1.0,0.0,DAY,,NOT_APPLICABLE,False,False,,,,,,,,,,0.484,GREEN,2026-09-03T09:00:00+00:00,2026-09-03T11:00:00+02:00,EXPERIMENTAL / NOT CALIBRATED
70190,BEOGRAD-OBRENOVAC,BEOGRAD-OBRENOVAC,БЕОГРАД-ОБРЕНОВАЦ,57,2026-09-03T09:00:00+00:00,2026-09-03T11:00:00+02:00,26.9,27.8,27.7,30.8,,,,,26.9,61.3,38.7,0.0,0.0,0.0,below_27,Без значајног топлотног стреса,GREEN,61.3,1,GEFS,,LOW,31,0,EXPERIMENTAL / NOT CALIBRATED,1.0,0.0,DAY,,NOT_APPLICABLE,False,False,,,,,,,,,,0.387,GREEN,2026-09-03T09:00:00+00:00,2026-09-03T11:00:00+02:00,EXPERIMENTAL / NOT CALIBRATED
70211,BEOGRAD-RAKOVICA,BEOGRAD-RAKOVICA,БЕОГРАД-РАКОВИЦА,57,2026-09-03T09:00:00+00:00,2026-09-03T11:00:00+02:00,27.2,28.0,28.1,29.3,,,,,27.2,29.0,71.0,0.0,0.0,0.0,27_32,Повишен топлотни стрес,YELLOW,71.0,1,GEFS,,LOW,31,0,EXPERIMENTAL / NOT CALIBRATED,1.0,0.0,DAY,,NOT_APPLICABLE,False,False,,,,,,,,,,0.71,YELLOW,2026-09-03T09:00:00+00:00,2026-09-03T11:00:00+02:00,EXPERIMENTAL / NOT CALIBRATED
70106,BEOGRAD-VOŽDOVAC,BEOGRAD-VOŽDOVAC,БЕОГРАД-ВОЖДОВАЦ,57,2026-09-03T09:00:00+00:00,2026-09-03T11:00:00+02:00,27.2,28.0,28.1,29.3,,,,,27.2,29.0,71.0,0.0,0.0,0.0,27_32,Повишен топлотни стрес,YELLOW,71.0,1,GEFS,,LOW,31,0,EXPERIMENTAL / NOT CALIBRATED,1.0,0.0,DAY,,NOT_APPLICABLE,False,False,,,,,,,,,,0.71,YELLOW,2026-09-03T09:00:00+00:00,2026-09-03T11:00:00+02:00,EXPERIMENTAL / NOT CALIBRATED
70254,BEOGRAD-ČUKARICA,BEOGRAD-ČUKARICA,БЕОГРАД-ЧУКАРИЦА,57,2026-09-03T09:00:00+00:00,2026-09-03T11:00:00+02:00,27.2,28.0,28.1,29.3,,,,,27.2,29.0,71.0,0.0,0.0,0.0,27_32,Повишен топлотни стрес,YELLOW,71.0,1,GEFS,,LOW,31,0,EXPERIMENTAL / NOT CALIBRATED,1.0,0.0,DAY,,NOT_APPLICABLE,False,False,,,,,,,,,,0.71,YELLOW,2026-09-03T09:00:00+00:00,2026-09-03T11:00:00+02:00,EXPERIMENTAL / NOT CALIBRATED
70114,BEOGRAD-VRAČAR,BEOGRAD-VRAČAR,БЕОГРАД-ВРАЧАР,57,2026-09-03T09:00:00+00:00,2026-09-03T11:00:00+02:00,27.2,28.0,28.1,29.3,,,,,27.2,29.0,71.0,0.0,0.0,0.0,27_32,Повишен топлотни стрес,YELLOW,71.0,1,GEFS,,LOW,31,0,EXPERIMENTAL / NOT CALIBRATED,1.0,0.0,DAY,,NOT_APPLICABLE,False,False,,,,,,,,,,0.71,YELLOW,2026-09-03T09:00:00+00:00,2026-09-03T11:00:00+02:00,EXPERIMENTAL / NOT CALIBRATED
70149,BEOGRAD-ZVEZDARA,BEOGRAD-ZVEZDARA,БЕОГРАД-ЗВЕЗДАРА,57,2026-09-03T09:00:00+00:00,2026-09-03T11:00:00+02:00,27.2,28.0,28.1,29.3,,,,,27.2,29.0,71.0,0.0,0.0,0.0,27_32,Повишен топлотни стрес,YELLOW,71.0,1,GEFS,,LOW,31,0,EXPERIMENTAL / NOT CALIBRATED,1.0,0.0,DAY,,NOT_APPLICABLE,False,False,,,,,,,,,,0.71,YELLOW,2026-09-03T09:00:00+00:00,2026-09-03T11:00:00+02:00,EXPERIMENTAL / NOT CALIBRATED
70220,BEOGRAD-SAVSKI VENAC,BEOGRAD-SAVSKI VENAC,БЕОГРАД-САВСКИ ВЕНАЦ,57,2026-09-03T09:00:00+00:00,2026-09-03T11:00:00+02:00,27.2,28.0,28.1,29.3,,,,,27.2,29.0,71.0,0.0,0.0,0.0,27_32,Повишен топлотни стрес,YELLOW,71.0,1,GEFS,,LOW,31,0,EXPERIMENTAL / NOT CALIBRATED,1.0,0.0,DAY,,NOT_APPLICABLE,False,False,,,,,,,,,,0.71,YELLOW,2026-09-03T09:00:00+00:00,2026-09-03T11:00:00+02:00,EXPERIMENTAL / NOT CALIBRATED
70246,BEOGRAD-STARI GRAD,BEOGRAD-STARI GRAD,БЕОГРАД-СТАРИ ГРАД,57,2026-09-03T09:00:00+00:00,2026-09-03T11:00:00+02:00,27.2,28.0,28.1,29.3,,,,,27.2,29.0,71.0,0.0,0.0,0.0,27_32,Повишен топлотни стрес,YELLOW,71.0,1,GEFS,,LOW,31,0,EXPERIMENTAL / NOT CALIBRATED,1.0,0.0,DAY,,NOT_APPLICABLE,False,False,,,,,,,,,,0.71,YELLOW,2026-09-03T09:00:00+00:00,2026-09-03T11:00:00+02:00,EXPERIMENTAL / NOT CALIBRATED
70238,BEOGRAD-SOPOT,BEOGRAD-SOPOT,БЕОГРАД-СОПОТ,57,2026-09-03T09:00:00+00:00,2026-09-03T11:00:00+02:00,27.0,27.7,27.9,30.0,,,,,27.0,51.6,48.4,0.0,0.0,0.0,below_27,Без значајног топлотног стреса,GREEN,51.6,1,GEFS,,LOW,31,0,EXPERIMENTAL / NOT CALIBRATED,1.0,0.0,DAY,,NOT_APPLICABLE,False,False,,,,,,,,,,0.484,GREEN,2026-09-03T09:00:00+00:00,2026-09-03T11:00:00+02:00,EXPERIMENTAL / NOT CALIBRATED
70122,BEOGRAD-GROCKA,BEOGRAD-GROCKA,БЕОГРАД-ГРОЦКА,57,2026-09-03T09:00:00+00:00,2026-09-03T11:00:00+02:00,27.4,28.2,28.4,28.7,,,,,27.4,16.1,83.9,0.0,0.0,0.0,27_32,Повишен топлотни стрес,YELLOW,83.9,1,GEFS,,LOW,31,0,EXPERIMENTAL / NOT CALIBRATED,1.0,0.0,DAY,,NOT_APPLICABLE,False,False,,,,,,,,,,0.839,YELLOW,2026-09-03T09:00:00+00:00,2026-09-03T11:00:00+02:00,EXPERIMENTAL / NOT CALIBRATED
70769,LJIG,LJIG,ЉИГ,57,2026-09-03T09:00:00+00:00,2026-09-03T11:00:00+02:00,26.3,26.9,26.3,34.9,,,,,26.3,96.8,3.2,0.0,0.0,0.0,below_27,Без значајног топлотног стреса,GREEN,96.8,1,GEFS,,LOW,31,0,EXPERIMENTAL / NOT CALIBRATED,1.0,0.0,DAY,,NOT_APPLICABLE,False,False,,,,,,,,,,0.032,GREEN,2026-09-03T09:00:00+00:00,2026-09-03T11:00:00+02:00,EXPERIMENTAL / NOT CALIBRATED
70831,MIONICA,MIONICA,МИОНИЦА,57,2026-09-03T09:00:00+00:00,2026-09-03T11:00:00+02:00,25.9,26.7,25.9,34.8,,,,,25.9,96.8,3.2,0.0,0.0,0.0,below_27,Без значајног топлотног стреса,GREEN,96.8,1,GEFS,,LOW,31,0,EXPERIMENTAL / NOT CALIBRATED,1.0,0.0,DAY,,NOT_APPLICABLE,False,False,,,,,,,,,,0.032,GREEN,2026-09-03T09:00:00+00:00,2026-09-03T11:00:00+02:00,EXPERIMENTAL / NOT CALIBRATED
70360,VALJEVO-GRAD,VALJEVO-GRAD,ВАЉЕВО-ГРАД,57,2026-09-03T09:00:00+00:00,2026-09-03T11:00:00+02:00,25.4,26.6,25.4,34.8,,,,,25.4,96.8,3.2,0.0,0.0,0.0,below_27,Без значајног топлотног стреса,GREEN,96.8,1,GEFS,,LOW,31,0,EXPERIMENTAL / NOT CALIBRATED,1.0,0.0,DAY,,NOT_APPLICABLE,False,False,,,,,,,,,,0.032,GREEN,2026-09-03T09:00:00+00:00,2026-09-03T11:00:00+02:00,EXPERIMENTAL / NOT CALIBRATED
70882,OSEČINA,OSEČINA,ОСЕЧИНА,57,2026-09-03T09:00:00+00:00,2026-09-03T11:00:00+02:00,25.4,26.5,25.4,36.6,,,,,25.4,96.8,3.2,0.0,0.0,0.0,below_27,Без значајног топлотног стреса,GREEN,96.8,1,GEFS,,LOW,31,0,EXPERIMENTAL / NOT CALIBRATED,1.0,0.0,DAY,,NOT_APPLICABLE,False,False,,,,,,,,,,0.032,GREEN,2026-09-03T09:00:00+00:00,2026-09-03T11:00:00+02:00,EXPERIMENTAL / NOT CALIBRATED
70700,LAJKOVAC,LAJKOVAC,ЛАЈКОВАЦ,57,2026-09-03T09:00:00+00:00,2026-09-03T11:00:00+02:00,26.3,26.9,26.3,34.9,,,,,26.3,96.8,3.2,0.0,0.0,0.0,below_27,Без значајног топлотног стреса,GREEN,96.8,1,GEFS,,LOW,31,0,EXPERIMENTAL / NOT CALIBRATED,1.0,0.0,DAY,,NOT_APPLICABLE,False,False,,,,,,,,,,0.032,GREEN,2026-09-03T09:00:00+00:00,2026-09-03T11:00:00+02:00,EXPERIMENTAL / NOT CALIBRATED
71218,UB,UB,УБ,57,2026-09-03T09:00:00+00:00,2026-09-03T11:00:00+02:00,26.9,27.8,27.7,31.2,,,,,26.9,61.3,38.7,0.0,0.0,0.0,below_27,Без значајног топлотног стреса,GREEN,61.3,1,GEFS,,LOW,31,0,EXPERIMENTAL / NOT CALIBRATED,1.0,0.0,DAY,,NOT_APPLICABLE,False,False,,,,,,,,,,0.387,GREEN,2026-09-03T09:00:00+00:00,2026-09-03T11:00:00+02:00,EXPERIMENTAL / NOT CALIBRATED
80152,ZRENJANIN-GRAD,ZRENJANIN-GRAD,ЗРЕЊАНИН-ГРАД,57,2026-09-03T09:00:00+00:00,2026-09-03T11:00:00+02:00,28.1,28.7,29.5,26.3,,,,,28.1,9.7,90.3,0.0,0.0,0.0,27_32,Повишен топлотни стрес,YELLOW,90.3,1,GEFS,,LOW,31,0,EXPERIMENTAL / NOT CALIBRATED,1.0,0.0,DAY,,NOT_APPLICABLE,False,False,,,,,,,,,,0.903,YELLOW,2026-09-03T09:00:00+00:00,2026-09-03T11:00:00+02:00,EXPERIMENTAL / NOT CALIBRATED
80373,SEČANJ,SEČANJ,СЕЧАЊ,57,2026-09-03T09:00:00+00:00,2026-09-03T11:00:00+02:00,28.0,28.9,29.4,26.3,,,,,28.0,3.2,96.8,0.0,0.0,0.0,27_32,Повишен топлотни стрес,YELLOW,96.8,1,GEFS,,LOW,31,0,EXPERIMENTAL / NOT CALIBRATED,1.0,0.0,DAY,,NOT_APPLICABLE,False,False,,,,,,,,,,0.968,YELLOW,2026-09-03T09:00:00+00:00,2026-09-03T11:00:00+02:00,EXPERIMENTAL / NOT CALIBRATED
80144,ŽITIŠTE,ŽITIŠTE,ЖИТИШТЕ,57,2026-09-03T09:00:00+00:00,2026-09-03T11:00:00+02:00,28.0,28.6,29.4,26.6,,,,,28.0,12.9,87.1,0.0,0.0,0.0,27_32,Повишен топлотни стрес,YELLOW,87.1,1,GEFS,,LOW,31,0,EXPERIMENTAL / NOT CALIBRATED,1.0,0.0,DAY,,NOT_APPLICABLE,False,False,,,,,,,,,,0.871,YELLOW,2026-09-03T09:00:00+00:00,2026-09-03T11:00:00+02:00,EXPERIMENTAL / NOT CALIBRATED
80268,NOVI BEČEJ,NOVI BEČEJ,НОВИ БЕЧЕЈ,57,2026-09-03T09:00:00+00:00,2026-09-03T11:00:00+02:00,27.8,28.5,29.2,27.3,,,,,27.8,12.9,87.1,0.0,0.0,0.0,27_32,Повишен топлотни стрес,YELLOW,87.1,1,GEFS,,LOW,31,0,EXPERIMENTAL / NOT CALIBRATED,1.0,0.0,DAY,,NOT_APPLICABLE,False,False,,,,,,,,,,0.871,YELLOW,2026-09-03T09:00:00+00:00,2026-09-03T11:00:00+02:00,EXPERIMENTAL / NOT CALIBRATED
80250,NOVA CRNJA,NOVA CRNJA,НОВА ЦРЊА,57,2026-09-03T09:00:00+00:00,2026-09-03T11:00:00+02:00,27.7,28.4,28.9,27.6,,,,,27.7,19.4,80.6,0.0,0.0,0.0,27_32,Повишен топлотни стрес,YELLOW,80.6,1,GEFS,,LOW,31,0,EXPERIMENTAL / NOT CALIBRATED,1.0,0.0,DAY,,NOT_APPLICABLE,False,False,,,,,,,,,,0.806,YELLOW,2026-09-03T09:00:00+00:00,2026-09-03T11:00:00+02:00,EXPERIMENTAL / NOT CALIBRATED
80322,PEĆINCI,PEĆINCI,ПЕЋИНЦИ,57,2026-09-03T09:00:00+00:00,2026-09-03T11:00:00+02:00,27.5,28.4,28.6,29.8,,,,,27.5,12.9,87.1,0.0,0.0,0.0,27_32,Повишен топлотни стрес,YELLOW,87.1,1,GEFS,,LOW,31,0,EXPERIMENTAL / NOT CALIBRATED,1.0,0.0,DAY,,NOT_APPLICABLE,False,False,,,,,,,,,,0.871,YELLOW,2026-09-03T09:00:00+00:00,2026-09-03T11:00:00+02:00,EXPERIMENTAL / NOT CALIBRATED
80187,IRIG,IRIG,ИРИГ,57,2026-09-03T09:00:00+00:00,2026-09-03T11:00:00+02:00,27.7,28.4,29.0,28.3,,,,,27.7,19.4,80.6,0.0,0.0,0.0,27_32,Повишен топлотни стрес,YELLOW,80.6,1,GEFS,,LOW,31,0,EXPERIMENTAL / NOT CALIBRATED,1.0,0.0,DAY,,NOT_APPLICABLE,False,False,,,,,,,,,,0.806,YELLOW,2026-09-03T09:00:00+00:00,2026-09-03T11:00:00+02:00,EXPERIMENTAL / NOT CALIBRATED
80420,STARA PAZOVA,STARA PAZOVA,СТАРА ПАЗОВА,57,2026-09-03T09:00:00+00:00,2026-09-03T11:00:00+02:00,27.8,28.5,29.1,27.9,,,,,27.8,9.7,90.3,0.0,0.0,0.0,27_32,Повишен топлотни стрес,YELLOW,90.3,1,GEFS,,LOW,31,0,EXPERIMENTAL / NOT CALIBRATED,1.0,0.0,DAY,,NOT_APPLICABLE,False,False,,,,,,,,,,0.903,YELLOW,2026-09-03T09:00:00+00:00,2026-09-03T11:00:00+02:00,EXPERIMENTAL / NOT CALIBRATED
80357,RUMA,RUMA,РУМА,57,2026-09-03T09:00:00+00:00,2026-09-03T11:00:00+02:00,27.7,28.4,29.0,28.3,,,,,27.7,19.4,80.6,0.0,0.0,0.0,27_32,Повишен топлотни стрес,YELLOW,80.6,1,GEFS,,LOW,31,0,EXPERIMENTAL / NOT CALIBRATED,1.0,0.0,DAY,,NOT_APPLICABLE,False,False,,,,,,,,,,0.806,YELLOW,2026-09-03T09:00:00+00:00,2026-09-03T11:00:00+02:00,EXPERIMENTAL / NOT CALIBRATED
80403,SREMSKA MITROVICA-GRAD,SREMSKA MITROVICA-GRAD,СРЕМСКА МИТРОВИЦА-ГРАД,57,2026-09-03T09:00:00+00:00,2026-09-03T11:00:00+02:00,27.6,28.4,28.7,28.6,,,,,27.6,12.9,87.1,0.0,0.0,0.0,27_32,Повишен топлотни стрес,YELLOW,87.1,1,GEFS,,LOW,31,0,EXPERIMENTAL / NOT CALIBRATED,1.0,0.0,DAY,,NOT_APPLICABLE,False,False,,,,,,,,,,0.871,YELLOW,2026-09-03T09:00:00+00:00,2026-09-03T11:00:00+02:00,EXPERIMENTAL / NOT CALIBRATED
80179,INĐIJA,INĐIJA,ИНЂИЈА,57,2026-09-03T09:00:00+00:00,2026-09-03T11:00:00+02:00,27.6,28.4,28.8,28.4,,,,,27.6,12.9,87.1,0.0,0.0,0.0,27_32,Повишен топлотни стрес,YELLOW,87.1,1,GEFS,,LOW,31,0,EXPERIMENTAL / NOT CALIBRATED,1.0,0.0,DAY,,NOT_APPLICABLE,False,False,,,,,,,,,,0.871,YELLOW,2026-09-03T09:00:00+00:00,2026-09-03T11:00:00+02:00,EXPERIMENTAL / NOT CALIBRATED
80497,ŠID,ŠID,ШИД,57,2026-09-03T09:00:00+00:00,2026-09-03T11:00:00+02:00,27.5,28.4,28.6,29.9,,,,,27.5,25.8,74.2,0.0,0.0,0.0,27_32,Повишен топлотни стрес,YELLOW,74.2,1,GEFS,,LOW,31,0,EXPERIMENTAL / NOT CALIBRATED,1.0,0.0,DAY,,NOT_APPLICABLE,False,False,,,,,,,,,,0.742,YELLOW,2026-09-03T09:00:00+00:00,2026-09-03T11:00:00+02:00,EXPERIMENTAL / NOT CALIBRATED
90336,GORA,GORA,ГОРА,57,2026-09-03T09:00:00+00:00,2026-09-03T11:00:00+02:00,23.2,24.3,23.2,37.2,,,,,23.2,100.0,0.0,0.0,0.0,0.0,below_27,Без значајног топлотног стреса,GREEN,100.0,1,GEFS,,LOW,31,0,EXPERIMENTAL / NOT CALIBRATED,1.0,0.0,DAY,,NOT_APPLICABLE,False,False,,,,,,,,,,0.0,GREEN,2026-09-03T09:00:00+00:00,2026-09-03T11:00:00+02:00,EXPERIMENTAL / NOT CALIBRATED
90255,PRIZREN,PRIZREN,ПРИЗРЕН,57,2026-09-03T09:00:00+00:00,2026-09-03T11:00:00+02:00,24.2,26.0,24.2,37.9,,,,,24.2,100.0,0.0,0.0,0.0,0.0,below_27,Без значајног топлотног стреса,GREEN,100.0,1,GEFS,,LOW,31,0,EXPERIMENTAL / NOT CALIBRATED,1.0,0.0,DAY,,NOT_APPLICABLE,False,False,,,,,,,,,,0.0,GREEN,2026-09-03T09:00:00+00:00,2026-09-03T11:00:00+02:00,EXPERIMENTAL / NOT CALIBRATED
90280,SUVA REKA,SUVA REKA,СУВА РЕКА,57,2026-09-03T09:00:00+00:00,2026-09-03T11:00:00+02:00,24.2,26.0,24.2,37.9,,,,,24.2,100.0,0.0,0.0,0.0,0.0,below_27,Без значајног топлотног стреса,GREEN,100.0,1,GEFS,,LOW,31,0,EXPERIMENTAL / NOT CALIBRATED,1.0,0.0,DAY,,NOT_APPLICABLE,False,False,,,,,,,,,,0.0,GREEN,2026-09-03T09:00:00+00:00,2026-09-03T11:00:00+02:00,EXPERIMENTAL / NOT CALIBRATED
90212,ORAHOVAC,ORAHOVAC,ОРАХОВАЦ,57,2026-09-03T09:00:00+00:00,2026-09-03T11:00:00+02:00,26.4,27.1,26.8,33.1,,,,,26.4,71.0,29.0,0.0,0.0,0.0,below_27,Без значајног топлотног стреса,GREEN,71.0,1,GEFS,,LOW,31,0,EXPERIMENTAL / NOT CALIBRATED,1.0,0.0,DAY,,NOT_APPLICABLE,False,False,,,,,,,,,,0.29,GREEN,2026-09-03T09:00:00+00:00,2026-09-03T11:00:00+02:00,EXPERIMENTAL / NOT CALIBRATED
70963,PREŠEVO,PREŠEVO,ПРЕШЕВО,57,2026-09-03T09:00:00+00:00,2026-09-03T11:00:00+02:00,26.3,27.0,26.3,36.0,,,,,26.3,90.3,9.7,0.0,0.0,0.0,below_27,Без значајног топлотног стреса,GREEN,90.3,1,GEFS,,LOW,31,0,EXPERIMENTAL / NOT CALIBRATED,1.0,0.0,DAY,,NOT_APPLICABLE,False,False,,,,,,,,,,0.097,GREEN,2026-09-03T09:00:00+00:00,2026-09-03T11:00:00+02:00,EXPERIMENTAL / NOT CALIBRATED
71161,TRGOVIŠTE,TRGOVIŠTE,ТРГОВИШТЕ,57,2026-09-03T09:00:00+00:00,2026-09-03T11:00:00+02:00,23.5,24.9,23.5,41.8,,,,,23.5,100.0,0.0,0.0,0.0,0.0,below_27,Без значајног топлотног стреса,GREEN,100.0,1,GEFS,,LOW,31,0,EXPERIMENTAL / NOT CALIBRATED,1.0,0.0,DAY,,NOT_APPLICABLE,False,False,,,,,,,,,,0.0,GREEN,2026-09-03T09:00:00+00:00,2026-09-03T11:00:00+02:00,EXPERIMENTAL / NOT CALIBRATED
70335,BOSILEGRAD,BOSILEGRAD,БОСИЛЕГРАД,57,2026-09-03T09:00:00+00:00,2026-09-03T11:00:00+02:00,23.3,24.8,23.3,43.2,,,,,23.3,100.0,0.0,0.0,0.0,0.0,below_27,Без значајног топлотног стреса,GREEN,100.0,1,GEFS,,LOW,31,0,EXPERIMENTAL / NOT CALIBRATED,1.0,0.0,DAY,,NOT_APPLICABLE,False,False,,,,,,,,,,0.0,GREEN,2026-09-03T09:00:00+00:00,2026-09-03T11:00:00+02:00,EXPERIMENTAL / NOT CALIBRATED
70432,VRANJE-GRAD,VRANJE-GRAD,ВРАЊЕ-ГРАД,57,2026-09-03T09:00:00+00:00,2026-09-03T11:00:00+02:00,24.8,26.2,24.8,38.5,,,,,24.8,100.0,0.0,0.0,0.0,0.0,below_27,Без значајног топлотног стреса,GREEN,100.0,1,GEFS,,LOW,31,0,EXPERIMENTAL / NOT CALIBRATED,1.0,0.0,DAY,,NOT_APPLICABLE,False,False,,,,,,,,,,0.0,GREEN,2026-09-03T09:00:00+00:00,2026-09-03T11:00:00+02:00,EXPERIMENTAL / NOT CALIBRATED
71137,SURDULICA,SURDULICA,СУРДУЛИЦА,57,2026-09-03T09:00:00+00:00,2026-09-03T11:00:00+02:00,24.1,25.5,24.1,39.7,,,,,24.1,100.0,0.0,0.0,0.0,0.0,below_27,Без значајног топлотног стреса,GREEN,100.0,1,GEFS,,LOW,31,0,EXPERIMENTAL / NOT CALIBRATED,1.0,0.0,DAY,,NOT_APPLICABLE,False,False,,,,,,,,,,0.0,GREEN,2026-09-03T09:00:00+00:00,2026-09-03T11:00:00+02:00,EXPERIMENTAL / NOT CALIBRATED
70416,VLADIČIN HAN,VLADIČIN HAN,ВЛАДИЧИН ХАН,57,2026-09-03T09:00:00+00:00,2026-09-03T11:00:00+02:00,24.2,25.8,24.2,40.5,,,,,24.2,100.0,0.0,0.0,0.0,0.0,below_27,Без значајног топлотног стреса,GREEN,100.0,1,GEFS,,LOW,31,0,EXPERIMENTAL / NOT CALIBRATED,1.0,0.0,DAY,,NOT_APPLICABLE,False,False,,,,,,,,,,0.0,GREEN,2026-09-03T09:00:00+00:00,2026-09-03T11:00:00+02:00,EXPERIMENTAL / NOT CALIBRATED
70351,BUJANOVAC,BUJANOVAC,БУЈАНОВАЦ,57,2026-09-03T09:00:00+00:00,2026-09-03T11:00:00+02:00,25.9,26.6,25.9,36.2,,,,,25.9,93.5,6.5,0.0,0.0,0.0,below_27,Без значајног топлотног стреса,GREEN,93.5,1,GEFS,,LOW,31,0,EXPERIMENTAL / NOT CALIBRATED,1.0,0.0,DAY,,NOT_APPLICABLE,False,False,,,,,,,,,,0.065,GREEN,2026-09-03T09:00:00+00:00,2026-09-03T11:00:00+02:00,EXPERIMENTAL / NOT CALIBRATED
71226,CRNA TRAVA,CRNA TRAVA,ЦРНА ТРАВА,57,2026-09-03T09:00:00+00:00,2026-09-03T11:00:00+02:00,24.1,25.5,24.1,39.7,,,,,24.1,100.0,0.0,0.0,0.0,0.0,below_27,Без значајног топлотног стреса,GREEN,100.0,1,GEFS,,LOW,31,0,EXPERIMENTAL / NOT CALIBRATED,1.0,0.0,DAY,,NOT_APPLICABLE,False,False,,,,,,,,,,0.0,GREEN,2026-09-03T09:00:00+00:00,2026-09-03T11:00:00+02:00,EXPERIMENTAL / NOT CALIBRATED
70718,LEBANE,LEBANE,ЛЕБАНЕ,57,2026-09-03T09:00:00+00:00,2026-09-03T11:00:00+02:00,25.3,26.5,25.3,37.3,,,,,25.3,100.0,0.0,0.0,0.0,0.0,below_27,Без значајног топлотног стреса,GREEN,100.0,1,GEFS,,LOW,31,0,EXPERIMENTAL / NOT CALIBRATED,1.0,0.0,DAY,,NOT_APPLICABLE,False,False,,,,,,,,,,0.0,GREEN,2026-09-03T09:00:00+00:00,2026-09-03T11:00:00+02:00,EXPERIMENTAL / NOT CALIBRATED
70815,MEDVEĐA,MEDVEĐA,МЕДВЕЂА,57,2026-09-03T09:00:00+00:00,2026-09-03T11:00:00+02:00,25.6,26.4,25.6,34.4,,,,,25.6,96.8,3.2,0.0,0.0,0.0,below_27,Без значајног топлотног стреса,GREEN,96.8,1,GEFS,,LOW,31,0,EXPERIMENTAL / NOT CALIBRATED,1.0,0.0,DAY,,NOT_APPLICABLE,False,False,,,,,,,,,,0.032,GREEN,2026-09-03T09:00:00+00:00,2026-09-03T11:00:00+02:00,EXPERIMENTAL / NOT CALIBRATED
70424,VLASOTINCE,VLASOTINCE,ВЛАСОТИНЦЕ,57,2026-09-03T09:00:00+00:00,2026-09-03T11:00:00+02:00,25.1,26.5,25.1,37.0,,,,,25.1,100.0,0.0,0.0,0.0,0.0,below_27,Без значајног топлотног стреса,GREEN,100.0,1,GEFS,,LOW,31,0,EXPERIMENTAL / NOT CALIBRATED,1.0,0.0,DAY,,NOT_APPLICABLE,False,False,,,,,,,,,,0.0,GREEN,2026-09-03T09:00:00+00:00,2026-09-03T11:00:00+02:00,EXPERIMENTAL / NOT CALIBRATED
70297,BOJNIK,BOJNIK,БОЈНИК,57,2026-09-03T09:00:00+00:00,2026-09-03T11:00:00+02:00,25.3,26.5,25.3,37.3,,,,,25.3,100.0,0.0,0.0,0.0,0.0,below_27,Без значајног топлотног стреса,GREEN,100.0,1,GEFS,,LOW,31,0,EXPERIMENTAL / NOT CALIBRATED,1.0,0.0,DAY,,NOT_APPLICABLE,False,False,,,,,,,,,,0.0,GREEN,2026-09-03T09:00:00+00:00,2026-09-03T11:00:00+02:00,EXPERIMENTAL / NOT CALIBRATED
70726,LESKOVAC-GRAD,LESKOVAC-GRAD,ЛЕСКОВАЦ-ГРАД,57,2026-09-03T09:00:00+00:00,2026-09-03T11:00:00+02:00,25.2,26.5,25.2,38.0,,,,,25.2,100.0,0.0,0.0,0.0,0.0,below_27,Без значајног топлотног стреса,GREEN,100.0,1,GEFS,,LOW,31,0,EXPERIMENTAL / NOT CALIBRATED,1.0,0.0,DAY,,NOT_APPLICABLE,False,False,,,,,,,,,,0.0,GREEN,2026-09-03T09:00:00+00:00,2026-09-03T11:00:00+02:00,EXPERIMENTAL / NOT CALIBRATED
71030,REKOVAC,REKOVAC,РЕКОВАЦ,57,2026-09-03T09:00:00+00:00,2026-09-03T11:00:00+02:00,25.1,26.4,25.1,39.9,,,,,25.1,100.0,0.0,0.0,0.0,0.0,below_27,Без значајног топлотног стреса,GREEN,100.0,1,GEFS,,LOW,31,0,EXPERIMENTAL / NOT CALIBRATED,1.0,0.0,DAY,,NOT_APPLICABLE,False,False,,,,,,,,,,0.0,GREEN,2026-09-03T09:00:00+00:00,2026-09-03T11:00:00+02:00,EXPERIMENTAL / NOT CALIBRATED
70904,PARAĆIN,PARAĆIN,ПАРАЋИН,57,2026-09-03T09:00:00+00:00,2026-09-03T11:00:00+02:00,26.0,27.0,26.0,34.5,,,,,26.0,90.3,9.7,0.0,0.0,0.0,below_27,Без значајног топлотног стреса,GREEN,90.3,1,GEFS,,LOW,31,0,EXPERIMENTAL / NOT CALIBRATED,1.0,0.0,DAY,,NOT_APPLICABLE,False,False,,,,,,,,,,0.097,GREEN,2026-09-03T09:00:00+00:00,2026-09-03T11:00:00+02:00,EXPERIMENTAL / NOT CALIBRATED
71200,ĆUPRIJA,ĆUPRIJA,ЋУПРИЈА,57,2026-09-03T09:00:00+00:00,2026-09-03T11:00:00+02:00,26.2,26.8,26.4,32.1,,,,,26.2,96.8,3.2,0.0,0.0,0.0,below_27,Без значајног топлотног стреса,GREEN,96.8,1,GEFS,,LOW,31,0,EXPERIMENTAL / NOT CALIBRATED,1.0,0.0,DAY,,NOT_APPLICABLE,False,False,,,,,,,,,,0.032,GREEN,2026-09-03T09:00:00+00:00,2026-09-03T11:00:00+02:00,EXPERIMENTAL / NOT CALIBRATED
71048,JAGODINA-GRAD,JAGODINA-GRAD,ЈАГОДИНА-ГРАД,57,2026-09-03T09:00:00+00:00,2026-09-03T11:00:00+02:00,26.7,27.1,27.4,31.1,,,,,26.7,80.6,19.4,0.0,0.0,0.0,below_27,Без значајног топлотног стреса,GREEN,80.6,1,GEFS,,LOW,31,0,EXPERIMENTAL / NOT CALIBRATED,1.0,0.0,DAY,,NOT_APPLICABLE,False,False,,,,,,,,,,0.194,GREEN,2026-09-03T09:00:00+00:00,2026-09-03T11:00:00+02:00,EXPERIMENTAL / NOT CALIBRATED
70491,DESPOTOVAC,DESPOTOVAC,ДЕСПОТОВАЦ,57,2026-09-03T09:00:00+00:00,2026-09-03T11:00:00+02:00,26.2,26.8,26.4,32.1,,,,,26.2,96.8,3.2,0.0,0.0,0.0,below_27,Без значајног топлотног стреса,GREEN,96.8,1,GEFS,,LOW,31,0,EXPERIMENTAL / NOT CALIBRATED,1.0,0.0,DAY,,NOT_APPLICABLE,False,False,,,,,,,,,,0.032,GREEN,2026-09-03T09:00:00+00:00,2026-09-03T11:00:00+02:00,EXPERIMENTAL / NOT CALIBRATED
71056,SVILAJNAC,SVILAJNAC,СВИЛАЈНАЦ,57,2026-09-03T09:00:00+00:00,2026-09-03T11:00:00+02:00,26.9,27.5,27.7,30.0,,,,,26.9,61.3,38.7,0.0,0.0,0.0,below_27,Без значајног топлотног стреса,GREEN,61.3,1,GEFS,,LOW,31,0,EXPERIMENTAL / NOT CALIBRATED,1.0,0.0,DAY,,NOT_APPLICABLE,False,False,,,,,,,,,,0.387,GREEN,2026-09-03T09:00:00+00:00,2026-09-03T11:00:00+02:00,EXPERIMENTAL / NOT CALIBRATED
70386,VELIKA PLANA,VELIKA PLANA,ВЕЛИКА ПЛАНА,57,2026-09-03T09:00:00+00:00,2026-09-03T11:00:00+02:00,27.0,27.7,27.8,30.4,,,,,27.0,51.6,48.4,0.0,0.0,0.0,below_27,Без значајног топлотног стреса,GREEN,51.6,1,GEFS,,LOW,31,0,EXPERIMENTAL / NOT CALIBRATED,1.0,0.0,DAY,,NOT_APPLICABLE,False,False,,,,,,,,,,0.484,GREEN,2026-09-03T09:00:00+00:00,2026-09-03T11:00:00+02:00,EXPERIMENTAL / NOT CALIBRATED
71102,SMEDEREVSKA PALANKA,SMEDEREVSKA PALANKA,СМЕДЕРЕВСКА ПАЛАНКА,57,2026-09-03T09:00:00+00:00,2026-09-03T11:00:00+02:00,27.5,28.0,28.5,28.8,,,,,27.5,22.6,77.4,0.0,0.0,0.0,27_32,Повишен топлотни стрес,YELLOW,77.4,1,GEFS,,LOW,31,0,EXPERIMENTAL / NOT CALIBRATED,1.0,0.0,DAY,,NOT_APPLICABLE,False,False,,,,,,,,,,0.774,YELLOW,2026-09-03T09:00:00+00:00,2026-09-03T11:00:00+02:00,EXPERIMENTAL / NOT CALIBRATED
71099,SMEDEREVO-GRAD,SMEDEREVO-GRAD,СМЕДЕРЕВО-ГРАД,57,2026-09-03T09:00:00+00:00,2026-09-03T11:00:00+02:00,27.5,28.0,28.5,28.8,,,,,27.5,22.6,77.4,0.0,0.0,0.0,27_32,Повишен топлотни стрес,YELLOW,77.4,1,GEFS,,LOW,31,0,EXPERIMENTAL / NOT CALIBRATED,1.0,0.0,DAY,,NOT_APPLICABLE,False,False,,,,,,,,,,0.774,YELLOW,2026-09-03T09:00:00+00:00,2026-09-03T11:00:00+02:00,EXPERIMENTAL / NOT CALIBRATED
70343,BRUS,BRUS,БРУС,57,2026-09-03T09:00:00+00:00,2026-09-03T11:00:00+02:00,23.2,24.1,23.2,40.8,,,,,23.2,100.0,0.0,0.0,0.0,0.0,below_27,Без значајног топлотног стреса,GREEN,100.0,1,GEFS,,LOW,31,0,EXPERIMENTAL / NOT CALIBRATED,1.0,0.0,DAY,,NOT_APPLICABLE,False,False,,,,,,,,,,0.0,GREEN,2026-09-03T09:00:00+00:00,2026-09-03T11:00:00+02:00,EXPERIMENTAL / NOT CALIBRATED
70017,ALEKSANDROVAC,ALEKSANDROVAC,АЛЕКСАНДРОВАЦ,57,2026-09-03T09:00:00+00:00,2026-09-03T11:00:00+02:00,23.3,24.5,23.3,44.7,,,,,23.3,100.0,0.0,0.0,0.0,0.0,below_27,Без значајног топлотног стреса,GREEN,100.0,1,GEFS,,LOW,31,0,EXPERIMENTAL / NOT CALIBRATED,1.0,0.0,DAY,,NOT_APPLICABLE,False,False,,,,,,,,,,0.0,GREEN,2026-09-03T09:00:00+00:00,2026-09-03T11:00:00+02:00,EXPERIMENTAL / NOT CALIBRATED
70670,KRUŠEVAC-GRAD,KRUŠEVAC-GRAD,КРУШЕВАЦ-ГРАД,57,2026-09-03T09:00:00+00:00,2026-09-03T11:00:00+02:00,24.7,26.0,24.7,40.1,,,,,24.7,100.0,0.0,0.0,0.0,0.0,below_27,Без значајног топлотног стреса,GREEN,100.0,1,GEFS,,LOW,31,0,EXPERIMENTAL / NOT CALIBRATED,1.0,0.0,DAY,,NOT_APPLICABLE,False,False,,,,,,,,,,0.0,GREEN,2026-09-03T09:00:00+00:00,2026-09-03T11:00:00+02:00,EXPERIMENTAL / NOT CALIBRATED
71170,TRSTENIK,TRSTENIK,ТРСТЕНИК,57,2026-09-03T09:00:00+00:00,2026-09-03T11:00:00+02:00,25.1,26.4,25.1,39.9,,,,,25.1,100.0,0.0,0.0,0.0,0.0,below_27,Без значајног топлотног стреса,GREEN,100.0,1,GEFS,,LOW,31,0,EXPERIMENTAL / NOT CALIBRATED,1.0,0.0,DAY,,NOT_APPLICABLE,False,False,,,,,,,,,,0.0,GREEN,2026-09-03T09:00:00+00:00,2026-09-03T11:00:00+02:00,EXPERIMENTAL / NOT CALIBRATED
71196,ĆIĆEVAC,ĆIĆEVAC,ЋИЋЕВАЦ,57,2026-09-03T09:00:00+00:00,2026-09-03T11:00:00+02:00,26.0,27.0,26.0,34.5,,,,,26.0,90.3,9.7,0.0,0.0,0.0,below_27,Без значајног топлотног стреса,GREEN,90.3,1,GEFS,,LOW,31,0,EXPERIMENTAL / NOT CALIBRATED,1.0,0.0,DAY,,NOT_APPLICABLE,False,False,,,,,,,,,,0.097,GREEN,2026-09-03T09:00:00+00:00,2026-09-03T11:00:00+02:00,EXPERIMENTAL / NOT CALIBRATED
70378,VARVARIN,VARVARIN,ВАРВАРИН,57,2026-09-03T09:00:00+00:00,2026-09-03T11:00:00+02:00,26.1,27.1,26.1,36.1,,,,,26.1,83.9,16.1,0.0,0.0,0.0,below_27,Без значајног топлотног стреса,GREEN,83.9,1,GEFS,,LOW,31,0,EXPERIMENTAL / NOT CALIBRATED,1.0,0.0,DAY,,NOT_APPLICABLE,False,False,,,,,,,,,,0.161,GREEN,2026-09-03T09:00:00+00:00,2026-09-03T11:00:00+02:00,EXPERIMENTAL / NOT CALIBRATED
80241,MALI IĐOŠ,MALI IĐOŠ,МАЛИ ИЂОШ,57,2026-09-03T09:00:00+00:00,2026-09-03T11:00:00+02:00,27.8,28.6,29.2,26.7,,,,,27.8,19.4,80.6,0.0,0.0,0.0,27_32,Повишен топлотни стрес,YELLOW,80.6,1,GEFS,,LOW,31,0,EXPERIMENTAL / NOT CALIBRATED,1.0,0.0,DAY,,NOT_APPLICABLE,False,False,,,,,,,,,,0.806,YELLOW,2026-09-03T09:00:00+00:00,2026-09-03T11:00:00+02:00,EXPERIMENTAL / NOT CALIBRATED
80071,BAČKA TOPOLA,BAČKA TOPOLA,БАЧКА ТОПОЛА,57,2026-09-03T09:00:00+00:00,2026-09-03T11:00:00+02:00,27.9,28.5,29.1,26.9,,,,,27.9,19.4,80.6,0.0,0.0,0.0,27_32,Повишен топлотни стрес,YELLOW,80.6,1,GEFS,,LOW,31,0,EXPERIMENTAL / NOT CALIBRATED,1.0,0.0,DAY,,NOT_APPLICABLE,False,False,,,,,,,,,,0.806,YELLOW,2026-09-03T09:00:00+00:00,2026-09-03T11:00:00+02:00,EXPERIMENTAL / NOT CALIBRATED
80438,SUBOTICA-GRAD,SUBOTICA-GRAD,СУБОТИЦА-ГРАД,57,2026-09-03T09:00:00+00:00,2026-09-03T11:00:00+02:00,27.3,28.0,28.4,27.5,,,,,27.3,25.8,74.2,0.0,0.0,0.0,27_32,Повишен топлотни стрес,YELLOW,74.2,1,GEFS,,LOW,31,0,EXPERIMENTAL / NOT CALIBRATED,1.0,0.0,DAY,,NOT_APPLICABLE,False,False,,,,,,,,,,0.742,YELLOW,2026-09-03T09:00:00+00:00,2026-09-03T11:00:00+02:00,EXPERIMENTAL / NOT CALIBRATED
80306,ODŽACI,ODŽACI,ОЏАЦИ,57,2026-09-03T09:00:00+00:00,2026-09-03T11:00:00+02:00,27.8,28.5,29.2,27.3,,,,,27.8,6.5,93.5,0.0,0.0,0.0,27_32,Повишен топлотни стрес,YELLOW,93.5,1,GEFS,,LOW,31,0,EXPERIMENTAL / NOT CALIBRATED,1.0,0.0,DAY,,NOT_APPLICABLE,False,False,,,,,,,,,,0.935,YELLOW,2026-09-03T09:00:00+00:00,2026-09-03T11:00:00+02:00,EXPERIMENTAL / NOT CALIBRATED
80047,APATIN,APATIN,АПАТИН,57,2026-09-03T09:00:00+00:00,2026-09-03T11:00:00+02:00,27.5,28.3,28.6,27.7,,,,,27.5,12.9,87.1,0.0,0.0,0.0,27_32,Повишен топлотни стрес,YELLOW,87.1,1,GEFS,,LOW,31,0,EXPERIMENTAL / NOT CALIBRATED,1.0,0.0,DAY,,NOT_APPLICABLE,False,False,,,,,,,,,,0.871,YELLOW,2026-09-03T09:00:00+00:00,2026-09-03T11:00:00+02:00,EXPERIMENTAL / NOT CALIBRATED
80233,KULA,KULA,КУЛА,57,2026-09-03T09:00:00+00:00,2026-09-03T11:00:00+02:00,27.9,28.5,29.1,26.9,,,,,27.9,19.4,80.6,0.0,0.0,0.0,27_32,Повишен топлотни стрес,YELLOW,80.6,1,GEFS,,LOW,31,0,EXPERIMENTAL / NOT CALIBRATED,1.0,0.0,DAY,,NOT_APPLICABLE,False,False,,,,,,,,,,0.806,YELLOW,2026-09-03T09:00:00+00:00,2026-09-03T11:00:00+02:00,EXPERIMENTAL / NOT CALIBRATED
80381,SOMBOR-GRAD,SOMBOR-GRAD,СОМБОР-ГРАД,57,2026-09-03T09:00:00+00:00,2026-09-03T11:00:00+02:00,27.6,28.4,28.9,27.0,,,,,27.6,9.7,90.3,0.0,0.0,0.0,27_32,Повишен топлотни стрес,YELLOW,90.3,1,GEFS,,LOW,31,0,EXPERIMENTAL / NOT CALIBRATED,1.0,0.0,DAY,,NOT_APPLICABLE,False,False,,,,,,,,,,0.903,YELLOW,2026-09-03T09:00:00+00:00,2026-09-03T11:00:00+02:00,EXPERIMENTAL / NOT CALIBRATED
80063,BAČKA PALANKA,BAČKA PALANKA,БАЧКА ПАЛАНКА,57,2026-09-03T09:00:00+00:00,2026-09-03T11:00:00+02:00,27.6,28.3,28.8,27.6,,,,,27.6,12.9,87.1,0.0,0.0,0.0,27_32,Повишен топлотни стрес,YELLOW,87.1,1,GEFS,,LOW,31,0,EXPERIMENTAL / NOT CALIBRATED,1.0,0.0,DAY,,NOT_APPLICABLE,False,False,,,,,,,,,,0.871,YELLOW,2026-09-03T09:00:00+00:00,2026-09-03T11:00:00+02:00,EXPERIMENTAL / NOT CALIBRATED
80055,BAČ,BAČ,БАЧ,57,2026-09-03T09:00:00+00:00,2026-09-03T11:00:00+02:00,27.8,28.5,29.2,27.3,,,,,27.8,6.5,93.5,0.0,0.0,0.0,27_32,Повишен топлотни стрес,YELLOW,93.5,1,GEFS,,LOW,31,0,EXPERIMENTAL / NOT CALIBRATED,1.0,0.0,DAY,,NOT_APPLICABLE,False,False,,,,,,,,,,0.935,YELLOW,2026-09-03T09:00:00+00:00,2026-09-03T11:00:00+02:00,EXPERIMENTAL / NOT CALIBRATED
80390,SRBOBRAN,SRBOBRAN,СРБОБРАН,57,2026-09-03T09:00:00+00:00,2026-09-03T11:00:00+02:00,27.8,28.5,29.1,26.9,,,,,27.8,16.1,83.9,0.0,0.0,0.0,27_32,Повишен топлотни стрес,YELLOW,83.9,1,GEFS,,LOW,31,0,EXPERIMENTAL / NOT CALIBRATED,1.0,0.0,DAY,,NOT_APPLICABLE,False,False,,,,,,,,,,0.839,YELLOW,2026-09-03T09:00:00+00:00,2026-09-03T11:00:00+02:00,EXPERIMENTAL / NOT CALIBRATED
80136,ŽABALJ,ŽABALJ,ЖАБАЉ,57,2026-09-03T09:00:00+00:00,2026-09-03T11:00:00+02:00,28.0,28.6,29.2,26.6,,,,,28.0,12.9,87.1,0.0,0.0,0.0,27_32,Повишен топлотни стрес,YELLOW,87.1,1,GEFS,,LOW,31,0,EXPERIMENTAL / NOT CALIBRATED,1.0,0.0,DAY,,NOT_APPLICABLE,False,False,,,,,,,,,,0.871,YELLOW,2026-09-03T09:00:00+00:00,2026-09-03T11:00:00+02:00,EXPERIMENTAL / NOT CALIBRATED
80462,VRBAS,VRBAS,ВРБАС,57,2026-09-03T09:00:00+00:00,2026-09-03T11:00:00+02:00,27.9,28.6,29.2,26.9,,,,,27.9,16.1,83.9,0.0,0.0,0.0,27_32,Повишен топлотни стрес,YELLOW,83.9,1,GEFS,,LOW,31,0,EXPERIMENTAL / NOT CALIBRATED,1.0,0.0,DAY,,NOT_APPLICABLE,False,False,,,,,,,,,,0.839,YELLOW,2026-09-03T09:00:00+00:00,2026-09-03T11:00:00+02:00,EXPERIMENTAL / NOT CALIBRATED
80411,SREMSKI KARLOVCI,SREMSKI KARLOVCI,СРЕМСКИ КАРЛОВЦИ,57,2026-09-03T09:00:00+00:00,2026-09-03T11:00:00+02:00,27.6,28.3,28.9,28.1,,,,,27.6,12.9,87.1,0.0,0.0,0.0,27_32,Повишен топлотни стрес,YELLOW,87.1,1,GEFS,,LOW,31,0,EXPERIMENTAL / NOT CALIBRATED,1.0,0.0,DAY,,NOT_APPLICABLE,False,False,,,,,,,,,,0.871,YELLOW,2026-09-03T09:00:00+00:00,2026-09-03T11:00:00+02:00,EXPERIMENTAL / NOT CALIBRATED
80101,BEOČIN,BEOČIN,БЕОЧИН,57,2026-09-03T09:00:00+00:00,2026-09-03T11:00:00+02:00,27.5,28.2,28.7,28.4,,,,,27.5,19.4,80.6,0.0,0.0,0.0,27_32,Повишен топлотни стрес,YELLOW,80.6,1,GEFS,,LOW,31,0,EXPERIMENTAL / NOT CALIBRATED,1.0,0.0,DAY,,NOT_APPLICABLE,False,False,,,,,,,,,,0.806,YELLOW,2026-09-03T09:00:00+00:00,2026-09-03T11:00:00+02:00,EXPERIMENTAL / NOT CALIBRATED
80454,TITEL,TITEL,ТИТЕЛ,57,2026-09-03T09:00:00+00:00,2026-09-03T11:00:00+02:00,27.9,28.6,29.2,26.8,,,,,27.9,9.7,90.3,0.0,0.0,0.0,27_32,Повишен топлотни стрес,YELLOW,90.3,1,GEFS,,LOW,31,0,EXPERIMENTAL / NOT CALIBRATED,1.0,0.0,DAY,,NOT_APPLICABLE,False,False,,,,,,,,,,0.903,YELLOW,2026-09-03T09:00:00+00:00,2026-09-03T11:00:00+02:00,EXPERIMENTAL / NOT CALIBRATED
80080,BAČKI PETROVAC,BAČKI PETROVAC,БАЧКИ ПЕТРОВАЦ,57,2026-09-03T09:00:00+00:00,2026-09-03T11:00:00+02:00,27.6,28.3,28.8,27.6,,,,,27.6,12.9,87.1,0.0,0.0,0.0,27_32,Повишен топлотни стрес,YELLOW,87.1,1,GEFS,,LOW,31,0,EXPERIMENTAL / NOT CALIBRATED,1.0,0.0,DAY,,NOT_APPLICABLE,False,False,,,,,,,,,,0.871,YELLOW,2026-09-03T09:00:00+00:00,2026-09-03T11:00:00+02:00,EXPERIMENTAL / NOT CALIBRATED
80284,NOVI SAD-GRAD,NOVI SAD-GRAD,НОВИ САД-ГРАД,57,2026-09-03T09:00:00+00:00,2026-09-03T11:00:00+02:00,27.5,28.2,28.7,28.4,,,,,27.5,19.4,80.6,0.0,0.0,0.0,27_32,Повишен топлотни стрес,YELLOW,80.6,1,GEFS,,LOW,31,0,EXPERIMENTAL / NOT CALIBRATED,1.0,0.0,DAY,,NOT_APPLICABLE,False,False,,,,,,,,,,0.806,YELLOW,2026-09-03T09:00:00+00:00,2026-09-03T11:00:00+02:00,EXPERIMENTAL / NOT CALIBRATED
80446,TEMERIN,TEMERIN,ТЕМЕРИН,57,2026-09-03T09:00:00+00:00,2026-09-03T11:00:00+02:00,27.8,28.5,29.1,26.9,,,,,27.8,16.1,83.9,0.0,0.0,0.0,27_32,Повишен топлотни стрес,YELLOW,83.9,1,GEFS,,LOW,31,0,EXPERIMENTAL / NOT CALIBRATED,1.0,0.0,DAY,,NOT_APPLICABLE,False,False,,,,,,,,,,0.839,YELLOW,2026-09-03T09:00:00+00:00,2026-09-03T11:00:00+02:00,EXPERIMENTAL / NOT CALIBRATED
80110,BEČEJ,BEČEJ,БЕЧЕЈ,57,2026-09-03T09:00:00+00:00,2026-09-03T11:00:00+02:00,27.8,28.6,29.2,26.7,,,,,27.8,12.9,87.1,0.0,0.0,0.0,27_32,Повишен топлотни стрес,YELLOW,87.1,1,GEFS,,LOW,31,0,EXPERIMENTAL / NOT CALIBRATED,1.0,0.0,DAY,,NOT_APPLICABLE,False,False,,,,,,,,,,0.871,YELLOW,2026-09-03T09:00:00+00:00,2026-09-03T11:00:00+02:00,EXPERIMENTAL / NOT CALIBRATED
90271,SRBICA,SRBICA,СРБИЦА,57,2026-09-03T09:00:00+00:00,2026-09-03T11:00:00+02:00,25.9,26.6,25.9,31.3,,,,,25.9,96.8,3.2,0.0,0.0,0.0,below_27,Без значајног топлотног стреса,GREEN,96.8,1,GEFS,,LOW,31,0,EXPERIMENTAL / NOT CALIBRATED,1.0,0.0,DAY,,NOT_APPLICABLE,False,False,,,,,,,,,,0.032,GREEN,2026-09-03T09:00:00+00:00,2026-09-03T11:00:00+02:00,EXPERIMENTAL / NOT CALIBRATED
90026,VUČITRN,VUČITRN,ВУЧИТРН,57,2026-09-03T09:00:00+00:00,2026-09-03T11:00:00+02:00,26.0,26.7,26.0,31.9,,,,,26.0,96.8,3.2,0.0,0.0,0.0,below_27,Без значајног топлотног стреса,GREEN,96.8,1,GEFS,,LOW,31,0,EXPERIMENTAL / NOT CALIBRATED,1.0,0.0,DAY,,NOT_APPLICABLE,False,False,,,,,,,,,,0.032,GREEN,2026-09-03T09:00:00+00:00,2026-09-03T11:00:00+02:00,EXPERIMENTAL / NOT CALIBRATED
90093,ZUBIN POTOK,ZUBIN POTOK,ЗУБИН ПОТОК,57,2026-09-03T09:00:00+00:00,2026-09-03T11:00:00+02:00,23.6,24.9,23.6,39.0,,,,,23.6,100.0,0.0,0.0,0.0,0.0,below_27,Без значајног топлотног стреса,GREEN,100.0,1,GEFS,,LOW,31,0,EXPERIMENTAL / NOT CALIBRATED,1.0,0.0,DAY,,NOT_APPLICABLE,False,False,,,,,,,,,,0.0,GREEN,2026-09-03T09:00:00+00:00,2026-09-03T11:00:00+02:00,EXPERIMENTAL / NOT CALIBRATED
90352,ZVEČAN,ZVEČAN,ЗВЕЧАН,57,2026-09-03T09:00:00+00:00,2026-09-03T11:00:00+02:00,23.6,24.9,23.6,39.0,,,,,23.6,100.0,0.0,0.0,0.0,0.0,below_27,Без значајног топлотног стреса,GREEN,100.0,1,GEFS,,LOW,31,0,EXPERIMENTAL / NOT CALIBRATED,1.0,0.0,DAY,,NOT_APPLICABLE,False,False,,,,,,,,,,0.0,GREEN,2026-09-03T09:00:00+00:00,2026-09-03T11:00:00+02:00,EXPERIMENTAL / NOT CALIBRATED
90298,KOSOVSKA MITROVICA,KOSOVSKA MITROVICA,КОСОВСКА МИТРОВИЦА,57,2026-09-03T09:00:00+00:00,2026-09-03T11:00:00+02:00,23.3,24.3,23.3,42.9,,,,,23.3,100.0,0.0,0.0,0.0,0.0,below_27,Без значајног топлотног стреса,GREEN,100.0,1,GEFS,,LOW,31,0,EXPERIMENTAL / NOT CALIBRATED,1.0,0.0,DAY,,NOT_APPLICABLE,False,False,,,,,,,,,,0.0,GREEN,2026-09-03T09:00:00+00:00,2026-09-03T11:00:00+02:00,EXPERIMENTAL / NOT CALIBRATED
90158,LEPOSAVIĆ,LEPOSAVIĆ,ЛЕПОСАВИЋ,57,2026-09-03T09:00:00+00:00,2026-09-03T11:00:00+02:00,23.6,24.9,23.6,39.0,,,,,23.6,100.0,0.0,0.0,0.0,0.0,below_27,Без значајног топлотног стреса,GREEN,100.0,1,GEFS,,LOW,31,0,EXPERIMENTAL / NOT CALIBRATED,1.0,0.0,DAY,,NOT_APPLICABLE,False,False,,,,,,,,,,0.0,GREEN,2026-09-03T09:00:00+00:00,2026-09-03T11:00:00+02:00,EXPERIMENTAL / NOT CALIBRATED
90085,ĐAKOVICA,ĐAKOVICA,ЂАКОВИЦА,57,2026-09-03T09:00:00+00:00,2026-09-03T11:00:00+02:00,26.4,27.2,26.8,31.1,,,,,26.4,87.1,12.9,0.0,0.0,0.0,below_27,Без значајног топлотног стреса,GREEN,87.1,1,GEFS,,LOW,31,0,EXPERIMENTAL / NOT CALIBRATED,1.0,0.0,DAY,,NOT_APPLICABLE,False,False,,,,,,,,,,0.129,GREEN,2026-09-03T09:00:00+00:00,2026-09-03T11:00:00+02:00,EXPERIMENTAL / NOT CALIBRATED
90123,KLINA,KLINA,КЛИНА,57,2026-09-03T09:00:00+00:00,2026-09-03T11:00:00+02:00,26.4,27.1,26.8,33.1,,,,,26.4,71.0,29.0,0.0,0.0,0.0,below_27,Без значајног топлотног стреса,GREEN,71.0,1,GEFS,,LOW,31,0,EXPERIMENTAL / NOT CALIBRATED,1.0,0.0,DAY,,NOT_APPLICABLE,False,False,,,,,,,,,,0.29,GREEN,2026-09-03T09:00:00+00:00,2026-09-03T11:00:00+02:00,EXPERIMENTAL / NOT CALIBRATED
90239,PEĆ,PEĆ,ПЕЋ,57,2026-09-03T09:00:00+00:00,2026-09-03T11:00:00+02:00,22.4,23.6,22.4,38.0,,,,,22.4,100.0,0.0,0.0,0.0,0.0,below_27,Без значајног топлотног стреса,GREEN,100.0,1,GEFS,,LOW,31,0,EXPERIMENTAL / NOT CALIBRATED,1.0,0.0,DAY,,NOT_APPLICABLE,False,False,,,,,,,,,,0.0,GREEN,2026-09-03T09:00:00+00:00,2026-09-03T11:00:00+02:00,EXPERIMENTAL / NOT CALIBRATED
90107,ISTOK,ISTOK,ИСТОК,57,2026-09-03T09:00:00+00:00,2026-09-03T11:00:00+02:00,24.5,25.7,24.5,33.6,,,,,24.5,100.0,0.0,0.0,0.0,0.0,below_27,Без значајног топлотног стреса,GREEN,100.0,1,GEFS,,LOW,31,0,EXPERIMENTAL / NOT CALIBRATED,1.0,0.0,DAY,,NOT_APPLICABLE,False,False,,,,,,,,,,0.0,GREEN,2026-09-03T09:00:00+00:00,2026-09-03T11:00:00+02:00,EXPERIMENTAL / NOT CALIBRATED
90069,DEČANI,DEČANI,ДЕЧАНИ,57,2026-09-03T09:00:00+00:00,2026-09-03T11:00:00+02:00,25.1,26.1,25.1,33.2,,,,,25.1,100.0,0.0,0.0,0.0,0.0,below_27,Без значајног топлотног стреса,GREEN,100.0,1,GEFS,,LOW,31,0,EXPERIMENTAL / NOT CALIBRATED,1.0,0.0,DAY,,NOT_APPLICABLE,False,False,,,,,,,,,,0.0,GREEN,2026-09-03T09:00:00+00:00,2026-09-03T11:00:00+02:00,EXPERIMENTAL / NOT CALIBRATED
90018,VITINA,VITINA,ВИТИНА,57,2026-09-03T09:00:00+00:00,2026-09-03T11:00:00+02:00,25.7,26.7,25.7,36.3,,,,,25.7,100.0,0.0,0.0,0.0,0.0,below_27,Без значајног топлотног стреса,GREEN,100.0,1,GEFS,,LOW,31,0,EXPERIMENTAL / NOT CALIBRATED,1.0,0.0,DAY,,NOT_APPLICABLE,False,False,,,,,,,,,,0.0,GREEN,2026-09-03T09:00:00+00:00,2026-09-03T11:00:00+02:00,EXPERIMENTAL / NOT CALIBRATED
90042,GNJILANE,GNJILANE,ГЊИЛАНЕ,57,2026-09-03T09:00:00+00:00,2026-09-03T11:00:00+02:00,26.0,26.6,26.0,34.9,,,,,26.0,93.5,6.5,0.0,0.0,0.0,below_27,Без значајног топлотног стреса,GREEN,93.5,1,GEFS,,LOW,31,0,EXPERIMENTAL / NOT CALIBRATED,1.0,0.0,DAY,,NOT_APPLICABLE,False,False,,,,,,,,,,0.065,GREEN,2026-09-03T09:00:00+00:00,2026-09-03T11:00:00+02:00,EXPERIMENTAL / NOT CALIBRATED
90140,KOSOVSKA KAMENICA,KOSOVSKA KAMENICA,КОСОВСКА КАМЕНИЦА,57,2026-09-03T09:00:00+00:00,2026-09-03T11:00:00+02:00,26.0,26.6,26.0,34.9,,,,,26.0,93.5,6.5,0.0,0.0,0.0,below_27,Без значајног топлотног стреса,GREEN,93.5,1,GEFS,,LOW,31,0,EXPERIMENTAL / NOT CALIBRATED,1.0,0.0,DAY,,NOT_APPLICABLE,False,False,,,,,,,,,,0.065,GREEN,2026-09-03T09:00:00+00:00,2026-09-03T11:00:00+02:00,EXPERIMENTAL / NOT CALIBRATED
90182,NOVO BRDO,NOVO BRDO,НОВО БРДО,57,2026-09-03T09:00:00+00:00,2026-09-03T11:00:00+02:00,26.0,26.6,26.0,34.9,,,,,26.0,93.5,6.5,0.0,0.0,0.0,below_27,Без значајног топлотног стреса,GREEN,93.5,1,GEFS,,LOW,31,0,EXPERIMENTAL / NOT CALIBRATED,1.0,0.0,DAY,,NOT_APPLICABLE,False,False,,,,,,,,,,0.065,GREEN,2026-09-03T09:00:00+00:00,2026-09-03T11:00:00+02:00,EXPERIMENTAL / NOT CALIBRATED
71072,SJENICA,SJENICA,СЈЕНИЦА,57,2026-09-03T09:00:00+00:00,2026-09-03T11:00:00+02:00,22.0,22.8,22.0,38.3,,,,,22.0,100.0,0.0,0.0,0.0,0.0,below_27,Без значајног топлотног стреса,GREEN,100.0,1,GEFS,,LOW,31,0,EXPERIMENTAL / NOT CALIBRATED,1.0,0.0,DAY,,NOT_APPLICABLE,False,False,,,,,,,,,,0.0,GREEN,2026-09-03T09:00:00+00:00,2026-09-03T11:00:00+02:00,EXPERIMENTAL / NOT CALIBRATED
70980,PRIJEPOLJE,PRIJEPOLJE,ПРИЈЕПОЉЕ,57,2026-09-03T09:00:00+00:00,2026-09-03T11:00:00+02:00,22.1,23.1,22.1,38.9,,,,,22.1,100.0,0.0,0.0,0.0,0.0,below_27,Без значајног топлотног стреса,GREEN,100.0,1,GEFS,,LOW,31,0,EXPERIMENTAL / NOT CALIBRATED,1.0,0.0,DAY,,NOT_APPLICABLE,False,False,,,,,,,,,,0.0,GREEN,2026-09-03T09:00:00+00:00,2026-09-03T11:00:00+02:00,EXPERIMENTAL / NOT CALIBRATED
70866,NOVA VAROŠ,NOVA VAROŠ,НОВА ВАРОШ,57,2026-09-03T09:00:00+00:00,2026-09-03T11:00:00+02:00,22.8,23.7,22.8,38.4,,,,,22.8,100.0,0.0,0.0,0.0,0.0,below_27,Без значајног топлотног стреса,GREEN,100.0,1,GEFS,,LOW,31,0,EXPERIMENTAL / NOT CALIBRATED,1.0,0.0,DAY,,NOT_APPLICABLE,False,False,,,,,,,,,,0.0,GREEN,2026-09-03T09:00:00+00:00,2026-09-03T11:00:00+02:00,EXPERIMENTAL / NOT CALIBRATED
70971,PRIBOJ,PRIBOJ,ПРИБОЈ,57,2026-09-03T09:00:00+00:00,2026-09-03T11:00:00+02:00,23.3,24.1,23.3,37.1,,,,,23.3,100.0,0.0,0.0,0.0,0.0,below_27,Без значајног топлотног стреса,GREEN,100.0,1,GEFS,,LOW,31,0,EXPERIMENTAL / NOT CALIBRATED,1.0,0.0,DAY,,NOT_APPLICABLE,False,False,,,,,,,,,,0.0,GREEN,2026-09-03T09:00:00+00:00,2026-09-03T11:00:00+02:00,EXPERIMENTAL / NOT CALIBRATED
70041,ARILJE,ARILJE,АРИЉЕ,57,2026-09-03T09:00:00+00:00,2026-09-03T11:00:00+02:00,24.3,25.5,24.3,36.1,,,,,24.3,100.0,0.0,0.0,0.0,0.0,below_27,Без значајног топлотног стреса,GREEN,100.0,1,GEFS,,LOW,31,0,EXPERIMENTAL / NOT CALIBRATED,1.0,0.0,DAY,,NOT_APPLICABLE,False,False,,,,,,,,,,0.0,GREEN,2026-09-03T09:00:00+00:00,2026-09-03T11:00:00+02:00,EXPERIMENTAL / NOT CALIBRATED
71234,ČAJETINA,ČAJETINA,ЧАЈЕТИНА,57,2026-09-03T09:00:00+00:00,2026-09-03T11:00:00+02:00,23.9,25.1,23.9,37.4,,,,,23.9,100.0,0.0,0.0,0.0,0.0,below_27,Без значајног топлотног стреса,GREEN,100.0,1,GEFS,,LOW,31,0,EXPERIMENTAL / NOT CALIBRATED,1.0,0.0,DAY,,NOT_APPLICABLE,False,False,,,,,,,,,,0.0,GREEN,2026-09-03T09:00:00+00:00,2026-09-03T11:00:00+02:00,EXPERIMENTAL / NOT CALIBRATED
71145,UŽICE-GRAD,UŽICE-GRAD,УЖИЦЕ-ГРАД,57,2026-09-03T09:00:00+00:00,2026-09-03T11:00:00+02:00,23.9,25.1,23.9,37.4,,,,,23.9,100.0,0.0,0.0,0.0,0.0,below_27,Без значајног топлотног стреса,GREEN,100.0,1,GEFS,,LOW,31,0,EXPERIMENTAL / NOT CALIBRATED,1.0,0.0,DAY,,NOT_APPLICABLE,False,False,,,,,,,,,,0.0,GREEN,2026-09-03T09:00:00+00:00,2026-09-03T11:00:00+02:00,EXPERIMENTAL / NOT CALIBRATED
70955,POŽEGA,POŽEGA,ПОЖЕГА,57,2026-09-03T09:00:00+00:00,2026-09-03T11:00:00+02:00,25.2,26.5,25.2,34.7,,,,,25.2,100.0,0.0,0.0,0.0,0.0,below_27,Без значајног топлотног стреса,GREEN,100.0,1,GEFS,,LOW,31,0,EXPERIMENTAL / NOT CALIBRATED,1.0,0.0,DAY,,NOT_APPLICABLE,False,False,,,,,,,,,,0.0,GREEN,2026-09-03T09:00:00+00:00,2026-09-03T11:00:00+02:00,EXPERIMENTAL / NOT CALIBRATED
70629,KOSJERIĆ,KOSJERIĆ,КОСЈЕРИЋ,57,2026-09-03T09:00:00+00:00,2026-09-03T11:00:00+02:00,24.8,26.2,24.8,35.4,,,,,24.8,100.0,0.0,0.0,0.0,0.0,below_27,Без значајног топлотног стреса,GREEN,100.0,1,GEFS,,LOW,31,0,EXPERIMENTAL / NOT CALIBRATED,1.0,0.0,DAY,,NOT_APPLICABLE,False,False,,,,,,,,,,0.0,GREEN,2026-09-03T09:00:00+00:00,2026-09-03T11:00:00+02:00,EXPERIMENTAL / NOT CALIBRATED
70068,BAJINA BAŠTA,BAJINA BAŠTA,БАЈИНА БАШТА,57,2026-09-03T09:00:00+00:00,2026-09-03T11:00:00+02:00,24.2,25.6,24.2,38.1,,,,,24.2,100.0,0.0,0.0,0.0,0.0,below_27,Без значајног топлотног стреса,GREEN,100.0,1,GEFS,,LOW,31,0,EXPERIMENTAL / NOT CALIBRATED,1.0,0.0,DAY,,NOT_APPLICABLE,False,False,,,,,,,,,,0.0,GREEN,2026-09-03T09:00:00+00:00,2026-09-03T11:00:00+02:00,EXPERIMENTAL / NOT CALIBRATED
90115,KAČANIK,KAČANIK,КАЧАНИК,57,2026-09-03T09:00:00+00:00,2026-09-03T11:00:00+02:00,24.9,26.3,24.9,37.0,,,,,24.9,100.0,0.0,0.0,0.0,0.0,below_27,Без значајног топлотног стреса,GREEN,100.0,1,GEFS,,LOW,31,0,EXPERIMENTAL / NOT CALIBRATED,1.0,0.0,DAY,,NOT_APPLICABLE,False,False,,,,,,,,,,0.0,GREEN,2026-09-03T09:00:00+00:00,2026-09-03T11:00:00+02:00,EXPERIMENTAL / NOT CALIBRATED
90301,UROŠEVAC,UROŠEVAC,УРОШЕВАЦ,57,2026-09-03T09:00:00+00:00,2026-09-03T11:00:00+02:00,24.9,26.3,24.9,37.0,,,,,24.9,100.0,0.0,0.0,0.0,0.0,below_27,Без значајног топлотног стреса,GREEN,100.0,1,GEFS,,LOW,31,0,EXPERIMENTAL / NOT CALIBRATED,1.0,0.0,DAY,,NOT_APPLICABLE,False,False,,,,,,,,,,0.0,GREEN,2026-09-03T09:00:00+00:00,2026-09-03T11:00:00+02:00,EXPERIMENTAL / NOT CALIBRATED
90263,PRIŠTINA-GRAD,PRIŠTINA-GRAD,ПРИШТИНА-ГРАД,57,2026-09-03T09:00:00+00:00,2026-09-03T11:00:00+02:00,26.0,26.6,26.0,33.0,,,,,26.0,96.8,3.2,0.0,0.0,0.0,below_27,Без значајног топлотног стреса,GREEN,96.8,1,GEFS,,LOW,31,0,EXPERIMENTAL / NOT CALIBRATED,1.0,0.0,DAY,,NOT_APPLICABLE,False,False,,,,,,,,,,0.032,GREEN,2026-09-03T09:00:00+00:00,2026-09-03T11:00:00+02:00,EXPERIMENTAL / NOT CALIBRATED
90328,ŠTRPCE,ŠTRPCE,ШТРПЦЕ,57,2026-09-03T09:00:00+00:00,2026-09-03T11:00:00+02:00,23.9,25.7,23.9,39.2,,,,,23.9,100.0,0.0,0.0,0.0,0.0,below_27,Без значајног топлотног стреса,GREEN,100.0,1,GEFS,,LOW,31,0,EXPERIMENTAL / NOT CALIBRATED,1.0,0.0,DAY,,NOT_APPLICABLE,False,False,,,,,,,,,,0.0,GREEN,2026-09-03T09:00:00+00:00,2026-09-03T11:00:00+02:00,EXPERIMENTAL / NOT CALIBRATED
90310,ŠTIMLJE,ŠTIMLJE,ШТИМЉЕ,57,2026-09-03T09:00:00+00:00,2026-09-03T11:00:00+02:00,26.1,27.0,26.1,33.4,,,,,26.1,87.1,12.9,0.0,0.0,0.0,below_27,Без значајног топлотног стреса,GREEN,87.1,1,GEFS,,LOW,31,0,EXPERIMENTAL / NOT CALIBRATED,1.0,0.0,DAY,,NOT_APPLICABLE,False,False,,,,,,,,,,0.129,GREEN,2026-09-03T09:00:00+00:00,2026-09-03T11:00:00+02:00,EXPERIMENTAL / NOT CALIBRATED
90166,LIPLJAN,LIPLJAN,ЛИПЉАН,57,2026-09-03T09:00:00+00:00,2026-09-03T11:00:00+02:00,25.9,26.9,25.9,33.5,,,,,25.9,96.8,3.2,0.0,0.0,0.0,below_27,Без значајног топлотног стреса,GREEN,96.8,1,GEFS,,LOW,31,0,EXPERIMENTAL / NOT CALIBRATED,1.0,0.0,DAY,,NOT_APPLICABLE,False,False,,,,,,,,,,0.032,GREEN,2026-09-03T09:00:00+00:00,2026-09-03T11:00:00+02:00,EXPERIMENTAL / NOT CALIBRATED
90131,KOSOVO POLJE,KOSOVO POLJE,КОСОВО ПОЉЕ,57,2026-09-03T09:00:00+00:00,2026-09-03T11:00:00+02:00,26.1,27.0,26.1,33.4,,,,,26.1,87.1,12.9,0.0,0.0,0.0,below_27,Без значајног топлотног стреса,GREEN,87.1,1,GEFS,,LOW,31,0,EXPERIMENTAL / NOT CALIBRATED,1.0,0.0,DAY,,NOT_APPLICABLE,False,False,,,,,,,,,,0.129,GREEN,2026-09-03T09:00:00+00:00,2026-09-03T11:00:00+02:00,EXPERIMENTAL / NOT CALIBRATED
90034,GLOGOVAC,GLOGOVAC,ГЛОГОВАЦ,57,2026-09-03T09:00:00+00:00,2026-09-03T11:00:00+02:00,26.1,27.0,26.1,33.4,,,,,26.1,87.1,12.9,0.0,0.0,0.0,below_27,Без значајног топлотног стреса,GREEN,87.1,1,GEFS,,LOW,31,0,EXPERIMENTAL / NOT CALIBRATED,1.0,0.0,DAY,,NOT_APPLICABLE,False,False,,,,,,,,,,0.129,GREEN,2026-09-03T09:00:00+00:00,2026-09-03T11:00:00+02:00,EXPERIMENTAL / NOT CALIBRATED
90204,OBILIĆ,OBILIĆ,ОБИЛИЋ,57,2026-09-03T09:00:00+00:00,2026-09-03T11:00:00+02:00,26.0,26.7,26.0,31.9,,,,,26.0,96.8,3.2,0.0,0.0,0.0,below_27,Без значајног топлотног стреса,GREEN,96.8,1,GEFS,,LOW,31,0,EXPERIMENTAL / NOT CALIBRATED,1.0,0.0,DAY,,NOT_APPLICABLE,False,False,,,,,,,,,,0.032,GREEN,2026-09-03T09:00:00+00:00,2026-09-03T11:00:00+02:00,EXPERIMENTAL / NOT CALIBRATED
90247,PODUJEVO,PODUJEVO,ПОДУЈЕВО,57,2026-09-03T09:00:00+00:00,2026-09-03T11:00:00+02:00,23.5,24.6,23.5,43.7,,,,,23.5,100.0,0.0,0.0,0.0,0.0,below_27,Без значајног топлотног стреса,GREEN,100.0,1,GEFS,,LOW,31,0,EXPERIMENTAL / NOT CALIBRATED,1.0,0.0,DAY,,NOT_APPLICABLE,False,False,,,,,,,,,,0.0,GREEN,2026-09-03T09:00:00+00:00,2026-09-03T11:00:00+02:00,EXPERIMENTAL / NOT CALIBRATED
71188,TUTIN,TUTIN,ТУТИН,57,2026-09-03T09:00:00+00:00,2026-09-03T11:00:00+02:00,22.3,23.0,22.3,40.9,,,,,22.3,100.0,0.0,0.0,0.0,0.0,below_27,Без значајног топлотног стреса,GREEN,100.0,1,GEFS,,LOW,31,0,EXPERIMENTAL / NOT CALIBRATED,1.0,0.0,DAY,,NOT_APPLICABLE,False,False,,,,,,,,,,0.0,GREEN,2026-09-03T09:00:00+00:00,2026-09-03T11:00:00+02:00,EXPERIMENTAL / NOT CALIBRATED
70874,NOVI PAZAR-GRAD,NOVI PAZAR-GRAD,НОВИ ПАЗАР-ГРАД,57,2026-09-03T09:00:00+00:00,2026-09-03T11:00:00+02:00,22.1,23.1,22.1,44.3,,,,,22.1,100.0,0.0,0.0,0.0,0.0,below_27,Без значајног топлотног стреса,GREEN,100.0,1,GEFS,,LOW,31,0,EXPERIMENTAL / NOT CALIBRATED,1.0,0.0,DAY,,NOT_APPLICABLE,False,False,,,,,,,,,,0.0,GREEN,2026-09-03T09:00:00+00:00,2026-09-03T11:00:00+02:00,EXPERIMENTAL / NOT CALIBRATED
71021,RAŠKA,RAŠKA,РАШКА,57,2026-09-03T09:00:00+00:00,2026-09-03T11:00:00+02:00,22.2,23.1,22.2,46.6,,,,,22.2,100.0,0.0,0.0,0.0,0.0,below_27,Без значајног топлотног стреса,GREEN,100.0,1,GEFS,,LOW,31,0,EXPERIMENTAL / NOT CALIBRATED,1.0,0.0,DAY,,NOT_APPLICABLE,False,False,,,,,,,,,,0.0,GREEN,2026-09-03T09:00:00+00:00,2026-09-03T11:00:00+02:00,EXPERIMENTAL / NOT CALIBRATED
70459,VRNJAČKA BANJA,VRNJAČKA BANJA,ВРЊАЧКА БАЊА,57,2026-09-03T09:00:00+00:00,2026-09-03T11:00:00+02:00,23.0,24.0,23.0,42.6,,,,,23.0,100.0,0.0,0.0,0.0,0.0,below_27,Без значајног топлотног стреса,GREEN,100.0,1,GEFS,,LOW,31,0,EXPERIMENTAL / NOT CALIBRATED,1.0,0.0,DAY,,NOT_APPLICABLE,False,False,,,,,,,,,,0.0,GREEN,2026-09-03T09:00:00+00:00,2026-09-03T11:00:00+02:00,EXPERIMENTAL / NOT CALIBRATED
70653,KRALJEVO-GRAD,KRALJEVO-GRAD,КРАЉЕВО-ГРАД,57,2026-09-03T09:00:00+00:00,2026-09-03T11:00:00+02:00,24.8,25.9,24.8,39.2,,,,,24.8,100.0,0.0,0.0,0.0,0.0,below_27,Без значајног топлотног стреса,GREEN,100.0,1,GEFS,,LOW,31,0,EXPERIMENTAL / NOT CALIBRATED,1.0,0.0,DAY,,NOT_APPLICABLE,False,False,,,,,,,,,,0.0,GREEN,2026-09-03T09:00:00+00:00,2026-09-03T11:00:00+02:00,EXPERIMENTAL / NOT CALIBRATED
70050,BABUŠNICA,BABUŠNICA,БАБУШНИЦА,57,2026-09-03T09:00:00+00:00,2026-09-03T11:00:00+02:00,25.3,26.3,25.3,35.5,,,,,25.3,100.0,0.0,0.0,0.0,0.0,below_27,Без значајног топлотног стреса,GREEN,100.0,1,GEFS,,LOW,31,0,EXPERIMENTAL / NOT CALIBRATED,1.0,0.0,DAY,,NOT_APPLICABLE,False,False,,,,,,,,,,0.0,GREEN,2026-09-03T09:00:00+00:00,2026-09-03T11:00:00+02:00,EXPERIMENTAL / NOT CALIBRATED
70505,DIMITROVGRAD,DIMITROVGRAD,ДИМИТРОВГРАД,57,2026-09-03T09:00:00+00:00,2026-09-03T11:00:00+02:00,25.5,26.4,25.5,33.6,,,,,25.5,100.0,0.0,0.0,0.0,0.0,below_27,Без значајног топлотног стреса,GREEN,100.0,1,GEFS,,LOW,31,0,EXPERIMENTAL / NOT CALIBRATED,1.0,0.0,DAY,,NOT_APPLICABLE,False,False,,,,,,,,,,0.0,GREEN,2026-09-03T09:00:00+00:00,2026-09-03T11:00:00+02:00,EXPERIMENTAL / NOT CALIBRATED
70084,BELA PALANKA,BELA PALANKA,БЕЛА ПАЛАНКА,57,2026-09-03T09:00:00+00:00,2026-09-03T11:00:00+02:00,26.1,26.6,26.1,35.4,,,,,26.1,100.0,0.0,0.0,0.0,0.0,below_27,Без значајног топлотног стреса,GREEN,100.0,1,GEFS,,LOW,31,0,EXPERIMENTAL / NOT CALIBRATED,1.0,0.0,DAY,,NOT_APPLICABLE,False,False,,,,,,,,,,0.0,GREEN,2026-09-03T09:00:00+00:00,2026-09-03T11:00:00+02:00,EXPERIMENTAL / NOT CALIBRATED
70939,PIROT,PIROT,ПИРОТ,57,2026-09-03T09:00:00+00:00,2026-09-03T11:00:00+02:00,25.4,26.2,25.4,33.9,,,,,25.4,100.0,0.0,0.0,0.0,0.0,below_27,Без значајног топлотног стреса,GREEN,100.0,1,GEFS,,LOW,31,0,EXPERIMENTAL / NOT CALIBRATED,1.0,0.0,DAY,,NOT_APPLICABLE,False,False,,,,,,,,,,0.0,GREEN,2026-09-03T09:00:00+00:00,2026-09-03T11:00:00+02:00,EXPERIMENTAL / NOT CALIBRATED
70467,GADŽIN HAN,GADŽIN HAN,ГАЏИН ХАН,57,2026-09-03T09:00:00+00:00,2026-09-03T11:00:00+02:00,26.1,26.6,26.1,36.8,,,,,26.1,96.8,3.2,0.0,0.0,0.0,below_27,Без значајног топлотног стреса,GREEN,96.8,1,GEFS,,LOW,31,0,EXPERIMENTAL / NOT CALIBRATED,1.0,0.0,DAY,,NOT_APPLICABLE,False,False,,,,,,,,,,0.032,GREEN,2026-09-03T09:00:00+00:00,2026-09-03T11:00:00+02:00,EXPERIMENTAL / NOT CALIBRATED
70513,DOLJEVAC,DOLJEVAC,ДОЉЕВАЦ,57,2026-09-03T09:00:00+00:00,2026-09-03T11:00:00+02:00,25.8,26.6,25.8,35.8,,,,,25.8,96.8,3.2,0.0,0.0,0.0,below_27,Без значајног топлотног стреса,GREEN,96.8,1,GEFS,,LOW,31,0,EXPERIMENTAL / NOT CALIBRATED,1.0,0.0,DAY,,NOT_APPLICABLE,False,False,,,,,,,,,,0.032,GREEN,2026-09-03T09:00:00+00:00,2026-09-03T11:00:00+02:00,EXPERIMENTAL / NOT CALIBRATED
71331,NIŠ-MEDIANA,NIŠ-MEDIANA,НИШ-МЕДИАНА,57,2026-09-03T09:00:00+00:00,2026-09-03T11:00:00+02:00,26.1,26.6,26.1,36.8,,,,,26.1,96.8,3.2,0.0,0.0,0.0,below_27,Без значајног топлотног стреса,GREEN,96.8,1,GEFS,,LOW,31,0,EXPERIMENTAL / NOT CALIBRATED,1.0,0.0,DAY,,NOT_APPLICABLE,False,False,,,,,,,,,,0.032,GREEN,2026-09-03T09:00:00+00:00,2026-09-03T11:00:00+02:00,EXPERIMENTAL / NOT CALIBRATED
71323,NIŠ-PALILULA,NIŠ-PALILULA,НИШ-ПАЛИЛУЛА,57,2026-09-03T09:00:00+00:00,2026-09-03T11:00:00+02:00,25.8,26.6,25.8,35.8,,,,,25.8,96.8,3.2,0.0,0.0,0.0,below_27,Без значајног топлотног стреса,GREEN,96.8,1,GEFS,,LOW,31,0,EXPERIMENTAL / NOT CALIBRATED,1.0,0.0,DAY,,NOT_APPLICABLE,False,False,,,,,,,,,,0.032,GREEN,2026-09-03T09:00:00+00:00,2026-09-03T11:00:00+02:00,EXPERIMENTAL / NOT CALIBRATED
71285,NIŠ-NIŠKA BANJA,NIŠ-NIŠKA BANJA,НИШ-НИШКА БАЊА,57,2026-09-03T09:00:00+00:00,2026-09-03T11:00:00+02:00,26.1,26.6,26.1,36.8,,,,,26.1,96.8,3.2,0.0,0.0,0.0,below_27,Без значајног топлотног стреса,GREEN,96.8,1,GEFS,,LOW,31,0,EXPERIMENTAL / NOT CALIBRATED,1.0,0.0,DAY,,NOT_APPLICABLE,False,False,,,,,,,,,,0.032,GREEN,2026-09-03T09:00:00+00:00,2026-09-03T11:00:00+02:00,EXPERIMENTAL / NOT CALIBRATED
70823,MEROŠINA,MEROŠINA,МЕРОШИНА,57,2026-09-03T09:00:00+00:00,2026-09-03T11:00:00+02:00,25.8,26.6,25.8,35.8,,,,,25.8,96.8,3.2,0.0,0.0,0.0,below_27,Без значајног топлотног стреса,GREEN,96.8,1,GEFS,,LOW,31,0,EXPERIMENTAL / NOT CALIBRATED,1.0,0.0,DAY,,NOT_APPLICABLE,False,False,,,,,,,,,,0.032,GREEN,2026-09-03T09:00:00+00:00,2026-09-03T11:00:00+02:00,EXPERIMENTAL / NOT CALIBRATED
71307,NIŠ-PANTELEJ,NIŠ-PANTELEJ,НИШ-ПАНТЕЛЕЈ,57,2026-09-03T09:00:00+00:00,2026-09-03T11:00:00+02:00,26.1,26.6,26.1,36.8,,,,,26.1,96.8,3.2,0.0,0.0,0.0,below_27,Без значајног топлотног стреса,GREEN,96.8,1,GEFS,,LOW,31,0,EXPERIMENTAL / NOT CALIBRATED,1.0,0.0,DAY,,NOT_APPLICABLE,False,False,,,,,,,,,,0.032,GREEN,2026-09-03T09:00:00+00:00,2026-09-03T11:00:00+02:00,EXPERIMENTAL / NOT CALIBRATED
71315,NIŠ-CRVENI KRST,NIŠ-CRVENI KRST,НИШ-ЦРВЕНИ КРСТ,57,2026-09-03T09:00:00+00:00,2026-09-03T11:00:00+02:00,25.6,26.6,25.6,36.3,,,,,25.6,96.8,3.2,0.0,0.0,0.0,below_27,Без значајног топлотног стреса,GREEN,96.8,1,GEFS,,LOW,31,0,EXPERIMENTAL / NOT CALIBRATED,1.0,0.0,DAY,,NOT_APPLICABLE,False,False,,,,,,,,,,0.032,GREEN,2026-09-03T09:00:00+00:00,2026-09-03T11:00:00+02:00,EXPERIMENTAL / NOT CALIBRATED
71064,SVRLJIG,SVRLJIG,СВРЉИГ,57,2026-09-03T09:00:00+00:00,2026-09-03T11:00:00+02:00,26.2,26.6,26.3,31.7,,,,,26.2,96.8,3.2,0.0,0.0,0.0,below_27,Без значајног топлотног стреса,GREEN,96.8,1,GEFS,,LOW,31,0,EXPERIMENTAL / NOT CALIBRATED,1.0,0.0,DAY,,NOT_APPLICABLE,False,False,,,,,,,,,,0.032,GREEN,2026-09-03T09:00:00+00:00,2026-09-03T11:00:00+02:00,EXPERIMENTAL / NOT CALIBRATED
70025,ALEKSINAC,ALEKSINAC,АЛЕКСИНАЦ,57,2026-09-03T09:00:00+00:00,2026-09-03T11:00:00+02:00,25.6,26.6,25.6,36.3,,,,,25.6,96.8,3.2,0.0,0.0,0.0,below_27,Без значајног топлотног стреса,GREEN,96.8,1,GEFS,,LOW,31,0,EXPERIMENTAL / NOT CALIBRATED,1.0,0.0,DAY,,NOT_APPLICABLE,False,False,,,,,,,,,,0.032,GREEN,2026-09-03T09:00:00+00:00,2026-09-03T11:00:00+02:00,EXPERIMENTAL / NOT CALIBRATED
71005,RAŽANJ,RAŽANJ,РАЖАЊ,57,2026-09-03T09:00:00+00:00,2026-09-03T11:00:00+02:00,26.0,27.0,26.0,34.5,,,,,26.0,90.3,9.7,0.0,0.0,0.0,below_27,Без значајног топлотног стреса,GREEN,90.3,1,GEFS,,LOW,31,0,EXPERIMENTAL / NOT CALIBRATED,1.0,0.0,DAY,,NOT_APPLICABLE,False,False,,,,,,,,,,0.097,GREEN,2026-09-03T09:00:00+00:00,2026-09-03T11:00:00+02:00,EXPERIMENTAL / NOT CALIBRATED
70564,IVANJICA,IVANJICA,ИВАЊИЦА,57,2026-09-03T09:00:00+00:00,2026-09-03T11:00:00+02:00,22.4,23.1,22.4,40.5,,,,,22.4,100.0,0.0,0.0,0.0,0.0,below_27,Без значајног топлотног стреса,GREEN,100.0,1,GEFS,,LOW,31,0,EXPERIMENTAL / NOT CALIBRATED,1.0,0.0,DAY,,NOT_APPLICABLE,False,False,,,,,,,,,,0.0,GREEN,2026-09-03T09:00:00+00:00,2026-09-03T11:00:00+02:00,EXPERIMENTAL / NOT CALIBRATED
70742,LUČANI,LUČANI,ЛУЧАНИ,57,2026-09-03T09:00:00+00:00,2026-09-03T11:00:00+02:00,24.8,25.9,24.8,35.9,,,,,24.8,100.0,0.0,0.0,0.0,0.0,below_27,Без значајног топлотног стреса,GREEN,100.0,1,GEFS,,LOW,31,0,EXPERIMENTAL / NOT CALIBRATED,1.0,0.0,DAY,,NOT_APPLICABLE,False,False,,,,,,,,,,0.0,GREEN,2026-09-03T09:00:00+00:00,2026-09-03T11:00:00+02:00,EXPERIMENTAL / NOT CALIBRATED
71242,ČAČAK-GRAD,ČAČAK-GRAD,ЧАЧАК-ГРАД,57,2026-09-03T09:00:00+00:00,2026-09-03T11:00:00+02:00,26.4,27.0,26.5,32.1,,,,,26.4,90.3,9.7,0.0,0.0,0.0,below_27,Без значајног топлотног стреса,GREEN,90.3,1,GEFS,,LOW,31,0,EXPERIMENTAL / NOT CALIBRATED,1.0,0.0,DAY,,NOT_APPLICABLE,False,False,,,,,,,,,,0.097,GREEN,2026-09-03T09:00:00+00:00,2026-09-03T11:00:00+02:00,EXPERIMENTAL / NOT CALIBRATED
70483,GORNJI MILANOVAC,GORNJI MILANOVAC,ГОРЊИ МИЛАНОВАЦ,57,2026-09-03T09:00:00+00:00,2026-09-03T11:00:00+02:00,25.7,26.7,25.7,35.3,,,,,25.7,96.8,3.2,0.0,0.0,0.0,below_27,Без значајног топлотног стреса,GREEN,96.8,1,GEFS,,LOW,31,0,EXPERIMENTAL / NOT CALIBRATED,1.0,0.0,DAY,,NOT_APPLICABLE,False,False,,,,,,,,,,0.032,GREEN,2026-09-03T09:00:00+00:00,2026-09-03T11:00:00+02:00,EXPERIMENTAL / NOT CALIBRATED
70599,KNIĆ,KNIĆ,КНИЋ,57,2026-09-03T09:00:00+00:00,2026-09-03T11:00:00+02:00,26.4,26.9,26.4,33.2,,,,,26.4,93.5,6.5,0.0,0.0,0.0,below_27,Без значајног топлотног стреса,GREEN,93.5,1,GEFS,,LOW,31,0,EXPERIMENTAL / NOT CALIBRATED,1.0,0.0,DAY,,NOT_APPLICABLE,False,False,,,,,,,,,,0.065,GREEN,2026-09-03T09:00:00+00:00,2026-09-03T11:00:00+02:00,EXPERIMENTAL / NOT CALIBRATED
70645,KRAGUJEVAC-GRAD,KRAGUJEVAC-GRAD,КРАГУЈЕВАЦ-ГРАД,57,2026-09-03T09:00:00+00:00,2026-09-03T11:00:00+02:00,26.4,26.9,26.4,33.2,,,,,26.4,93.5,6.5,0.0,0.0,0.0,below_27,Без значајног топлотног стреса,GREEN,93.5,1,GEFS,,LOW,31,0,EXPERIMENTAL / NOT CALIBRATED,1.0,0.0,DAY,,NOT_APPLICABLE,False,False,,,,,,,,,,0.065,GREEN,2026-09-03T09:00:00+00:00,2026-09-03T11:00:00+02:00,EXPERIMENTAL / NOT CALIBRATED
70076,BATOČINA,BATOČINA,БАТОЧИНА,57,2026-09-03T09:00:00+00:00,2026-09-03T11:00:00+02:00,27.0,27.7,27.8,30.4,,,,,27.0,51.6,48.4,0.0,0.0,0.0,below_27,Без значајног топлотног стреса,GREEN,51.6,1,GEFS,,LOW,31,0,EXPERIMENTAL / NOT CALIBRATED,1.0,0.0,DAY,,NOT_APPLICABLE,False,False,,,,,,,,,,0.484,GREEN,2026-09-03T09:00:00+00:00,2026-09-03T11:00:00+02:00,EXPERIMENTAL / NOT CALIBRATED
71277,LAPOVO,LAPOVO,ЛАПОВО,57,2026-09-03T09:00:00+00:00,2026-09-03T11:00:00+02:00,27.0,27.7,27.8,30.4,,,,,27.0,51.6,48.4,0.0,0.0,0.0,below_27,Без значајног топлотног стреса,GREEN,51.6,1,GEFS,,LOW,31,0,EXPERIMENTAL / NOT CALIBRATED,1.0,0.0,DAY,,NOT_APPLICABLE,False,False,,,,,,,,,,0.484,GREEN,2026-09-03T09:00:00+00:00,2026-09-03T11:00:00+02:00,EXPERIMENTAL / NOT CALIBRATED
71013,RAČA,RAČA,РАЧА,57,2026-09-03T09:00:00+00:00,2026-09-03T11:00:00+02:00,27.0,27.7,27.8,30.4,,,,,27.0,51.6,48.4,0.0,0.0,0.0,below_27,Без значајног топлотног стреса,GREEN,51.6,1,GEFS,,LOW,31,0,EXPERIMENTAL / NOT CALIBRATED,1.0,0.0,DAY,,NOT_APPLICABLE,False,False,,,,,,,,,,0.484,GREEN,2026-09-03T09:00:00+00:00,2026-09-03T11:00:00+02:00,EXPERIMENTAL / NOT CALIBRATED
71153,TOPOLA,TOPOLA,ТОПОЛА,57,2026-09-03T09:00:00+00:00,2026-09-03T11:00:00+02:00,26.6,27.4,27.0,32.1,,,,,26.6,67.7,32.3,0.0,0.0,0.0,below_27,Без значајног топлотног стреса,GREEN,67.7,1,GEFS,,LOW,31,0,EXPERIMENTAL / NOT CALIBRATED,1.0,0.0,DAY,,NOT_APPLICABLE,False,False,,,,,,,,,,0.323,GREEN,2026-09-03T09:00:00+00:00,2026-09-03T11:00:00+02:00,EXPERIMENTAL / NOT CALIBRATED
70033,ARANĐELOVAC,ARANĐELOVAC,АРАНЂЕЛОВАЦ,57,2026-09-03T09:00:00+00:00,2026-09-03T11:00:00+02:00,26.4,27.1,26.4,33.4,,,,,26.4,83.9,16.1,0.0,0.0,0.0,below_27,Без значајног топлотног стреса,GREEN,83.9,1,GEFS,,LOW,31,0,EXPERIMENTAL / NOT CALIBRATED,1.0,0.0,DAY,,NOT_APPLICABLE,False,False,,,,,,,,,,0.161,GREEN,2026-09-03T09:00:00+00:00,2026-09-03T11:00:00+02:00,EXPERIMENTAL / NOT CALIBRATED
70548,ŽITORAĐA,ŽITORAĐA,ЖИТОРАЂА,57,2026-09-03T09:00:00+00:00,2026-09-03T11:00:00+02:00,25.8,26.6,25.8,35.8,,,,,25.8,96.8,3.2,0.0,0.0,0.0,below_27,Без значајног топлотног стреса,GREEN,96.8,1,GEFS,,LOW,31,0,EXPERIMENTAL / NOT CALIBRATED,1.0,0.0,DAY,,NOT_APPLICABLE,False,False,,,,,,,,,,0.032,GREEN,2026-09-03T09:00:00+00:00,2026-09-03T11:00:00+02:00,EXPERIMENTAL / NOT CALIBRATED
70688,KURŠUMLIJA,KURŠUMLIJA,КУРШУМЛИЈА,57,2026-09-03T09:00:00+00:00,2026-09-03T11:00:00+02:00,23.5,24.6,23.5,43.7,,,,,23.5,100.0,0.0,0.0,0.0,0.0,below_27,Без значајног топлотног стреса,GREEN,100.0,1,GEFS,,LOW,31,0,EXPERIMENTAL / NOT CALIBRATED,1.0,0.0,DAY,,NOT_APPLICABLE,False,False,,,,,,,,,,0.0,GREEN,2026-09-03T09:00:00+00:00,2026-09-03T11:00:00+02:00,EXPERIMENTAL / NOT CALIBRATED
70998,PROKUPLJE,PROKUPLJE,ПРОКУПЉЕ,57,2026-09-03T09:00:00+00:00,2026-09-03T11:00:00+02:00,25.3,26.3,25.3,37.4,,,,,25.3,100.0,0.0,0.0,0.0,0.0,below_27,Без значајног топлотног стреса,GREEN,100.0,1,GEFS,,LOW,31,0,EXPERIMENTAL / NOT CALIBRATED,1.0,0.0,DAY,,NOT_APPLICABLE,False,False,,,,,,,,,,0.0,GREEN,2026-09-03T09:00:00+00:00,2026-09-03T11:00:00+02:00,EXPERIMENTAL / NOT CALIBRATED
70262,BLACE,BLACE,БЛАЦЕ,57,2026-09-03T09:00:00+00:00,2026-09-03T11:00:00+02:00,24.2,25.3,24.2,38.6,,,,,24.2,100.0,0.0,0.0,0.0,0.0,below_27,Без значајног топлотног стреса,GREEN,100.0,1,GEFS,,LOW,31,0,EXPERIMENTAL / NOT CALIBRATED,1.0,0.0,DAY,,NOT_APPLICABLE,False,False,,,,,,,,,,0.0,GREEN,2026-09-03T09:00:00+00:00,2026-09-03T11:00:00+02:00,EXPERIMENTAL / NOT CALIBRATED
